z,volumeWeightedAvg
3.472704499999999778e-05,9.997920517100001847e-01
1.041811450000000008e-04,9.996321581144227419e-01
1.736352500000000042e-04,9.994964863866534488e-01
2.430893500000000005e-04,9.993763271212479093e-01
3.125434500000000239e-04,9.992644120978940725e-01
3.819974999999999760e-04,9.991598219384627555e-01
4.514515499999999823e-04,9.990600571392834750e-01
5.209056500000000057e-04,9.989646530256829360e-01
5.903597499999999748e-04,9.988725789121294385e-01
6.598138500000000524e-04,9.987834735350259452e-01
7.292679500000000216e-04,9.986968374377059865e-01
7.987220499999999907e-04,9.986124020904880716e-01
8.681761499999999599e-04,9.985298854025952409e-01
9.376302500000000375e-04,9.984490936887204793e-01
1.007084149999999938e-03,9.983698474236101239e-01
1.076537999999999931e-03,9.982920053345658573e-01
1.145992499999999928e-03,9.982154417108013433e-01
1.215446999999999925e-03,9.981400543504268530e-01
1.284900999999999969e-03,9.980657503275608411e-01
1.354355000000000012e-03,9.979924501423992345e-01
1.423809000000000055e-03,9.979200833993556730e-01
1.493263000000000099e-03,9.978485878804022047e-01
1.562716999999999926e-03,9.977779079826253339e-01
1.632170999999999969e-03,9.977079938793339542e-01
1.701625000000000013e-03,9.976388006702071598e-01
1.771079000000000056e-03,9.975702877270987701e-01
1.840533000000000100e-03,9.975024180886898906e-01
1.909987500000000097e-03,9.974351571716491005e-01
1.979442000000000094e-03,9.973684758872801703e-01
2.048896000000000137e-03,9.973023449821539765e-01
2.118350000000000181e-03,9.972367382583549045e-01
2.187803999999999791e-03,9.971716315510822382e-01
2.257257999999999834e-03,9.971070025206113518e-01
2.326711999999999878e-03,9.970428303712505214e-01
2.396165999999999921e-03,9.969790958067652475e-01
2.465619999999999964e-03,9.969157807509185787e-01
2.535074000000000008e-03,9.968528683056655515e-01
2.604528000000000051e-03,9.967903426447144444e-01
2.673982499999999832e-03,9.967281880647180792e-01
2.743437000000000046e-03,9.966663923558385374e-01
2.812891000000000089e-03,9.966049415821628399e-01
2.882345000000000133e-03,9.965438234031026576e-01
2.951799000000000176e-03,9.964830261124356658e-01
3.021252999999999786e-03,9.964225386387081107e-01
3.090706999999999829e-03,9.963623505293742744e-01
3.160160999999999873e-03,9.963024518371585980e-01
3.229614999999999916e-03,9.962428332187621693e-01
3.299068999999999960e-03,9.961834857449488601e-01
3.368523000000000003e-03,9.961244009307012037e-01
3.437977499999999784e-03,9.960655698764395716e-01
3.507431999999999998e-03,9.960069864271561269e-01
3.576886000000000041e-03,9.959486424522088210e-01
3.646340000000000085e-03,9.958905308598976491e-01
3.715794000000000128e-03,9.958326449809187242e-01
3.785248000000000172e-03,9.957749783795371012e-01
3.854702000000000215e-03,9.957175249042387044e-01
3.924155999999999825e-03,9.956602786788656401e-01
3.993609999999999868e-03,9.956032340021103710e-01
4.063063999999999912e-03,9.955463854870613138e-01
4.132517999999999955e-03,9.954897278640674196e-01
4.201972499999999736e-03,9.954332553830186336e-01
4.271427000000000383e-03,9.953769647906188789e-01
4.340881000000000427e-03,9.953208506810045098e-01
4.410334999999999603e-03,9.952649086197695727e-01
4.479788999999999646e-03,9.952091342391544693e-01
4.549242999999999690e-03,9.951535233995320029e-01
4.618696999999999733e-03,9.950980720549834624e-01
4.688150999999999777e-03,9.950427763300732087e-01
4.757604999999999820e-03,9.949876325552157175e-01
4.827058999999999864e-03,9.949326371195078567e-01
4.896512999999999907e-03,9.948777865753869465e-01
4.965967499999999687e-03,9.948230767662487040e-01
5.035422000000000335e-03,9.947685059278745801e-01
5.104876000000000379e-03,9.947140701508999650e-01
5.174330000000000422e-03,9.946597663307040760e-01
5.243783999999999598e-03,9.946055915378183565e-01
5.313237999999999642e-03,9.945515428736708685e-01
5.382691999999999685e-03,9.944976176141546720e-01
5.452145999999999729e-03,9.944438130142636556e-01
5.521599999999999772e-03,9.943901264457325473e-01
5.591053999999999816e-03,9.943365553859504491e-01
5.660507999999999859e-03,9.942830972766685260e-01
5.729962499999999639e-03,9.942297490493180456e-01
5.799417000000000287e-03,9.941765098215796792e-01
5.868871000000000331e-03,9.941233766419559359e-01
5.938325000000000374e-03,9.940703472829750531e-01
6.007779000000000418e-03,9.940174195388403744e-01
6.077232999999999594e-03,9.939645913317369796e-01
6.146686999999999637e-03,9.939118605571475307e-01
6.216140999999999681e-03,9.938592252890127154e-01
6.285594999999999724e-03,9.938066836128706116e-01
6.355048999999999768e-03,9.937542336629363593e-01
6.424502999999999811e-03,9.937018736155632803e-01
6.493957499999999591e-03,9.936496009066952961e-01
6.563412000000000239e-03,9.935974152362748724e-01
6.632866000000000282e-03,9.935453141410656164e-01
6.702320000000000326e-03,9.934932959923739038e-01
6.771774000000000369e-03,9.934413592044789576e-01
6.841228000000000413e-03,9.933895021878186293e-01
6.910681999999999589e-03,9.933377234379416887e-01
6.980135999999999633e-03,9.932860213721486087e-01
7.049589999999999676e-03,9.932343945401663765e-01
7.119043999999999719e-03,9.931828414625852863e-01
7.188497999999999763e-03,9.931313607395594323e-01
7.257952500000000411e-03,9.930799503638412240e-01
7.327407000000000191e-03,9.930286103741503556e-01
7.396861000000000234e-03,9.929773388155753722e-01
7.466315000000000278e-03,9.929261343280576524e-01
7.535769000000000321e-03,9.928749956519749009e-01
7.605223000000000365e-03,9.928239215373706461e-01
7.674677000000000408e-03,9.927729107634957195e-01
7.744130999999999584e-03,9.927219622339200633e-01
7.813584999999999628e-03,9.926710747672476964e-01
7.883038999999999671e-03,9.926202472807733601e-01
7.952492999999999715e-03,9.925694786353403964e-01
8.021947499999999495e-03,9.925187670430907216e-01
8.091401999999999275e-03,9.924681128421619647e-01
8.160855999999999319e-03,9.924175142846738407e-01
8.230309999999999362e-03,9.923669704164259642e-01
8.299763999999999406e-03,9.923164802283377384e-01
8.369217999999999449e-03,9.922660427937496364e-01
8.438671999999999493e-03,9.922156571228549771e-01
8.508125999999999536e-03,9.921653222459888566e-01
8.577579999999999580e-03,9.921150372694511610e-01
8.647033999999999623e-03,9.920648012234505320e-01
8.716487999999999667e-03,9.920146133154520429e-01
8.785942499999999447e-03,9.919644720014443307e-01
8.855396999999999227e-03,9.919143778327540462e-01
8.924850999999999271e-03,9.918643293356900204e-01
8.994304999999999314e-03,9.918143256122609053e-01
9.063758999999999358e-03,9.917643659094390607e-01
9.133212999999999401e-03,9.917144493884831880e-01
9.202666999999999445e-03,9.916645753249044848e-01
9.272120999999999488e-03,9.916147430005668451e-01
9.341574999999999532e-03,9.915649516599220892e-01
9.411028999999999575e-03,9.915152006074878788e-01
9.480482999999999619e-03,9.914654890622002226e-01
9.549937499999999399e-03,9.914158156844042891e-01
9.619391999999999179e-03,9.913661811268654755e-01
9.688845999999999223e-03,9.913165840871759338e-01
9.758299999999999266e-03,9.912670239411176532e-01
9.827753999999999310e-03,9.912175000371471478e-01
9.897207999999999353e-03,9.911680117883574503e-01
9.966662499999999134e-03,9.911185578518784123e-01
1.003611499999999997e-02,9.910691416326312675e-01
1.010556999999999948e-02,9.910197524037508421e-01
1.017502500000000074e-02,9.909704029928412261e-01
1.024448000000000025e-02,9.909210795576178787e-01
1.031393499999999977e-02,9.908717949226808486e-01
1.038338500000000018e-02,9.908225418595192346e-01
1.045283999999999970e-02,9.907733129787880122e-01
1.052229499999999922e-02,9.907241211769131084e-01
1.059175000000000047e-02,9.906749526209316370e-01
1.066120499999999999e-02,9.906258201517861295e-01
1.073065500000000040e-02,9.905767166269147106e-01
1.080010999999999992e-02,9.905276347339861953e-01
1.086956499999999944e-02,9.904785874358612574e-01
1.093902000000000069e-02,9.904295609515934018e-01
1.100847500000000020e-02,9.903805681182148435e-01
1.107792500000000062e-02,9.903316017891787837e-01
1.114738000000000014e-02,9.902826546992615775e-01
1.121683499999999965e-02,9.902337398691027914e-01
1.128628999999999917e-02,9.901848435974540674e-01
1.135574500000000042e-02,9.901359788159606046e-01
1.142519500000000084e-02,9.900871384249718687e-01
1.149465000000000035e-02,9.900383151807594651e-01
1.156410499999999987e-02,9.899895220753157643e-01
1.163355999999999939e-02,9.899407454335240608e-01
1.170301500000000064e-02,9.898919981416398617e-01
1.177247000000000016e-02,9.898432666233397681e-01
1.184192499999999967e-02,9.897945637599659952e-01
1.191137500000000009e-02,9.897458825543266059e-01
1.198082999999999960e-02,9.896972158186256863e-01
1.205028500000000086e-02,9.896485765285455427e-01
1.211974000000000037e-02,9.895999511229988110e-01
1.218919499999999989e-02,9.895513525533951027e-01
1.225864500000000031e-02,9.895027738881339019e-01
1.232809999999999982e-02,9.894542080521558924e-01
1.239755499999999934e-02,9.894056680478181542e-01
1.246701000000000059e-02,9.893571403281189447e-01
1.253646500000000011e-02,9.893086378133749692e-01
1.260591500000000052e-02,9.892601535334292207e-01
1.267537000000000004e-02,9.892116804730162194e-01
1.274482499999999956e-02,9.891632316426415272e-01
1.281428000000000081e-02,9.891147935886439591e-01
1.288373500000000033e-02,9.890663792749448957e-01
1.295318500000000074e-02,9.890179817281058439e-01
1.302264000000000026e-02,9.889695939774819644e-01
1.309209499999999977e-02,9.889212289908427822e-01
1.316154999999999929e-02,9.888728733777548685e-01
1.323100500000000054e-02,9.888245400766330073e-01
1.330046000000000006e-02,9.887762156678686631e-01
1.336991499999999958e-02,9.887279131004649280e-01
1.343936499999999999e-02,9.886796254916229154e-01
1.350881999999999951e-02,9.886313458592369541e-01
1.357827500000000076e-02,9.885830871937972830e-01
1.364773000000000028e-02,9.885348361433299313e-01
1.371718499999999979e-02,9.884866057044607857e-01
1.378663500000000021e-02,9.884383890330225020e-01
1.385608999999999973e-02,9.883901792416454057e-01
1.392554499999999924e-02,9.883419893023625002e-01
1.399500000000000050e-02,9.882938058928685265e-01
1.406445500000000001e-02,9.882456419682007498e-01
1.413390500000000043e-02,9.881974906731874064e-01
1.420335999999999994e-02,9.881493452067868777e-01
1.427281499999999946e-02,9.881012185337464393e-01
1.434227000000000071e-02,9.880530974062484706e-01
1.441172500000000023e-02,9.880049947742952643e-01
1.448117500000000064e-02,9.879569037747421012e-01
1.455063000000000016e-02,9.879088176026652457e-01
1.462008499999999968e-02,9.878607491828543807e-01
1.468953999999999920e-02,9.878126853553081954e-01
1.475899500000000045e-02,9.877646390119779740e-01
1.482844999999999996e-02,9.877165969041028504e-01
1.489790499999999948e-02,9.876685720069732222e-01
1.496735499999999990e-02,9.876205574957802602e-01
1.503680999999999941e-02,9.875725465801976632e-01
1.510626500000000066e-02,9.875245522293295553e-01
1.517572000000000018e-02,9.874765612829881078e-01
1.524517499999999970e-02,9.874285867169478870e-01
1.531462500000000011e-02,9.873806217766072368e-01
1.538407999999999963e-02,9.873326597059478571e-01
1.545353499999999915e-02,9.872847134053613916e-01
1.552299000000000040e-02,9.872367697410557863e-01
1.559244499999999992e-02,9.871888416427643254e-01
1.566189499999999860e-02,9.871409224029189522e-01
1.573135000000000158e-02,9.870930053212724209e-01
1.580080500000000110e-02,9.870451033221019355e-01
1.587026000000000062e-02,9.869972033351585017e-01
1.593971500000000013e-02,9.869493182287915056e-01
1.600916499999999881e-02,9.869014412887640031e-01
1.607861999999999833e-02,9.868535657938910521e-01
1.614807500000000132e-02,9.868057046810941868e-01
1.621753000000000083e-02,9.867578449329778012e-01
1.628698500000000035e-02,9.867099993735310992e-01
1.635643999999999987e-02,9.866621549148850701e-01
1.642589499999999939e-02,9.866143244790155364e-01
1.649534500000000153e-02,9.865665013479889556e-01
1.656480000000000105e-02,9.865186788293301978e-01
1.663425500000000057e-02,9.864708698695832112e-01
1.670371000000000009e-02,9.864230614648645812e-01
1.677316499999999960e-02,9.863752665257740082e-01
1.684261499999999828e-02,9.863274784011026863e-01
1.691207000000000127e-02,9.862796903753503486e-01
1.698152500000000079e-02,9.862319153529041094e-01
1.705098000000000030e-02,9.861841403317019861e-01
1.712043499999999982e-02,9.861363782141859824e-01
1.718988499999999850e-02,9.860886224292576552e-01
1.725934000000000149e-02,9.860408662759618803e-01
1.732879500000000100e-02,9.859931226941635041e-01
1.739825000000000052e-02,9.859453786841733125e-01
1.746770500000000004e-02,9.858976470889849741e-01
1.753715499999999872e-02,9.858499213237101877e-01
1.760661000000000170e-02,9.858021946674726532e-01
1.767606500000000122e-02,9.857544801225196496e-01
1.774552000000000074e-02,9.857067647152307766e-01
1.781497500000000025e-02,9.856590612526683337e-01
1.788442999999999977e-02,9.856113567672790676e-01
1.795388499999999929e-02,9.855636641263860742e-01
1.802333500000000144e-02,9.855159767328461884e-01
1.809279000000000096e-02,9.854682879156300146e-01
1.816224500000000047e-02,9.854206106466527615e-01
1.823169999999999999e-02,9.853729319784612084e-01
1.830115499999999951e-02,9.853252647934515052e-01
1.837060500000000166e-02,9.852776025302648621e-01
1.844006000000000117e-02,9.852299384509697333e-01
1.850951500000000069e-02,9.851822855207813534e-01
1.857897000000000021e-02,9.851346307844410788e-01
1.864842499999999972e-02,9.850869871549583490e-01
1.871787499999999840e-02,9.850393481345939284e-01
1.878733000000000139e-02,9.849917070082511161e-01
1.885678500000000091e-02,9.849440767688323328e-01
1.892624000000000042e-02,9.848964444055601231e-01
1.899569499999999994e-02,9.848488227997957978e-01
1.906514499999999862e-02,9.848012054345638422e-01
1.913460000000000161e-02,9.847535856193779802e-01
1.920405500000000112e-02,9.847059764037466856e-01
1.927351000000000064e-02,9.846583647924073146e-01
1.934296500000000016e-02,9.846107636260726936e-01
1.941241999999999968e-02,9.845631599445872073e-01
1.948187499999999919e-02,9.845155666137018757e-01
1.955132500000000134e-02,9.844679771275298696e-01
1.962078000000000086e-02,9.844203848142851765e-01
1.969023500000000038e-02,9.843728026997515812e-01
1.975968999999999989e-02,9.843252178361842075e-01
1.982914499999999941e-02,9.842776431298738693e-01
1.989859500000000156e-02,9.842300720409787873e-01
1.996805000000000108e-02,9.841824978537584423e-01
2.003750500000000059e-02,9.841349335902164208e-01
2.010696000000000011e-02,9.840873662742117833e-01
2.017641499999999963e-02,9.840398088731414639e-01
2.024586499999999831e-02,9.839922548739644670e-01
2.031532000000000129e-02,9.839446975879561075e-01
2.038477500000000081e-02,9.838971500290001337e-01
2.045423000000000033e-02,9.838495991794523610e-01
2.052368499999999985e-02,9.838020579976743951e-01
2.059313499999999852e-02,9.837545199596253731e-01
2.066259000000000151e-02,9.837069784436803799e-01
2.073204500000000103e-02,9.836594464824600648e-01
2.080150000000000055e-02,9.836119110832689527e-01
2.087095500000000006e-02,9.835643851272781735e-01
2.094040999999999958e-02,9.835168556215033719e-01
2.100986499999999910e-02,9.834693354917920516e-01
2.107931500000000125e-02,9.834218182386451623e-01
2.114877000000000076e-02,9.833742972301799945e-01
2.121822500000000028e-02,9.833267855072586050e-01
2.128767999999999980e-02,9.832792700952319720e-01
2.135713499999999931e-02,9.832317639546923616e-01
2.142658500000000146e-02,9.831842605176231986e-01
2.149604000000000098e-02,9.831367531358404799e-01
2.156549500000000050e-02,9.830892548339392745e-01
2.163495000000000001e-02,9.830417526570407460e-01
2.170440499999999953e-02,9.829942596082287265e-01
2.177385500000000168e-02,9.829467691287753217e-01
2.184331000000000120e-02,9.828992745996093516e-01
2.191276500000000071e-02,9.828517889843687572e-01
2.198222000000000023e-02,9.828042993066258282e-01
2.205167499999999975e-02,9.827568185625549235e-01
2.212112499999999843e-02,9.827093402038066250e-01
2.219058000000000141e-02,9.826618576814856176e-01
2.226003500000000093e-02,9.826143839661058976e-01
2.232949000000000045e-02,9.825669061195174692e-01
2.239894499999999997e-02,9.825194370099209484e-01
2.246839999999999948e-02,9.824719636634132724e-01
2.253785499999999900e-02,9.824244990642795328e-01
2.260730500000000115e-02,9.823770366844845059e-01
2.267676000000000067e-02,9.823295699575597117e-01
2.274621500000000018e-02,9.822821118693928488e-01
2.281566999999999970e-02,9.822346494667800743e-01
2.288512499999999922e-02,9.821871957161502076e-01
2.295457500000000137e-02,9.821397440221631969e-01
2.302403000000000088e-02,9.820922878301597825e-01
2.309348500000000040e-02,9.820448401146038009e-01
2.316293999999999992e-02,9.819973879941283901e-01
2.323239499999999944e-02,9.819499444559465218e-01
2.330184500000000158e-02,9.819025029314416564e-01
2.337130000000000110e-02,9.818550568589787808e-01
2.344075500000000062e-02,9.818076191453067869e-01
2.351021000000000014e-02,9.817601769102516363e-01
2.357966499999999965e-02,9.817127431006976712e-01
2.364911499999999833e-02,9.816653111932184261e-01
2.371857000000000132e-02,9.816178746591863735e-01
2.378802500000000084e-02,9.815704464079620939e-01
2.385748000000000035e-02,9.815230135774981601e-01
2.392693499999999987e-02,9.814755889791828558e-01
2.399638999999999939e-02,9.814281597139499214e-01
2.406584499999999890e-02,9.813807387616838573e-01
2.413529500000000105e-02,9.813333195986778668e-01
2.420475000000000057e-02,9.812858957072773114e-01
2.427420500000000009e-02,9.812384800093385540e-01
2.434365999999999960e-02,9.811910596213342384e-01
2.441311499999999912e-02,9.811436474460096813e-01
2.448256500000000127e-02,9.810962369332570931e-01
2.455202000000000079e-02,9.810488215596565587e-01
2.462147500000000030e-02,9.810014142626052314e-01
2.469092999999999982e-02,9.809540022316102226e-01
2.476038499999999934e-02,9.809065983799921673e-01
2.482983500000000149e-02,9.808591961783101887e-01
2.489929000000000101e-02,9.808117890639627134e-01
2.496874500000000052e-02,9.807643899394471454e-01
2.503820000000000004e-02,9.807169859921515132e-01
2.510765499999999956e-02,9.806695901309411267e-01
2.517710500000000171e-02,9.806221958846714770e-01
2.524656000000000122e-02,9.805747966840272500e-01
2.531601500000000074e-02,9.805274054488237745e-01
2.538547000000000026e-02,9.804800093340604317e-01
2.545492499999999977e-02,9.804326211214478004e-01
2.552437999999999929e-02,9.803852279959579530e-01
2.559383499999999881e-02,9.803378428781150955e-01
2.566328500000000096e-02,9.802904592815518958e-01
2.573274000000000047e-02,9.802430706686542372e-01
2.580219499999999999e-02,9.801956899405982471e-01
2.587164999999999951e-02,9.801483042677637814e-01
2.594110499999999903e-02,9.801009265114390967e-01
2.601055500000000117e-02,9.800535502048429715e-01
2.608001000000000069e-02,9.800061688025378803e-01
2.614946500000000021e-02,9.799587952520821821e-01
2.621891999999999973e-02,9.799114167532182451e-01
2.628837499999999924e-02,9.798640461635756971e-01
2.635782500000000139e-02,9.798166770064176134e-01
2.642728000000000091e-02,9.797693026753260259e-01
2.649673500000000043e-02,9.797219361226535694e-01
2.656618999999999994e-02,9.796745645422502147e-01
2.663564499999999946e-02,9.796272008306031731e-01
2.670509500000000161e-02,9.795798385578595724e-01
2.677455000000000113e-02,9.795324711063804202e-01
2.684400500000000064e-02,9.794851114394489411e-01
2.691346000000000016e-02,9.794377466857239201e-01
2.698291499999999968e-02,9.793903896557895061e-01
2.705236999999999919e-02,9.793430275510842664e-01
2.712182499999999871e-02,9.792956732557932531e-01
2.719127500000000086e-02,9.792483203406210368e-01
2.726073000000000038e-02,9.792009622093110766e-01
2.733018499999999990e-02,9.791536117988259846e-01
2.739963999999999941e-02,9.791062562714937245e-01
2.746909499999999893e-02,9.790589084853137392e-01
2.753854500000000108e-02,9.790115620290034126e-01
2.760800000000000060e-02,9.789642103134477136e-01
2.767745500000000011e-02,9.789168663268676962e-01
2.774690999999999963e-02,9.788695172227409591e-01
2.781636499999999915e-02,9.788221758691488805e-01
2.788581500000000130e-02,9.787748358042529517e-01
2.795527000000000081e-02,9.787274904100254913e-01
2.802472500000000033e-02,9.786801526975601462e-01
2.809417999999999985e-02,9.786328098227694561e-01
2.816363499999999936e-02,9.785854747195629200e-01
2.823308500000000151e-02,9.785381409234927830e-01
2.830254000000000103e-02,9.784908018024227605e-01
2.837199500000000055e-02,9.784434703466464711e-01
2.844145000000000006e-02,9.783961336539375164e-01
2.851090499999999958e-02,9.783488045971351355e-01
2.858035999999999910e-02,9.783014703593596595e-01
2.864981499999999862e-02,9.782541438447018844e-01
2.871926500000000076e-02,9.782068186178262126e-01
2.878872000000000028e-02,9.781594880546008453e-01
2.885817499999999980e-02,9.781121651345813239e-01
2.892762999999999932e-02,9.780648369787909857e-01
2.899708499999999883e-02,9.780175165105792212e-01
2.906653500000000098e-02,9.779701972954063516e-01
2.913599000000000050e-02,9.779228727444234659e-01
2.920544500000000002e-02,9.778755558625372712e-01
2.927489999999999953e-02,9.778282337532130386e-01
2.934435499999999905e-02,9.777809193288384826e-01
2.941380500000000120e-02,9.777336061032779746e-01
2.948326000000000072e-02,9.776862875066162362e-01
2.955271500000000023e-02,9.776389765447186520e-01
2.962216999999999975e-02,9.775916603486590750e-01
2.969162499999999927e-02,9.775443518768731632e-01
2.976107500000000142e-02,9.774970446145407887e-01
2.983053000000000093e-02,9.774497319877794022e-01
2.989998500000000045e-02,9.774024269494443473e-01
2.996943999999999997e-02,9.773551166268732437e-01
3.003889499999999949e-02,9.773078139146045284e-01
3.010834999999999900e-02,9.772605059576462416e-01
3.017780499999999852e-02,9.772132057054421228e-01
3.024725500000000067e-02,9.771659066794172732e-01
3.031671000000000019e-02,9.771186022751017219e-01
3.038616499999999970e-02,9.770713054586659396e-01
3.045561999999999922e-02,9.770240033555533943e-01
3.052507499999999874e-02,9.769767089309793207e-01
3.059452500000000089e-02,9.769294157138938006e-01
3.066398000000000040e-02,9.768821171630873712e-01
3.073343499999999992e-02,9.768348262382338110e-01
3.080288999999999944e-02,9.767875300460634458e-01
3.087234499999999895e-02,9.767402415221674294e-01
3.094179500000000110e-02,9.766929541494090428e-01
3.101125000000000062e-02,9.766456614216036947e-01
3.108070500000000014e-02,9.765983763012177077e-01
3.115015999999999965e-02,9.765510859479061834e-01
3.121961499999999917e-02,9.765038032942089385e-01
3.128906499999999785e-02,9.764565218064983343e-01
3.135852000000000084e-02,9.764092349574239327e-01
3.142797499999999689e-02,9.763619556593851057e-01
3.149742999999999987e-02,9.763146711078782847e-01
3.156688500000000286e-02,9.762673941710457992e-01
3.163633999999999891e-02,9.762201120005570276e-01
3.170579500000000189e-02,9.761728375484850506e-01
3.177524500000000057e-02,9.761255642820722001e-01
3.184469999999999662e-02,9.760782856539068630e-01
3.191415499999999961e-02,9.760310145893709155e-01
3.198361000000000259e-02,9.759837382535332395e-01
3.205306499999999864e-02,9.759364696101733294e-01
3.212251499999999732e-02,9.758892021753435841e-01
3.219197000000000031e-02,9.758419294376201591e-01
3.226142500000000329e-02,9.757946643013162280e-01
3.233087999999999934e-02,9.757473939310813416e-01
3.240033500000000233e-02,9.757001312342153954e-01
3.246978500000000101e-02,9.756528697258316507e-01
3.253923999999999706e-02,9.756056029122697204e-01
3.260869500000000004e-02,9.755583437041226436e-01
3.267815000000000303e-02,9.755110793121332113e-01
3.274760499999999908e-02,9.754638226092415820e-01
3.281705499999999776e-02,9.754165670938800270e-01
3.288651000000000074e-02,9.753693062465002006e-01
3.295596499999999679e-02,9.753220529624702095e-01
3.302541999999999978e-02,9.752747944853822348e-01
3.309487500000000276e-02,9.752275436303899925e-01
3.316432999999999881e-02,9.751802875958794914e-01
3.323378500000000180e-02,9.751330392892708643e-01
3.330323500000000048e-02,9.750857921912151616e-01
3.337269000000000346e-02,9.750385397797958209e-01
3.344214499999999951e-02,9.749912949500726400e-01
3.351160000000000250e-02,9.749440449319334290e-01
3.358105499999999854e-02,9.748968026388905583e-01
3.365050499999999722e-02,9.748495616067001102e-01
3.371996000000000021e-02,9.748023153142867381e-01
3.378941500000000320e-02,9.747550766255801413e-01
3.385886999999999925e-02,9.747078327455618307e-01
3.392832500000000223e-02,9.746605965481440759e-01
3.399777500000000091e-02,9.746133616035560499e-01
3.406722999999999696e-02,9.745661213970773229e-01
3.413668499999999995e-02,9.745188888539398908e-01
3.420614000000000293e-02,9.744716511988468222e-01
3.427559499999999898e-02,9.744244212594235233e-01
3.434504499999999766e-02,9.743771925882979135e-01
3.441450000000000065e-02,9.743299586303739712e-01
3.448395499999999669e-02,9.742827323176774801e-01
3.455340999999999968e-02,9.742355008876004696e-01
3.462286500000000267e-02,9.741882771226534343e-01
3.469231999999999871e-02,9.741410482538161997e-01
3.476177500000000170e-02,9.740938271337058474e-01
3.483122500000000038e-02,9.740466072969720113e-01
3.490068000000000337e-02,9.739993822078991670e-01
3.497013499999999941e-02,9.739521647812429128e-01
3.503959000000000240e-02,9.739049422703230929e-01
3.510904499999999845e-02,9.738577275436507419e-01
3.517849499999999713e-02,9.738105141705111212e-01
3.524795000000000011e-02,9.737632955750438191e-01
3.531740500000000310e-02,9.737160846563767125e-01
3.538685999999999915e-02,9.736688686263723636e-01
3.545631500000000214e-02,9.736216603419243221e-01
3.552576500000000082e-02,9.735744534109939119e-01
3.559521999999999686e-02,9.735272412821802668e-01
3.566467499999999985e-02,9.734800368978536733e-01
3.573413000000000284e-02,9.734328274551725668e-01
3.580358499999999888e-02,9.733856257978978910e-01
3.587303499999999756e-02,9.733384254967086813e-01
3.594249000000000055e-02,9.732912199797529862e-01
3.601194499999999660e-02,9.732440222215680281e-01
3.608139999999999958e-02,9.731968194210687262e-01
3.615085500000000257e-02,9.731496243899154797e-01
3.622030999999999862e-02,9.731024243456400935e-01
3.628976500000000160e-02,9.730552321123022708e-01
3.635921500000000028e-02,9.730080412610594420e-01
3.642867000000000327e-02,9.729608452319781220e-01
3.649812499999999932e-02,9.729136569771394960e-01
3.656758000000000230e-02,9.728664637255193259e-01
3.663703499999999835e-02,9.728192783439225666e-01
3.670648499999999703e-02,9.727720944051564400e-01
3.677594000000000002e-02,9.727249053161208803e-01
3.684539500000000301e-02,9.726777240162183258e-01
3.691484999999999905e-02,9.726305376955154403e-01
3.698430500000000204e-02,9.725833592522915572e-01
3.705375500000000072e-02,9.725361822783644694e-01
3.712320999999999677e-02,9.724890002089530139e-01
3.719266499999999975e-02,9.724418259978213630e-01
3.726212000000000274e-02,9.723946467963048290e-01
3.733157499999999879e-02,9.723474754859982028e-01
3.740102499999999747e-02,9.723003056255041798e-01
3.747048000000000045e-02,9.722531306699144782e-01
3.753993500000000344e-02,9.722059635913674613e-01
3.760938999999999949e-02,9.721587915724051454e-01
3.767884500000000247e-02,9.721116274424963510e-01
3.774829999999999852e-02,9.720644583818941475e-01
3.781775500000000151e-02,9.720172972493812402e-01
3.788720500000000019e-02,9.719701376187336317e-01
3.795666000000000317e-02,9.719229729357329317e-01
3.802611499999999922e-02,9.718758161653037186e-01
3.809557000000000221e-02,9.718286545040598634e-01
3.816502499999999826e-02,9.717815008367710616e-01
3.823447499999999694e-02,9.717343487037261029e-01
3.830392999999999992e-02,9.716871915408443749e-01
3.837338500000000291e-02,9.716400422897107925e-01
3.844283999999999896e-02,9.715928881405432316e-01
3.851229500000000194e-02,9.715457420196331739e-01
3.858174500000000062e-02,9.714985974762855303e-01
3.865119999999999667e-02,9.714514479731489738e-01
3.872065499999999966e-02,9.714043064338424571e-01
3.879011000000000264e-02,9.713571600199544243e-01
3.885956499999999869e-02,9.713100216386689745e-01
3.892901499999999737e-02,9.712628848197819575e-01
3.899847000000000036e-02,9.712157430663844737e-01
3.906792500000000334e-02,9.711686093170396328e-01
3.913737999999999939e-02,9.711214707607965790e-01
3.920683500000000238e-02,9.710743402183219519e-01
3.927628999999999843e-02,9.710272048559792646e-01
3.934574500000000141e-02,9.709800775615107238e-01
3.941519500000000009e-02,9.709329518855457364e-01
3.948465000000000308e-02,9.708858213164253126e-01
3.955410499999999913e-02,9.708386987920334388e-01
3.962356000000000211e-02,9.707915715098942577e-01
3.969301499999999816e-02,9.707444523670958336e-01
3.976246499999999684e-02,9.706973348703207272e-01
3.983191999999999983e-02,9.706502125051057472e-01
3.990137500000000281e-02,9.706030981887913134e-01
3.997082999999999886e-02,9.705559791426090488e-01
4.004028500000000185e-02,9.705088682781634057e-01
4.010973500000000053e-02,9.704617591235533691e-01
4.017918999999999657e-02,9.704146451777572180e-01
4.024864499999999956e-02,9.703675393087429768e-01
4.031810000000000255e-02,9.703204287308736520e-01
4.038755499999999860e-02,9.702733263347198545e-01
4.045700499999999727e-02,9.702262256666889240e-01
4.052646000000000026e-02,9.701791202574217010e-01
4.059591500000000325e-02,9.701320229844609955e-01
4.066536999999999930e-02,9.700849210783767385e-01
4.073482500000000228e-02,9.700378273055628719e-01
4.080427999999999833e-02,9.699907288634678215e-01
4.087373500000000132e-02,9.699436386530579934e-01
4.094318500000000000e-02,9.698965502152753215e-01
4.101264000000000298e-02,9.698494570769791157e-01
4.108209499999999903e-02,9.698023721316141321e-01
4.115155000000000202e-02,9.697552826028709161e-01
4.122100499999999806e-02,9.697082013485559537e-01
4.129045499999999674e-02,9.696611218956647793e-01
4.135990999999999973e-02,9.696140377603557070e-01
4.142936500000000272e-02,9.695669618207204410e-01
4.149881999999999876e-02,9.695198813458689724e-01
4.156827500000000175e-02,9.694728091997677488e-01
4.163772500000000043e-02,9.694257389301534911e-01
4.170718000000000342e-02,9.693786640376252928e-01
4.177663499999999946e-02,9.693315973713120259e-01
4.184609000000000245e-02,9.692845261914188049e-01
4.191554499999999850e-02,9.692374633492603087e-01
4.198499499999999718e-02,9.691904024343738211e-01
4.205445000000000016e-02,9.691433369467121750e-01
4.212390500000000315e-02,9.690962797539665052e-01
4.219335999999999920e-02,9.690492181107316361e-01
4.226281500000000219e-02,9.690021647484633460e-01
4.233226999999999823e-02,9.689551069218690360e-01
4.240172500000000122e-02,9.689080574948809588e-01
4.247117499999999990e-02,9.688610100444252637e-01
4.254063000000000289e-02,9.688139580992909394e-01
4.261008499999999893e-02,9.687669145149889749e-01
4.267954000000000192e-02,9.687198665405772902e-01
4.274899499999999797e-02,9.686728269914032241e-01
4.281844499999999665e-02,9.686257894367681365e-01
4.288789999999999963e-02,9.685787473863196606e-01
4.295735500000000262e-02,9.685317137212833272e-01
4.302680999999999867e-02,9.684846757350100699e-01
4.309626500000000165e-02,9.684376462511607997e-01
4.316571500000000033e-02,9.683906188511246516e-01
4.323517000000000332e-02,9.683435870032305326e-01
4.330462499999999937e-02,9.682965635689897432e-01
4.337408000000000236e-02,9.682495358296906440e-01
4.344353499999999840e-02,9.682025166171047692e-01
4.351298499999999708e-02,9.681554995470645908e-01
4.358244000000000007e-02,9.681084781001814132e-01
4.365189500000000306e-02,9.680614651490484501e-01
4.372134999999999910e-02,9.680144479318407713e-01
4.379080500000000209e-02,9.679674391807726597e-01
4.386025999999999814e-02,9.679204261865620440e-01
4.392971500000000112e-02,9.678734217863956824e-01
4.399916499999999980e-02,9.678264195963016681e-01
4.406862000000000279e-02,9.677794131023343960e-01
4.413807499999999884e-02,9.677324151609899561e-01
4.420753000000000182e-02,9.676854130346931315e-01
4.427698499999999787e-02,9.676384195215944617e-01
4.434643499999999655e-02,9.675914282358336616e-01
4.441588999999999954e-02,9.675444326697363318e-01
4.448534500000000252e-02,9.674974457147009765e-01
4.455479999999999857e-02,9.674504546555293683e-01
4.462425500000000156e-02,9.674034722946945886e-01
4.469370500000000024e-02,9.673564922260236010e-01
4.476316000000000322e-02,9.673095079047362432e-01
4.483261499999999927e-02,9.672625322208584508e-01
4.490207000000000226e-02,9.672155524427011875e-01
4.497152499999999831e-02,9.671685814131811831e-01
4.504097499999999699e-02,9.671216127479388414e-01
4.511042999999999997e-02,9.670746399168388407e-01
4.517988500000000296e-02,9.670276758059498379e-01
4.524933999999999901e-02,9.669807076398166945e-01
4.531879500000000199e-02,9.669337481729110007e-01
4.538824999999999804e-02,9.668867846959340318e-01
4.545770500000000103e-02,9.668398300439702275e-01
4.552715499999999971e-02,9.667928778379325516e-01
4.559661000000000269e-02,9.667459215464168087e-01
4.566606499999999874e-02,9.666989740439871914e-01
4.573552000000000173e-02,9.666520225720516279e-01
4.580497499999999778e-02,9.666050799491722190e-01
4.587442500000000339e-02,9.665581397931016783e-01
4.594387999999999944e-02,9.665111955995151494e-01
4.601333500000000243e-02,9.664642602776420954e-01
4.608278999999999848e-02,9.664173210793705060e-01
4.615224500000000146e-02,9.663703908202017079e-01
4.622169500000000014e-02,9.663234630770075606e-01
4.629115000000000313e-02,9.662765313236295617e-01
4.636060499999999918e-02,9.662296084481039049e-01
4.643006000000000216e-02,9.661826817203911233e-01
4.649951499999999821e-02,9.661357639985936885e-01
4.656896499999999689e-02,9.660888488711940614e-01
4.663841999999999988e-02,9.660419298246331055e-01
4.670787500000000286e-02,9.659950197207991529e-01
4.677732999999999891e-02,9.659481058009091736e-01
4.684678500000000190e-02,9.659012008442211528e-01
4.691623999999999794e-02,9.658542921343489240e-01
4.698569500000000093e-02,9.658073925104512236e-01
4.705514499999999961e-02,9.657604955731955432e-01
4.712460000000000260e-02,9.657135947982287139e-01
4.719405499999999865e-02,9.656667030464289869e-01
4.726351000000000163e-02,9.656198075694462091e-01
4.733296499999999768e-02,9.655729212079253720e-01
4.740241500000000330e-02,9.655260375619196811e-01
4.747186999999999935e-02,9.654791501544167653e-01
4.754132500000000233e-02,9.654322718594672281e-01
4.761077999999999838e-02,9.653853899340169020e-01
4.768023500000000137e-02,9.653385172060352515e-01
4.774968500000000005e-02,9.652916472369463818e-01
4.781914000000000303e-02,9.652447735469352752e-01
4.788859499999999908e-02,9.651979090012015039e-01
4.795805000000000207e-02,9.651510408906551763e-01
4.802750499999999811e-02,9.651041820602099808e-01
4.809695499999999679e-02,9.650573260749385485e-01
4.816640999999999978e-02,9.650104664489804751e-01
4.823586500000000277e-02,9.649636159985500727e-01
4.830531999999999881e-02,9.649167620167745651e-01
4.837477500000000180e-02,9.648699172599533025e-01
4.844422999999999785e-02,9.648230690259106401e-01
4.851368500000000084e-02,9.647762301586978451e-01
4.858313499999999951e-02,9.647293942410979373e-01
4.865259000000000250e-02,9.646825547821391567e-01
4.872204499999999855e-02,9.646357246082125636e-01
4.879150000000000154e-02,9.645888909996603866e-01
4.886095499999999758e-02,9.645420667930754144e-01
4.893040500000000320e-02,9.644952455797182189e-01
4.899985999999999925e-02,9.644484209079617898e-01
4.906931500000000224e-02,9.644016056013473559e-01
4.913876999999999828e-02,9.643547869517942184e-01
4.920822500000000127e-02,9.643079777580452205e-01
4.927767499999999995e-02,9.642611716015765388e-01
4.934713000000000294e-02,9.642143620373945234e-01
4.941658499999999898e-02,9.641675618974396844e-01
4.948604000000000197e-02,9.641207585182566264e-01
4.955549499999999802e-02,9.640739646861612444e-01
4.962494499999999670e-02,9.640271739778301097e-01
4.969439999999999968e-02,9.639803799235245885e-01
4.976385500000000267e-02,9.639335953170790061e-01
4.983330999999999872e-02,9.638868074999731306e-01
4.990276500000000170e-02,9.638400291978727052e-01
4.997221999999999775e-02,9.637932477445041446e-01
5.004167500000000074e-02,9.637464759395922842e-01
5.011112499999999942e-02,9.636997073612234566e-01
5.018058000000000241e-02,9.636529355467048363e-01
5.025003499999999845e-02,9.636061732902944099e-01
5.031949000000000144e-02,9.635594079284631741e-01
5.038894499999999749e-02,9.635126522629680057e-01
5.045839500000000311e-02,9.634658999017975400e-01
5.052784999999999915e-02,9.634191444007034200e-01
5.059730500000000214e-02,9.633723985518222177e-01
5.066675999999999819e-02,9.633256496732791607e-01
5.073621500000000117e-02,9.632789105325235690e-01
5.080566499999999985e-02,9.632321747471854767e-01
5.087512000000000284e-02,9.631854358753314527e-01
5.094457499999999889e-02,9.631387067335031027e-01
5.101403000000000187e-02,9.630919746826120953e-01
5.108348499999999792e-02,9.630452524693822181e-01
5.115293499999999660e-02,9.629985337091812037e-01
5.122238999999999959e-02,9.629518119245782382e-01
5.129184500000000257e-02,9.629050999117902965e-01
5.136129999999999862e-02,9.628583850374841102e-01
5.143075500000000161e-02,9.628116799903930767e-01
5.150020999999999766e-02,9.627649721353415124e-01
5.156966500000000064e-02,9.627182742256207293e-01
5.163911499999999932e-02,9.626715798627297760e-01
5.170857000000000231e-02,9.626248825847207868e-01
5.177802499999999836e-02,9.625781951738126008e-01
5.184748000000000134e-02,9.625315050081182378e-01
5.191693499999999739e-02,9.624848248513186988e-01
5.198638500000000301e-02,9.624381483486206257e-01
5.205583999999999906e-02,9.623914690395251048e-01
5.212529500000000204e-02,9.623447996948243377e-01
5.219474999999999809e-02,9.622981276650999227e-01
5.226420500000000108e-02,9.622514656876925976e-01
5.233365499999999976e-02,9.622048074157553144e-01
5.240311000000000274e-02,9.621581464025216190e-01
5.247256499999999879e-02,9.621114954533598329e-01
5.254202000000000178e-02,9.620648419287263220e-01
5.261147499999999783e-02,9.620181985532620939e-01
5.268092500000000344e-02,9.619715589601949279e-01
5.275037999999999949e-02,9.619249166752381619e-01
5.281983500000000248e-02,9.618782845143991622e-01
5.288928999999999853e-02,9.618316498476408016e-01
5.295874500000000151e-02,9.617850253529333093e-01
5.302819999999999756e-02,9.617383984049185930e-01
5.309765500000000055e-02,9.616917817155224979e-01
5.316710499999999923e-02,9.616451689249047030e-01
5.323656000000000221e-02,9.615985535629740788e-01
5.330601499999999826e-02,9.615519484229710923e-01
5.337547000000000125e-02,9.615053408937965784e-01
5.344492499999999729e-02,9.614587437193643504e-01
5.351437500000000291e-02,9.614121505616773922e-01
5.358382999999999896e-02,9.613655549442157167e-01
5.365328500000000195e-02,9.613189696430587405e-01
5.372273999999999800e-02,9.612723820106604533e-01
5.379219500000000098e-02,9.612258047847418441e-01
5.386164499999999966e-02,9.611792316320267870e-01
5.393110000000000265e-02,9.611326561052474515e-01
5.400055499999999870e-02,9.610860910035460281e-01
5.407001000000000168e-02,9.610395236797658614e-01
5.413946499999999773e-02,9.609929668590140306e-01
5.420891500000000335e-02,9.609464141805201809e-01
5.427836999999999940e-02,9.608998591978735737e-01
5.434782500000000238e-02,9.608533147088144100e-01
5.441727999999999843e-02,9.608067680875582717e-01
5.448673500000000142e-02,9.607602320058042933e-01
5.455618999999999746e-02,9.607136938347693444e-01
5.462564500000000045e-02,9.606671662822455771e-01
5.469509499999999913e-02,9.606206429937503843e-01
5.476455000000000212e-02,9.605741175133567511e-01
5.483400499999999816e-02,9.605276026341155182e-01
5.490346000000000115e-02,9.604810857481487218e-01
5.497291499999999720e-02,9.604345795902407001e-01
5.504236500000000282e-02,9.603880778141148378e-01
5.511181999999999886e-02,9.603415739553102792e-01
5.518127500000000185e-02,9.602950807745153083e-01
5.525072999999999790e-02,9.602485856502326333e-01
5.532018500000000089e-02,9.602021013243358105e-01
5.538963499999999957e-02,9.601556214601913997e-01
5.545909000000000255e-02,9.601091396344451079e-01
5.552854499999999860e-02,9.600626686091986439e-01
5.559800000000000159e-02,9.600161957446501360e-01
5.566745499999999763e-02,9.599697337570295419e-01
5.573690500000000325e-02,9.599232762828776577e-01
5.580635999999999930e-02,9.598768169105990067e-01
5.587581500000000229e-02,9.598303684131186397e-01
5.594526999999999833e-02,9.597839181873908387e-01
5.601472500000000132e-02,9.597374788779676757e-01
5.608417999999999737e-02,9.596910378724186064e-01
5.615363500000000035e-02,9.596446078725823225e-01
5.622308499999999903e-02,9.595981825302679624e-01
5.629254000000000202e-02,9.595517554282311234e-01
5.636199499999999807e-02,9.595053393245892570e-01
5.643145000000000105e-02,9.594589216225248851e-01
5.650090499999999710e-02,9.594125150377119660e-01
5.657035500000000272e-02,9.593661132101606315e-01
5.663980999999999877e-02,9.593197097129386730e-01
5.670926500000000176e-02,9.592733172852749846e-01
5.677871999999999780e-02,9.592269233426666819e-01
5.684817500000000079e-02,9.591805406127695832e-01
5.691762499999999947e-02,9.591341627620336707e-01
5.698708000000000246e-02,9.590877833875934844e-01
5.705653499999999850e-02,9.590414151944458565e-01
5.712599000000000149e-02,9.589950455847712218e-01
5.719544499999999754e-02,9.589486872505341708e-01
5.726489500000000316e-02,9.589023338409288222e-01
5.733434999999999920e-02,9.588559789742419071e-01
5.740380500000000219e-02,9.588096353747594947e-01
5.747325999999999824e-02,9.587632904788950805e-01
5.754271500000000122e-02,9.587169568939554187e-01
5.761216999999999727e-02,9.586706220346675744e-01
5.768162500000000026e-02,9.586242985891716417e-01
5.775107499999999894e-02,9.585779802162157637e-01
5.782053000000000192e-02,9.585316605348751517e-01
5.788998499999999797e-02,9.584853522630168987e-01
5.795944000000000096e-02,9.584390428438167575e-01
5.802889499999999701e-02,9.583927449499036744e-01
5.809834500000000262e-02,9.583464522253741791e-01
5.816779999999999867e-02,9.583001582695879206e-01
5.823725500000000166e-02,9.582538757789569317e-01
5.830670999999999771e-02,9.582075922236936716e-01
5.837616500000000069e-02,9.581613202925881589e-01
5.844561499999999937e-02,9.581150536655472782e-01
5.851507000000000236e-02,9.580687859522705185e-01
5.858452499999999841e-02,9.580225298207093454e-01
5.865398000000000139e-02,9.579762727218998908e-01
5.872343499999999744e-02,9.579300273162912882e-01
5.879288500000000306e-02,9.578837872982620683e-01
5.886233999999999911e-02,9.578375462946555619e-01
5.893179500000000209e-02,9.577913169862428688e-01
5.900124999999999814e-02,9.577450868403926121e-01
5.907070500000000113e-02,9.576988684051879197e-01
5.914015999999999718e-02,9.576526491411563313e-01
5.920961500000000016e-02,9.576064417088969716e-01
5.927906499999999884e-02,9.575602398011783256e-01
5.934852000000000183e-02,9.575140370555369485e-01
5.941797499999999788e-02,9.574678461517048822e-01
5.948743000000000086e-02,9.574216545712044280e-01
5.955688499999999691e-02,9.573754749389857821e-01
5.962633500000000253e-02,9.573293009305984258e-01
5.969578999999999858e-02,9.572831261610402764e-01
5.976524500000000156e-02,9.572369632995606503e-01
5.983469999999999761e-02,9.571907998581957733e-01
5.990415500000000060e-02,9.571446484732039073e-01
5.997360499999999928e-02,9.570985028455418764e-01
6.004306000000000226e-02,9.570523565787979470e-01
6.011251499999999831e-02,9.570062223236875942e-01
6.018197000000000130e-02,9.569600875778392357e-01
6.025142499999999735e-02,9.569139649666726921e-01
6.032087500000000296e-02,9.568678482194138413e-01
6.039032999999999901e-02,9.568217309657675029e-01
6.045978500000000200e-02,9.567756258592035046e-01
6.052923999999999805e-02,9.567295203854428998e-01
6.059869500000000103e-02,9.566834270627924131e-01
6.066814999999999708e-02,9.566373333911878385e-01
6.073760500000000007e-02,9.565912519920636292e-01
6.080705499999999875e-02,9.565451765948178586e-01
6.087651000000000173e-02,9.564991008423622265e-01
6.094596499999999778e-02,9.564530373879132075e-01
6.101542000000000077e-02,9.564069737445712871e-01
6.108487499999999681e-02,9.563609224907263506e-01
6.115432500000000243e-02,9.563148773368909117e-01
6.122377999999999848e-02,9.562688319097069067e-01
6.129323500000000147e-02,9.562227988658026367e-01
6.136268999999999751e-02,9.561767657398714260e-01
6.143214500000000050e-02,9.561307451311145122e-01
6.150159499999999918e-02,9.560847307532897021e-01
6.157105000000000217e-02,9.560387162098430425e-01
6.164050499999999821e-02,9.559927141388280258e-01
6.170996000000000120e-02,9.559467120663636130e-01
6.177941499999999725e-02,9.559007226025661996e-01
6.184886500000000287e-02,9.558547394981773415e-01
6.191831999999999891e-02,9.558087563827827315e-01
6.198777500000000190e-02,9.557627858883829264e-01
6.205722999999999795e-02,9.557168155180804092e-01
6.212668500000000094e-02,9.556708577737192956e-01
6.219613999999999698e-02,9.556249001950203326e-01
6.226559499999999997e-02,9.555789553767602973e-01
6.233504499999999865e-02,9.555330170613235419e-01
6.240450000000000164e-02,9.554870788952767313e-01
6.247395499999999768e-02,9.554411535039942782e-01
6.254340999999999373e-02,9.553952284091544733e-01
6.261286500000000366e-02,9.553493161696815505e-01
6.268231500000000234e-02,9.553034105242044216e-01
6.275176999999999838e-02,9.552575051213082480e-01
6.282122499999999443e-02,9.552116125979914774e-01
6.289068000000000436e-02,9.551657205150798635e-01
6.296013500000000040e-02,9.551198414383123003e-01
6.302958499999999908e-02,9.550739690886598243e-01
6.309903999999999513e-02,9.550280970925674184e-01
6.316849500000000506e-02,9.549822380544823464e-01
6.323795000000000111e-02,9.549363795286532897e-01
6.330740499999999715e-02,9.548905341050560880e-01
6.337685499999999583e-02,9.548446955315053053e-01
6.344631000000000576e-02,9.547988574582847443e-01
6.351576500000000181e-02,9.547530324851578598e-01
6.358521999999999785e-02,9.547072081530131316e-01
6.365467499999999390e-02,9.546613969420617574e-01
6.372413000000000383e-02,9.546155864273520031e-01
6.379358499999999987e-02,9.545697891733893048e-01
6.386303499999999855e-02,9.545239989398855984e-01
6.393248999999999460e-02,9.544782093822552493e-01
6.400194500000000453e-02,9.544324330822229197e-01
6.407140000000000057e-02,9.543866575890020965e-01
6.414085499999999662e-02,9.543408954448953097e-01
6.421030499999999530e-02,9.542951404052438802e-01
6.427976000000000523e-02,9.542493861546106348e-01
6.434921500000000127e-02,9.542036452935883650e-01
6.441866999999999732e-02,9.541579054087006018e-01
6.448812499999999337e-02,9.541121790308538797e-01
6.455757500000000593e-02,9.540664598866724910e-01
6.462703000000000197e-02,9.540207416366170978e-01
6.469648499999999802e-02,9.539750368512233125e-01
6.476593999999999407e-02,9.539293331306348822e-01
6.483539500000000400e-02,9.538836430263637478e-01
6.490484500000000267e-02,9.538379602893929388e-01
6.497429999999999872e-02,9.537922786024281008e-01
6.504375499999999477e-02,9.537466105102198055e-01
6.511321000000000470e-02,9.537009436010520647e-01
6.518266500000000074e-02,9.536552903308651574e-01
6.525211999999999679e-02,9.536096383105696628e-01
6.532157500000000672e-02,9.535640000778482506e-01
6.539102500000000540e-02,9.535183693939578431e-01
6.546048000000000144e-02,9.534727399422621152e-01
6.552993499999999749e-02,9.534271242500699239e-01
6.559938999999999354e-02,9.533815099143890803e-01
6.566884500000000346e-02,9.533359094501825393e-01
6.573829500000000214e-02,9.532903166224414582e-01
6.580774999999999819e-02,9.532447251472324634e-01
6.587720499999999424e-02,9.531991475685265280e-01
6.594666000000000416e-02,9.531535715114086704e-01
6.601611500000000021e-02,9.531080094646084966e-01
6.608556499999999889e-02,9.530624551846876846e-01
6.615501999999999494e-02,9.530169023771914993e-01
6.622447500000000487e-02,9.529713635646488434e-01
6.629393000000000091e-02,9.529258264011809532e-01
6.636338499999999696e-02,9.528803033783198595e-01
6.643283499999999564e-02,9.528347882634476962e-01
6.650229000000000557e-02,9.527892747592289213e-01
6.657174500000000161e-02,9.527437753601855075e-01
6.664119999999999766e-02,9.526982777119257229e-01
6.671065499999999371e-02,9.526527942238209867e-01
6.678011000000000363e-02,9.526073125683960363e-01
6.684956499999999968e-02,9.525618452305619765e-01
6.691901499999999836e-02,9.525163859932442856e-01
6.698846999999999441e-02,9.524709285666891345e-01
6.705792500000000433e-02,9.524254854196322340e-01
6.712738000000000038e-02,9.523800442108735220e-01
6.719683499999999643e-02,9.523346174096962713e-01
6.726628499999999511e-02,9.522891988067055946e-01
6.733574000000000503e-02,9.522437821417596426e-01
6.740519500000000108e-02,9.521983799017306183e-01
6.747464999999999713e-02,9.521529797499955761e-01
6.754410499999999318e-02,9.521075941302348244e-01
6.761355500000000573e-02,9.520622168408368058e-01
6.768301000000000178e-02,9.520168416109298093e-01
6.775246499999999783e-02,9.519714809280094281e-01
6.782191999999999388e-02,9.519261225010471339e-01
6.789137500000000380e-02,9.518807787585557012e-01
6.796082500000000248e-02,9.518354434929129360e-01
6.803027999999999853e-02,9.517901104168693394e-01
6.809973499999999458e-02,9.517447919770101183e-01
6.816919000000000450e-02,9.516994758784279584e-01
6.823864500000000055e-02,9.516541744848019402e-01
6.830809999999999660e-02,9.516088755155829304e-01
6.837755500000000652e-02,9.515635914008581109e-01
6.844700500000000520e-02,9.515183159489686293e-01
6.851646000000000125e-02,9.514730428869627721e-01
6.858591499999999730e-02,9.514277846529453075e-01
6.865536999999999335e-02,9.513825289732936730e-01
6.872482500000000327e-02,9.513372882643896800e-01
6.879427500000000195e-02,9.512920563469313695e-01
6.886372999999999800e-02,9.512468269681135791e-01
6.893318499999999405e-02,9.512016125484693552e-01
6.900264000000000397e-02,9.511564008024363526e-01
6.907209500000000002e-02,9.511112041246241322e-01
6.914154499999999870e-02,9.510660163462436589e-01
6.921099999999999475e-02,9.510208312257072416e-01
6.928045500000000467e-02,9.509756612091353478e-01
6.934991000000000072e-02,9.509304940436789089e-01
6.941936499999999677e-02,9.508853421093332869e-01
6.948881499999999545e-02,9.508401992313978424e-01
6.955827000000000537e-02,9.507950591400692320e-01
6.962772500000000142e-02,9.507499342568300760e-01
6.969717999999999747e-02,9.507048123344493673e-01
6.976663499999999352e-02,9.506597056842519544e-01
6.983609000000000344e-02,9.506146020721649714e-01
6.990554499999999949e-02,9.505695138690620771e-01
6.997499499999999817e-02,9.505244349055367303e-01
7.004444999999999422e-02,9.504793589205963178e-01
7.011390500000000414e-02,9.504342983175964044e-01
7.018336000000000019e-02,9.503892408796302815e-01
7.025281499999999624e-02,9.503441989811981516e-01
7.032226499999999492e-02,9.502991664811736294e-01
7.039172000000000484e-02,9.502541371379836788e-01
7.046117500000000089e-02,9.502091233293704642e-01
7.053062999999999694e-02,9.501641128150656312e-01
7.060008500000000686e-02,9.501191179415043875e-01
7.066953500000000554e-02,9.500741325631105738e-01
7.073899000000000159e-02,9.500291504637574658e-01
7.080844499999999764e-02,9.499841840459797293e-01
7.087789999999999369e-02,9.499392210860398977e-01
7.094735500000000361e-02,9.498942739158127146e-01
7.101680500000000229e-02,9.498493363864206618e-01
7.108625999999999834e-02,9.498044022636823458e-01
7.115571499999999439e-02,9.497594839323498794e-01
7.122517000000000431e-02,9.497145691964600234e-01
7.129462500000000036e-02,9.496696703276041873e-01
7.136407999999999641e-02,9.496247751237502088e-01
7.143353500000000633e-02,9.495798958907697429e-01
7.150298500000000501e-02,9.495350264764906845e-01
7.157244000000000106e-02,9.494901606532710758e-01
7.164189499999999711e-02,9.494453107944491599e-01
7.171134999999999315e-02,9.494004647294950194e-01
7.178080500000000308e-02,9.493556347855209854e-01
7.185025500000000176e-02,9.493108148439393101e-01
7.191970999999999781e-02,9.492659986831626373e-01
7.198916499999999385e-02,9.492211986343952468e-01
7.205862000000000378e-02,9.491764025136255611e-01
7.212807499999999983e-02,9.491316226263761813e-01
7.219752499999999851e-02,9.490868528539174731e-01
7.226697999999999456e-02,9.490420870110043428e-01
7.233643500000000448e-02,9.489973374290953112e-01
7.240589000000000053e-02,9.489525919325074721e-01
7.247534499999999658e-02,9.489078628054750109e-01
7.254479499999999526e-02,9.488631439157961811e-01
7.261425000000000518e-02,9.488184290706730417e-01
7.268370500000000123e-02,9.487737306050192387e-01
7.275315999999999728e-02,9.487290363797802328e-01
7.282261499999999332e-02,9.486843586111535220e-01
7.289207000000000325e-02,9.486396851495378924e-01
7.296152499999999930e-02,9.485950282513738729e-01
7.303097499999999798e-02,9.485503817848709440e-01
7.310042999999999402e-02,9.485057395646789846e-01
7.316988500000000395e-02,9.484611139093335197e-01
7.323934000000000000e-02,9.484164926916347493e-01
7.330879499999999604e-02,9.483718881891297636e-01
7.337824499999999472e-02,9.483272942978006048e-01
7.344770000000000465e-02,9.482827048183173346e-01
7.351715500000000070e-02,9.482381320300204974e-01
7.358660999999999675e-02,9.481935638176410830e-01
7.365606500000000667e-02,9.481490124375611117e-01
7.372551500000000535e-02,9.481044718047655362e-01
7.379497000000000140e-02,9.480599357657485404e-01
7.386442499999999745e-02,9.480154165781892184e-01
7.393387999999999349e-02,9.479709021261155666e-01
7.400333500000000342e-02,9.479264046311969283e-01
7.407278500000000210e-02,9.478819179846451615e-01
7.414223999999999815e-02,9.478374360415773303e-01
7.421169499999999419e-02,9.477929710774687377e-01
7.428115000000000412e-02,9.477485110154195702e-01
7.435060500000000017e-02,9.477040680015242913e-01
7.442005999999999621e-02,9.476596299433166504e-01
7.448951500000000614e-02,9.476152090403678896e-01
7.455896500000000482e-02,9.475707991956190401e-01
7.462842000000000087e-02,9.475263942676382944e-01
7.469787499999999691e-02,9.474820065041914541e-01
7.476733000000000684e-02,9.474376238426828190e-01
7.483678500000000289e-02,9.473932584923475675e-01
7.490623500000000157e-02,9.473489043601134307e-01
7.497568999999999761e-02,9.473045552900478672e-01
7.504514499999999366e-02,9.472602235048308561e-01
7.511460000000000359e-02,9.472158969560766639e-01
7.518405499999999964e-02,9.471715878452419135e-01
7.525350499999999832e-02,9.471272901192580029e-01
7.532295999999999436e-02,9.470829976522081584e-01
7.539241500000000429e-02,9.470387226405223569e-01
7.546187000000000034e-02,9.469944530277224493e-01
7.553132499999999638e-02,9.469502009690229372e-01
7.560077499999999506e-02,9.469059603964534721e-01
7.567023000000000499e-02,9.468617251973759918e-01
7.573968500000000104e-02,9.468175075799623031e-01
7.580913999999999708e-02,9.467732955269004824e-01
7.587859499999999313e-02,9.467291011189052918e-01
7.594805000000000306e-02,9.466849123285583367e-01
7.601750499999999910e-02,9.466407412962032364e-01
7.608695499999999778e-02,9.465965819714440288e-01
7.615640999999999383e-02,9.465524282537444156e-01
7.622586500000000376e-02,9.465082923246187496e-01
7.629531999999999980e-02,9.464641621851730413e-01
7.636477499999999585e-02,9.464200499585673221e-01
7.643422499999999453e-02,9.463759495785375453e-01
7.650368000000000446e-02,9.463318549246720890e-01
7.657313500000000051e-02,9.462877781577934133e-01
7.664258999999999655e-02,9.462437073028051593e-01
7.671204500000000648e-02,9.461996544989840219e-01
7.678149500000000516e-02,9.461556137257330912e-01
7.685095000000000121e-02,9.461115788783736047e-01
7.692040499999999725e-02,9.460675620842784461e-01
7.698985999999999330e-02,9.460235513603366675e-01
7.705931500000000323e-02,9.459795587992190224e-01
7.712876500000000191e-02,9.459355783832574804e-01
7.719821999999999795e-02,9.458916040308419371e-01
7.726767499999999400e-02,9.458476478741176807e-01
7.733713000000000393e-02,9.458036979504433894e-01
7.740658499999999997e-02,9.457597662683298045e-01
7.747603999999999602e-02,9.457158408666306304e-01
7.754549500000000595e-02,9.456719338283464671e-01
7.761494500000000463e-02,9.456280391516749262e-01
7.768440000000000067e-02,9.455841507673445889e-01
7.775385499999999672e-02,9.455402807923969366e-01
7.782331000000000665e-02,9.454964172955971913e-01
7.789276500000000270e-02,9.454525723241993251e-01
7.796221500000000137e-02,9.454087398573174372e-01
7.803166999999999742e-02,9.453649138100878035e-01
7.810112499999999347e-02,9.453211062776590845e-01
7.817058000000000340e-02,9.452773053414201820e-01
7.824003499999999944e-02,9.452335230637574082e-01
7.830948499999999812e-02,9.451897534567734738e-01
7.837893999999999417e-02,9.451459904382980559e-01
7.844839500000000410e-02,9.451022460859802576e-01
7.851785000000000014e-02,9.450585084875547937e-01
7.858730499999999619e-02,9.450147896815921378e-01
7.865675499999999487e-02,9.449710836941898062e-01
7.872621000000000480e-02,9.449273844712694492e-01
7.879566500000000084e-02,9.448837040737728676e-01
7.886511999999999689e-02,9.448400305989907988e-01
7.893457500000000682e-02,9.447963759791276894e-01
7.900403000000000286e-02,9.447527283126819775e-01
7.907348499999999891e-02,9.447090996180117495e-01
7.914293499999999759e-02,9.446654839350617783e-01
7.921238999999999364e-02,9.446218752274813113e-01
7.928184500000000356e-02,9.445782855483215723e-01
7.935129999999999961e-02,9.445347030254043208e-01
7.942075499999999566e-02,9.444911396439841234e-01
7.949020499999999434e-02,9.444475894216755041e-01
7.955966000000000427e-02,9.444040463150149556e-01
7.962911500000000031e-02,9.443605223539989213e-01
7.969856999999999636e-02,9.443170056950297431e-01
7.976802500000000629e-02,9.442735083317317368e-01
7.983747500000000497e-02,9.442300242843720826e-01
7.990693000000000101e-02,9.441865475052718670e-01
7.997638499999999706e-02,9.441430900004480486e-01
8.004583999999999311e-02,9.440996399237665537e-01
8.011529500000000303e-02,9.440562092624645851e-01
8.018474500000000171e-02,9.440127920815630791e-01
8.025419999999999776e-02,9.439693823629990987e-01
8.032365499999999381e-02,9.439259920982561169e-01
8.039311000000000373e-02,9.438826094417833712e-01
8.046256499999999978e-02,9.438392462535372118e-01
8.053201999999999583e-02,9.437958907187675717e-01
8.060147500000000576e-02,9.437525547934891845e-01
8.067092500000000443e-02,9.437092325466379661e-01
8.074038000000000048e-02,9.436659179703313916e-01
8.080983499999999653e-02,9.436226230324754605e-01
8.087929000000000646e-02,9.435793359218165310e-01
8.094874500000000250e-02,9.435360685562823591e-01
8.101819500000000118e-02,9.434928150054261442e-01
8.108764999999999723e-02,9.434495692748653406e-01
8.115710499999999328e-02,9.434063433311806746e-01
8.122656000000000320e-02,9.433631253972128983e-01
8.129601499999999925e-02,9.433199273817576280e-01
8.136546499999999793e-02,9.432767433400498502e-01
8.143491999999999398e-02,9.432335672657354841e-01
8.150437500000000390e-02,9.431904110892422866e-01
8.157382999999999995e-02,9.431472630473644037e-01
8.164328499999999600e-02,9.431041350499497211e-01
8.171273499999999468e-02,9.430610211919018271e-01
8.178219000000000460e-02,9.430179154933031604e-01
8.185164500000000065e-02,9.429748298595086453e-01
8.192109999999999670e-02,9.429317525307514547e-01
8.199055500000000662e-02,9.428886953074347987e-01
8.206001000000000267e-02,9.428456464452605879e-01
8.212946499999999872e-02,9.428026178293266168e-01
8.219891499999999740e-02,9.427596035592780144e-01
8.226836999999999345e-02,9.427165976624307664e-01
8.233782500000000337e-02,9.426736120226132387e-01
8.240727999999999942e-02,9.426306348972312010e-01
8.247673499999999547e-02,9.425876781319276754e-01
8.254618499999999415e-02,9.425447358326657366e-01
8.261564000000000407e-02,9.425018020511501948e-01
8.268509500000000012e-02,9.424588886753277883e-01
8.275454999999999617e-02,9.424159840134624933e-01
8.282400500000000609e-02,9.423730998944641613e-01
8.289345500000000477e-02,9.423302304167692212e-01
8.296291000000000082e-02,9.422873696099457463e-01
8.303236499999999687e-02,9.422445293261745292e-01
8.310182000000000679e-02,9.422016978859975023e-01
8.317127500000000284e-02,9.421588871243309349e-01
8.324072500000000152e-02,9.421160911766364165e-01
8.331017999999999757e-02,9.420733040765788546e-01
8.337963499999999362e-02,9.420305376399120689e-01
8.344909000000000354e-02,9.419877801992861954e-01
8.351854499999999959e-02,9.419450434867782107e-01
8.358799999999999564e-02,9.419023158578129218e-01
8.365745500000000556e-02,9.418596091095284839e-01
8.372690500000000424e-02,9.418169173753937473e-01
8.379636000000000029e-02,9.417742347231969902e-01
8.386581499999999634e-02,9.417315729416011472e-01
8.393527000000000626e-02,9.416889203715613776e-01
8.400472500000000231e-02,9.416462887918801705e-01
8.407417500000000099e-02,9.416036723504948025e-01
8.414362999999999704e-02,9.415610651421414401e-01
8.421308499999999309e-02,9.415184789672572663e-01
8.428254000000000301e-02,9.414759022034241420e-01
8.435199499999999906e-02,9.414333465911643994e-01
8.442144499999999774e-02,9.413908062660153453e-01
8.449089999999999379e-02,9.413482753181009466e-01
8.456035500000000371e-02,9.413057655232667242e-01
8.462980999999999976e-02,9.412632652878686335e-01
8.469926499999999581e-02,9.412207863539800989e-01
8.476871499999999449e-02,9.411783228755582487e-01
8.483817000000000441e-02,9.411358689440962877e-01
8.490762500000000046e-02,9.410934362975733602e-01
8.497707999999999651e-02,9.410510133511830189e-01
8.504653500000000643e-02,9.410086117573458475e-01
8.511599000000000248e-02,9.409662199535335780e-01
8.518544499999999853e-02,9.409238496578480326e-01
8.525489499999999721e-02,9.408814950366428675e-01
8.532434999999999325e-02,9.408391501930123413e-01
8.539380500000000318e-02,9.407968268333647410e-01
8.546325999999999923e-02,9.407545133977174290e-01
8.553271499999999528e-02,9.407122215743162208e-01
8.560216499999999396e-02,9.406699455575906477e-01
8.567162000000000388e-02,9.406276794829134813e-01
8.574107499999999993e-02,9.405854350488166427e-01
8.581052999999999598e-02,9.405432007170909658e-01
8.587998500000000590e-02,9.405009881438844976e-01
8.594943500000000458e-02,9.404587915189764891e-01
8.601889000000000063e-02,9.404166049854105758e-01
8.608834499999999668e-02,9.403744402389748736e-01
8.615780000000000660e-02,9.403322857695985970e-01
8.622725500000000265e-02,9.402901532191738632e-01
8.629670500000000133e-02,9.402480367771085534e-01
8.636615999999999738e-02,9.402059305697650915e-01
8.643561499999999342e-02,9.401638462594780199e-01
8.650507000000000335e-02,9.401217723509657231e-01
8.657452499999999940e-02,9.400797204127691042e-01
8.664397999999999544e-02,9.400376789693012380e-01
8.671343500000000537e-02,9.399956596393764796e-01
8.678288500000000405e-02,9.399536566357878931e-01
8.685234000000000010e-02,9.399116641134990235e-01
8.692179499999999615e-02,9.398696937029012988e-01
8.699125000000000607e-02,9.398277339393060759e-01
8.706070500000000212e-02,9.397857964200678760e-01
8.713015500000000080e-02,9.397438753731727212e-01
8.719960999999999685e-02,9.397019649649266393e-01
8.726906500000000677e-02,9.396600768076097676e-01
8.733852000000000282e-02,9.396181994455864439e-01
8.740797499999999887e-02,9.395763444485540905e-01
8.747742499999999755e-02,9.395345060625610589e-01
8.754687999999999359e-02,9.394926784736691294e-01
8.761633500000000352e-02,9.394508732860635813e-01
8.768578999999999957e-02,9.394090790813434122e-01
8.775524499999999561e-02,9.393673074104765819e-01
8.782469499999999429e-02,9.393255525087268465e-01
8.789415000000000422e-02,9.392838085497952072e-01
8.796360500000000027e-02,9.392420871038426045e-01
8.803305999999999631e-02,9.392003767584300444e-01
8.810251500000000624e-02,9.391586889908245528e-01
8.817197000000000229e-02,9.391170124087203641e-01
8.824142499999999834e-02,9.390753585358084798e-01
8.831087499999999701e-02,9.390337216341431148e-01
8.838032999999999306e-02,9.389920959037143522e-01
8.844978500000000299e-02,9.389504928890164415e-01
8.851923999999999904e-02,9.389089012218010399e-01
8.858869499999999508e-02,9.388673324182653657e-01
8.865814499999999376e-02,9.388257807584935444e-01
8.872760000000000369e-02,9.387842404539055163e-01
8.879705499999999974e-02,9.387427230124419930e-01
8.886650999999999578e-02,9.387012170597921479e-01
8.893596500000000571e-02,9.386597340742585116e-01
8.900541500000000439e-02,9.386182683485460032e-01
8.907487000000000044e-02,9.385768141158358224e-01
8.914432499999999648e-02,9.385353828937533782e-01
8.921378000000000641e-02,9.384939633447226814e-01
8.928323500000000246e-02,9.384525669221905897e-01
8.935268500000000114e-02,9.384111879108049115e-01
8.942213999999999718e-02,9.383698205438520956e-01
8.949159499999999323e-02,9.383284763132392348e-01
8.956105000000000316e-02,9.382871439043934947e-01
8.963050499999999920e-02,9.382458346994301257e-01
8.969995999999999525e-02,9.382045373807177402e-01
8.976941500000000518e-02,9.381632633682551736e-01
8.983886500000000386e-02,9.381220069616286183e-01
8.990831999999999991e-02,9.380807624048784765e-01
8.997777499999999595e-02,9.380395411642272752e-01
9.004723000000000588e-02,9.379983319596665314e-01
9.011668500000000193e-02,9.379571462144867811e-01
9.018613500000000061e-02,9.379159782527879408e-01
9.025558999999999665e-02,9.378748223306395682e-01
9.032504500000000658e-02,9.378336898672291477e-01
9.039450000000000263e-02,9.377925695922283422e-01
9.046395499999999867e-02,9.377514728952014433e-01
9.053340499999999735e-02,9.377103941124386166e-01
9.060285999999999340e-02,9.376693275243040970e-01
9.067231500000000333e-02,9.376282845365759844e-01
9.074176999999999937e-02,9.375872538988676563e-01
9.081122499999999542e-02,9.375462469697685153e-01
9.088067499999999410e-02,9.375052580853079354e-01
9.095013000000000403e-02,9.374642815362564940e-01
9.101958500000000007e-02,9.374233287185128605e-01
9.108903999999999612e-02,9.373823884217692415e-01
9.115849500000000605e-02,9.373414719245234394e-01
9.122795000000000210e-02,9.373005680064872003e-01
9.129740499999999814e-02,9.372596879950161330e-01
9.136685499999999682e-02,9.372188262300510386e-01
9.143631000000000675e-02,9.371779770076947846e-01
9.150576500000000280e-02,9.371371516903527210e-01
9.157521999999999884e-02,9.370963390959179407e-01
9.164467499999999489e-02,9.370555505489789327e-01
9.171412499999999357e-02,9.370147804164508099e-01
9.178358000000000350e-02,9.369740230042430396e-01
9.185303499999999954e-02,9.369332896315145653e-01
9.192248999999999559e-02,9.368925691309254455e-01
9.199194500000000552e-02,9.368518728001686835e-01
9.206139500000000420e-02,9.368111950233077856e-01
9.213085000000000024e-02,9.367705301347067914e-01
9.220030499999999629e-02,9.367298894377442675e-01
9.226976000000000622e-02,9.366892617734698945e-01
9.233921500000000226e-02,9.366486583974493740e-01
9.240866500000000094e-02,9.366080737024801151e-01
9.247811999999999699e-02,9.365675020292009156e-01
9.254757500000000692e-02,9.365269546702172931e-01
9.261703000000000296e-02,9.364864205146423703e-01
9.268648499999999901e-02,9.364459107357514522e-01
9.275593999999999506e-02,9.364054142136147840e-01
9.282539500000000499e-02,9.363649421780579907e-01
9.289484500000000367e-02,9.363244890259381226e-01
9.296429999999999971e-02,9.362840491128310294e-01
9.303375499999999576e-02,9.362436336999202524e-01
9.310321000000000569e-02,9.362032316998697423e-01
9.317266500000000173e-02,9.361628543254607582e-01
9.324211500000000041e-02,9.361224959841245585e-01
9.331156999999999646e-02,9.360821510308657833e-01
9.338102500000000639e-02,9.360418306823165002e-01
9.345048000000000243e-02,9.360015238798830017e-01
9.351993499999999848e-02,9.359612418218675733e-01
9.358938499999999716e-02,9.359209789453555306e-01
9.365883999999999321e-02,9.358807296361647543e-01
9.372829500000000313e-02,9.358405050822836690e-01
9.379774999999999918e-02,9.358002942330709839e-01
9.386720499999999523e-02,9.357601082454831687e-01
9.393665499999999391e-02,9.357199415594289471e-01
9.400611000000000383e-02,9.356797885707096585e-01
9.407556499999999988e-02,9.356396604663984595e-01
9.414501999999999593e-02,9.355995462339492530e-01
9.421447500000000586e-02,9.355594569409413364e-01
9.428393000000000190e-02,9.355193815781716049e-01
9.435338499999999795e-02,9.354793312670006689e-01
9.442283499999999663e-02,9.354393004628683839e-01
9.449229000000000656e-02,9.353992835795640337e-01
9.456174500000000260e-02,9.353592917630898507e-01
9.463119999999999865e-02,9.353193140294709940e-01
9.470065499999999470e-02,9.352793614835617220e-01
9.477010499999999338e-02,9.352394285809565444e-01
9.483956000000000330e-02,9.351995097289294012e-01
9.490901499999999935e-02,9.351596160488260256e-01
9.497846999999999540e-02,9.351197365916722459e-01
9.504792500000000532e-02,9.350798824454514824e-01
9.511737500000000400e-02,9.350400481013930731e-01
9.518683000000000005e-02,9.350002279863610655e-01
9.525628499999999610e-02,9.349604331822012337e-01
9.532574000000000602e-02,9.349206527457037952e-01
9.539519500000000207e-02,9.348808977261927611e-01
9.546464500000000075e-02,9.348411626196525548e-01
9.553409999999999680e-02,9.348014418754736488e-01
9.560355500000000673e-02,9.347617465716793195e-01
9.567301000000000277e-02,9.347220657893506868e-01
9.574246499999999882e-02,9.346824104859031701e-01
9.581191999999999487e-02,9.346427697610765195e-01
9.588137500000000479e-02,9.346031546335530349e-01
9.595082500000000347e-02,9.345635596216341767e-01
9.602027999999999952e-02,9.345239791932838935e-01
9.608973499999999557e-02,9.344844243862830968e-01
9.615919000000000549e-02,9.344448843194861354e-01
9.622864500000000154e-02,9.344053699787248091e-01
9.629809500000000022e-02,9.343658758767153794e-01
9.636754999999999627e-02,9.343263964803990573e-01
9.643700500000000619e-02,9.342869428069767723e-01
9.650646000000000224e-02,9.342475040069140313e-01
9.657591499999999829e-02,9.342080910628642876e-01
9.664536499999999697e-02,9.341686985113646369e-01
9.671482000000000689e-02,9.341293208331405973e-01
9.678427500000000294e-02,9.340899690086157392e-01
9.685372999999999899e-02,9.340506322081200130e-01
9.692318499999999504e-02,9.340113213764708044e-01
9.699263499999999372e-02,9.339720310674856085e-01
9.706209000000000364e-02,9.339327557782187705e-01
9.713154499999999969e-02,9.338935064662735597e-01
9.720099999999999574e-02,9.338542723146409097e-01
9.727045500000000566e-02,9.338150641717410938e-01
9.733991000000000171e-02,9.337758712427349783e-01
9.740936499999999776e-02,9.337367044390150195e-01
9.747881499999999644e-02,9.336975583377924437e-01
9.754827000000000636e-02,9.336584274629617930e-01
9.761772500000000241e-02,9.336193227442242115e-01
9.768717999999999846e-02,9.335802334129893465e-01
9.775663499999999451e-02,9.335411703422851204e-01
9.782608499999999319e-02,9.335021281001995019e-01
9.789554000000000311e-02,9.334631012157299512e-01
9.796499499999999916e-02,9.334241005929895252e-01
9.803444999999999521e-02,9.333851154859955646e-01
9.810390500000000513e-02,9.333461567599122821e-01
9.817335500000000381e-02,9.333072190003181001e-01
9.824280999999999986e-02,9.332682967382276429e-01
9.831226499999999591e-02,9.332294008450279232e-01
9.838172000000000583e-02,9.331905206079439408e-01
9.845117500000000188e-02,9.331516668700987616e-01
9.852062500000000056e-02,9.331128342448994362e-01
9.859007999999999661e-02,9.330740172922201703e-01
9.865953500000000653e-02,9.330352268447936748e-01
9.872899000000000258e-02,9.329964521941526145e-01
9.879844499999999863e-02,9.329577040734191584e-01
9.886789999999999468e-02,9.329189717943783267e-01
9.893735500000000460e-02,9.328802661567298093e-01
9.900680500000000328e-02,9.328415817938109367e-01
9.907625999999999933e-02,9.328029132773701937e-01
9.914571499999999538e-02,9.327642714148439707e-01
9.921517000000000530e-02,9.327256455472350272e-01
9.928462500000000135e-02,9.326870464415678574e-01
9.935407500000000003e-02,9.326484687328591150e-01
9.942352999999999608e-02,9.326099070185432938e-01
9.949298500000000600e-02,9.325713720844762689e-01
9.956244000000000205e-02,9.325328533019056065e-01
9.963189499999999810e-02,9.324943614137422010e-01
9.970134499999999678e-02,9.324558910511940857e-01
9.977080000000000670e-02,9.324174368057547291e-01
9.984025500000000275e-02,9.323790094322655930e-01
9.990970999999999880e-02,9.323405982752763776e-01
9.997917000000000609e-02,9.323022090692377750e-01
1.000486000000000014e-01,9.322638735729364967e-01
1.001180500000000001e-01,9.322255056335416734e-01
1.001875500000000002e-01,9.321871592475122759e-01
1.002569999999999989e-01,9.321488884949052922e-01
1.003264499999999976e-01,9.321105864776496608e-01
1.003958999999999963e-01,9.320723591730712965e-01
1.004653499999999949e-01,9.320341007272188172e-01
1.005347999999999936e-01,9.319959170066057785e-01
1.006042500000000062e-01,9.319577022494233143e-01
1.006737000000000049e-01,9.319195622040438165e-01
1.007431500000000035e-01,9.318813912056225224e-01
1.008126000000000022e-01,9.318432948944244121e-01
1.008820500000000009e-01,9.318051677317815695e-01
1.009514999999999996e-01,9.317671152391405753e-01
1.010209499999999982e-01,9.317290313414285929e-01
1.010904499999999984e-01,9.316909693282864335e-01
1.011598999999999970e-01,9.316529829210271618e-01
1.012293499999999957e-01,9.316149659158143859e-01
1.012987999999999944e-01,9.315770235893483520e-01
1.013682499999999931e-01,9.315390507742330461e-01
1.014377000000000056e-01,9.315011526380453377e-01
1.015071500000000043e-01,9.314632241307501115e-01
1.015766000000000030e-01,9.314253703034087728e-01
1.016460500000000017e-01,9.313874862033143520e-01
1.017155000000000004e-01,9.313496767365305740e-01
1.017849499999999990e-01,9.313118364112589198e-01
1.018544499999999992e-01,9.312740182147851709e-01
1.019238999999999978e-01,9.312362755792906732e-01
1.019933499999999965e-01,9.311985029306704131e-01
1.020627999999999952e-01,9.311608049460604608e-01
1.021322499999999939e-01,9.311230770577868521e-01
1.022017000000000064e-01,9.310854238157733054e-01
1.022711500000000051e-01,9.310477407499394564e-01
1.023406000000000038e-01,9.310101323097305093e-01
1.024100500000000025e-01,9.309724941535093556e-01
1.024795000000000011e-01,9.309349306314350647e-01
1.025489499999999998e-01,9.308973375087346014e-01
1.026183999999999985e-01,9.308598189900305631e-01
1.026878499999999972e-01,9.308222702891044698e-01
1.027573499999999973e-01,9.307847440288369301e-01
1.028267999999999960e-01,9.307472932628205742e-01
1.028962499999999947e-01,9.307098131272730779e-01
1.029656999999999933e-01,9.306724075949215358e-01
1.030351500000000059e-01,9.306349728190634885e-01
1.031046000000000046e-01,9.305976126424063688e-01
1.031740500000000033e-01,9.305602233138627888e-01
1.032435000000000019e-01,9.305229085595014826e-01
1.033129500000000006e-01,9.304855647463802226e-01
1.033823999999999993e-01,9.304482954967832065e-01
1.034518499999999980e-01,9.304109973019183411e-01
1.035212999999999967e-01,9.303737736534991587e-01
1.035907499999999953e-01,9.303365205033524710e-01
1.036602499999999955e-01,9.302992901166924344e-01
1.037296999999999941e-01,9.302621351601116917e-01
1.037991500000000067e-01,9.302249514928329077e-01
1.038686000000000054e-01,9.301878423540788088e-01
1.039380500000000040e-01,9.301507046262262879e-01
1.040075000000000027e-01,9.301136414338153635e-01
1.040769500000000014e-01,9.300765497625727019e-01
1.041464000000000001e-01,9.300395326121211337e-01
1.042158499999999988e-01,9.300024870661139920e-01
1.042852999999999974e-01,9.299655159879607336e-01
1.043547499999999961e-01,9.299285159465404682e-01
1.044242499999999962e-01,9.298915389045405711e-01
1.044936999999999949e-01,9.298546372299598683e-01
1.045631499999999936e-01,9.298177074163421763e-01
1.046326000000000062e-01,9.297808520721737580e-01
1.047020500000000048e-01,9.297439686843673723e-01
1.047715000000000035e-01,9.297071597440857982e-01
1.048409500000000022e-01,9.296703228559679566e-01
1.049104000000000009e-01,9.296335604111412021e-01
1.049798499999999996e-01,9.295967701397046534e-01
1.050492999999999982e-01,9.295600543102569002e-01
1.051187499999999969e-01,9.295233107573567244e-01
1.051881999999999956e-01,9.294866416031974943e-01
1.052576499999999943e-01,9.294499441460475353e-01
1.053271499999999944e-01,9.294132699757476912e-01
1.053965999999999931e-01,9.293766710759903127e-01
1.054660500000000056e-01,9.293400446883871568e-01
1.055355000000000043e-01,9.293034926908345650e-01
1.056049500000000030e-01,9.292669133169060292e-01
1.056744000000000017e-01,9.292304083145879190e-01
1.057438500000000003e-01,9.291938760233050543e-01
1.058132999999999990e-01,9.291574180853919840e-01
1.058827499999999977e-01,9.291209329640782721e-01
1.059521999999999964e-01,9.290845221622852090e-01
1.060216499999999951e-01,9.290480836299691569e-01
1.060911499999999952e-01,9.290116686331068019e-01
1.061605999999999939e-01,9.289753288181430424e-01
1.062300500000000064e-01,9.289389620536950831e-01
1.062995000000000051e-01,9.289026695759535768e-01
1.063689500000000038e-01,9.288663502508526237e-01
1.064384000000000025e-01,9.288301052047464035e-01
1.065078500000000011e-01,9.287938334274605801e-01
1.065772999999999998e-01,9.287576359239064772e-01
1.066467499999999985e-01,9.287214117897367727e-01
1.067161999999999972e-01,9.286852619033896250e-01
1.067856499999999959e-01,9.286490854804804185e-01
1.068550999999999945e-01,9.286129832633887027e-01
1.069245499999999932e-01,9.285768539595821158e-01
1.069940499999999933e-01,9.285407484647482113e-01
1.070635000000000059e-01,9.285047180360339603e-01
1.071329500000000046e-01,9.284686613062380633e-01
1.072024000000000032e-01,9.284326787496838262e-01
1.072718500000000019e-01,9.283966699920347398e-01
1.073413000000000006e-01,9.283607353970817488e-01
1.074107499999999993e-01,9.283247747141714079e-01
1.074801999999999980e-01,9.282888881962156891e-01
1.075496499999999966e-01,9.282529757020039352e-01
1.076190999999999953e-01,9.282171373526977298e-01
1.076885499999999940e-01,9.281812731173961772e-01
1.077580000000000066e-01,9.281454829667842299e-01
1.078274500000000052e-01,9.281096663665343582e-01
1.078969500000000054e-01,9.280738738292471091e-01
1.079664000000000040e-01,9.280381562306024845e-01
1.080358500000000027e-01,9.280024129772924679e-01
1.081053000000000014e-01,9.279667437871138569e-01
1.081747500000000001e-01,9.279310490393367639e-01
1.082441999999999988e-01,9.278954283260845148e-01
1.083136499999999974e-01,9.278597821589047445e-01
1.083830999999999961e-01,9.278242100190634556e-01
1.084525499999999948e-01,9.277886125379140037e-01
1.085219999999999935e-01,9.277530890452256873e-01
1.085914500000000060e-01,9.277175396605569224e-01
1.086609500000000061e-01,9.276820145552262531e-01
1.087304000000000048e-01,9.276465642584111881e-01
1.087998500000000035e-01,9.276110888384722086e-01
1.088693000000000022e-01,9.275756873605759401e-01
1.089387500000000009e-01,9.275402608710621166e-01
1.090081999999999995e-01,9.275049083113714454e-01
1.090776499999999982e-01,9.274695308398392957e-01
1.091470999999999969e-01,9.274342272757745143e-01
1.092165499999999956e-01,9.273988988983711268e-01
1.092859999999999943e-01,9.273636444070751939e-01
1.093554500000000068e-01,9.273283652064140403e-01
1.094249000000000055e-01,9.272931598546118037e-01
1.094943500000000042e-01,9.272579292552910468e-01
1.095638500000000043e-01,9.272227231946351678e-01
1.096333000000000030e-01,9.271875917984286897e-01
1.097027500000000017e-01,9.271524359091875001e-01
1.097722000000000003e-01,9.271173538054605645e-01
1.098416499999999990e-01,9.270822473142374953e-01
1.099110999999999977e-01,9.270472145988214452e-01
1.099805499999999964e-01,9.270121576073576675e-01
1.100499999999999950e-01,9.269771743734197544e-01
1.101194499999999937e-01,9.269421669552813103e-01
1.101889000000000063e-01,9.269072332335900333e-01
1.102583500000000050e-01,9.268722747777007331e-01
1.103278500000000051e-01,9.268373410493833120e-01
1.103973000000000038e-01,9.268024818461205738e-01
1.104667500000000024e-01,9.267675986965637769e-01
1.105362000000000011e-01,9.267327892191065120e-01
1.106056499999999998e-01,9.266979558942973760e-01
1.106750999999999985e-01,9.266631962043462289e-01
1.107445499999999972e-01,9.266284127518524816e-01
1.108139999999999958e-01,9.265937029095956401e-01
1.108834499999999945e-01,9.265589694139275689e-01
1.109528999999999932e-01,9.265243095204774848e-01
1.110223500000000058e-01,9.264896260795679739e-01
1.110918000000000044e-01,9.264550161846036858e-01
1.111612500000000031e-01,9.264203821881941137e-01
1.112307500000000032e-01,9.263857731484561597e-01
1.113002000000000019e-01,9.263512384536052302e-01
1.113696500000000006e-01,9.263166804277025435e-01
1.114390999999999993e-01,9.262821959000636651e-01
1.115085499999999979e-01,9.262476881492130998e-01
1.115779999999999966e-01,9.262132538640480695e-01
1.116474499999999953e-01,9.261787964385678196e-01
1.117168999999999940e-01,9.261444124453998006e-01
1.117863500000000065e-01,9.261100054110881219e-01
1.118558000000000052e-01,9.260756717892041356e-01
1.119252500000000039e-01,9.260413152299675765e-01
1.119947000000000026e-01,9.260070320385969111e-01
1.120641500000000013e-01,9.259727253693480487e-01
1.121336500000000014e-01,9.259384438822509944e-01
1.122031000000000001e-01,9.259042365410907749e-01
1.122725499999999987e-01,9.258700064720797318e-01
1.123419999999999974e-01,9.258358497044392177e-01
1.124114499999999961e-01,9.258016703218233667e-01
1.124808999999999948e-01,9.257675642214968637e-01
1.125503499999999935e-01,9.257334356020231469e-01
1.126198000000000060e-01,9.256993802319216647e-01
1.126892500000000047e-01,9.256653024281867870e-01
1.127587000000000034e-01,9.256312978122244184e-01
1.128281500000000021e-01,9.255972702324912760e-01
1.128976500000000022e-01,9.255632680199991080e-01
1.129671000000000008e-01,9.255293398030893792e-01
1.130365499999999995e-01,9.254953893911662677e-01
1.131059999999999982e-01,9.254615121226019703e-01
1.131754499999999969e-01,9.254276127506187999e-01
1.132448999999999956e-01,9.253937864817318726e-01
1.133143499999999942e-01,9.253599382013832919e-01
1.133838000000000068e-01,9.253261630043557728e-01
1.134532500000000055e-01,9.252923659019652858e-01
1.135227000000000042e-01,9.252586418603543361e-01
1.135921500000000028e-01,9.252248960025937219e-01
1.136616000000000015e-01,9.251912231360713834e-01
1.137310500000000002e-01,9.251575279064409019e-01
1.138005500000000003e-01,9.251238582376996034e-01
1.138699999999999990e-01,9.250902623391306090e-01
1.139394499999999977e-01,9.250566448456851720e-01
1.140088999999999964e-01,9.250231002908032574e-01
1.140783499999999950e-01,9.249895342363442241e-01
1.141477999999999937e-01,9.249560410773585151e-01
1.142172500000000063e-01,9.249225265014189290e-01
1.142867000000000050e-01,9.248890847934305715e-01
1.143561500000000036e-01,9.248556217730543594e-01
1.144256000000000023e-01,9.248222315963398055e-01
1.144950500000000010e-01,9.247888202033375249e-01
1.145644999999999997e-01,9.247554815882587098e-01
1.146339499999999983e-01,9.247221212159706383e-01
1.147034499999999985e-01,9.246887865952614360e-01
1.147728999999999971e-01,9.246555255135037177e-01
1.148423499999999958e-01,9.246222434261320844e-01
1.149117999999999945e-01,9.245890340584728140e-01
1.149812499999999932e-01,9.245558037985869282e-01
1.150507000000000057e-01,9.245226462251978639e-01
1.151201500000000044e-01,9.244894678444136593e-01
1.151896000000000031e-01,9.244563621088192074e-01
1.152590500000000018e-01,9.244232356464304745e-01
1.153285000000000005e-01,9.243901817656957620e-01
1.153979499999999991e-01,9.243571066351653487e-01
1.154674499999999993e-01,9.243240574200861648e-01
1.155368999999999979e-01,9.242910815454865592e-01
1.156063499999999966e-01,9.242580851600175063e-01
1.156757999999999953e-01,9.242251612803734639e-01
1.157452499999999940e-01,9.241922169845282475e-01
1.158147000000000065e-01,9.241593451665618408e-01
1.158841500000000052e-01,9.241264530341036787e-01
1.159536000000000039e-01,9.240936333528667612e-01
1.160230500000000026e-01,9.240607934522544475e-01
1.160925000000000012e-01,9.240280259627068338e-01
1.161619499999999999e-01,9.239952383304038674e-01
1.162313999999999986e-01,9.239625230368461173e-01
1.163008499999999973e-01,9.239297870770023513e-01
1.163703499999999974e-01,9.238970772040018264e-01
1.164397999999999961e-01,9.238644404260686338e-01
1.165092499999999948e-01,9.238317837265085375e-01
1.165786999999999934e-01,9.237991992989613710e-01
1.166481500000000060e-01,9.237665950432318862e-01
1.167176000000000047e-01,9.237340630199923908e-01
1.167870500000000034e-01,9.237015112616092649e-01
1.168565000000000020e-01,9.236690317079584434e-01
1.169259500000000007e-01,9.236365325172177787e-01
1.169953999999999994e-01,9.236041054664125838e-01
1.170648499999999981e-01,9.235716582400286256e-01
1.171343499999999982e-01,9.235392372301418629e-01
1.172037999999999969e-01,9.235068890772077932e-01
1.172732499999999956e-01,9.234745214757784648e-01
1.173426999999999942e-01,9.234422259274712719e-01
1.174121500000000068e-01,9.234099110427306245e-01
1.174816000000000055e-01,9.233776681798316899e-01
1.175510500000000041e-01,9.233454060674035624e-01
1.176205000000000028e-01,9.233132159300849739e-01
1.176899500000000015e-01,9.232810066260889181e-01
1.177594000000000002e-01,9.232488692551530374e-01
1.178288499999999989e-01,9.232167128057122696e-01
1.178982999999999975e-01,9.231846282236866319e-01
1.179677499999999962e-01,9.231525240411143640e-01
1.180372499999999963e-01,9.231204462324136273e-01
1.181066999999999950e-01,9.230884410089631453e-01
1.181761499999999937e-01,9.230564169004206176e-01
1.182456000000000063e-01,9.230244645687636362e-01
1.183150500000000049e-01,9.229924934620180599e-01
1.183845000000000036e-01,9.229605941058716123e-01
1.184539500000000023e-01,9.229286760722935634e-01
1.185234000000000010e-01,9.228968297508235441e-01
1.185928499999999997e-01,9.228649648326527899e-01
1.186622999999999983e-01,9.228331715751678654e-01
1.187317499999999970e-01,9.228013597981175042e-01
1.188011999999999957e-01,9.227696196119350436e-01
1.188706499999999944e-01,9.227378603903751975e-01
1.189401499999999945e-01,9.227061276972318149e-01
1.190095999999999932e-01,9.226744673127567076e-01
1.190790500000000057e-01,9.226427886104109355e-01
1.191485000000000044e-01,9.226111814074915429e-01
1.192179500000000031e-01,9.225795559843205096e-01
1.192874000000000018e-01,9.225480020268131964e-01
1.193568500000000004e-01,9.225164299464757578e-01
1.194262999999999991e-01,9.224849292962651326e-01
1.194957499999999978e-01,9.224534106066708539e-01
1.195651999999999965e-01,9.224219632649999223e-01
1.196346499999999952e-01,9.223904973493661785e-01
1.197041499999999953e-01,9.223590580606260136e-01
1.197735999999999940e-01,9.223276908191000434e-01
1.198430500000000065e-01,9.222963057275271881e-01
1.199125000000000052e-01,9.222649918957387394e-01
1.199819500000000039e-01,9.222336603149634549e-01
1.200514000000000026e-01,9.222023999462435340e-01
1.201208500000000012e-01,9.221711219088662981e-01
1.201902999999999999e-01,9.221399150370442888e-01
1.202597499999999986e-01,9.221086905872685202e-01
1.203291999999999973e-01,9.220775372690730443e-01
1.203986499999999960e-01,9.220463664618006039e-01
1.204680999999999946e-01,9.220152667136723990e-01
1.205375499999999933e-01,9.219841489514686295e-01
1.206070499999999934e-01,9.219530579507786427e-01
1.206765000000000060e-01,9.219220386880351281e-01
1.207459500000000047e-01,9.218910021150976686e-01
1.208154000000000033e-01,9.218600364945620518e-01
1.208848500000000020e-01,9.218290536673967583e-01
1.209543000000000007e-01,9.217981417542296940e-01
1.210237499999999994e-01,9.217672127181600894e-01
1.210931999999999981e-01,9.217363545437193828e-01
1.211626499999999967e-01,9.217054793213502739e-01
1.212320999999999954e-01,9.216746748841893044e-01
1.213015499999999941e-01,9.216438528894184135e-01
1.213710499999999942e-01,9.216130577611980623e-01
1.214405000000000068e-01,9.215823341070963348e-01
1.215099500000000055e-01,9.215515935995860497e-01
1.215794000000000041e-01,9.215209237740548120e-01
1.216488500000000028e-01,9.214902371822336624e-01
1.217183000000000015e-01,9.214596212256093155e-01
1.217877500000000002e-01,9.214289885954786152e-01
1.218571999999999989e-01,9.213984265642382043e-01
1.219266499999999975e-01,9.213678479494019635e-01
1.219960999999999962e-01,9.213373398869794118e-01
1.220655499999999949e-01,9.213068153133895377e-01
1.221349999999999936e-01,9.212763612060762553e-01
1.222044500000000061e-01,9.212458900686484320e-01
1.222739500000000062e-01,9.212154458995983619e-01
1.223434000000000049e-01,9.211850728723601778e-01
1.224128500000000036e-01,9.211546835262075517e-01
1.224823000000000023e-01,9.211243645467989127e-01
1.225517500000000010e-01,9.210940293328686579e-01
1.226211999999999996e-01,9.210637644274700664e-01
1.226906499999999983e-01,9.210334833669774346e-01
1.227600999999999970e-01,9.210032725687586908e-01
1.228295499999999957e-01,9.209730457053293406e-01
1.228989999999999944e-01,9.209428890623290176e-01
1.229684500000000069e-01,9.209127164333031912e-01
1.230379000000000056e-01,9.208826139379480136e-01
1.231073500000000043e-01,9.208524949351241107e-01
1.231768500000000044e-01,9.208224029907232655e-01
1.232463000000000031e-01,9.207923818394205817e-01
1.233157500000000018e-01,9.207623448822277457e-01
1.233852000000000004e-01,9.207323779504869021e-01
1.234546499999999991e-01,9.207023953014424889e-01
1.235240999999999978e-01,9.206724826243446458e-01
1.235935499999999965e-01,9.206425543078138318e-01
1.236629999999999951e-01,9.206126959092059137e-01
1.237324499999999938e-01,9.205828219496733356e-01
1.238019000000000064e-01,9.205530178380556539e-01
1.238713500000000051e-01,9.205231976648486913e-01
1.239408500000000052e-01,9.204934046351646026e-01
1.240103000000000039e-01,9.204636821030720562e-01
1.240797500000000025e-01,9.204339441915028175e-01
1.241492000000000012e-01,9.204042760051159844e-01
1.242186499999999999e-01,9.203745925282327267e-01
1.242880999999999986e-01,9.203449787319625264e-01
1.243575499999999973e-01,9.203153497319159770e-01
1.244269999999999959e-01,9.202857903651021632e-01
1.244964499999999946e-01,9.202562158736277143e-01
1.245658999999999933e-01,9.202267109534190137e-01
1.246353500000000059e-01,9.201971909770461089e-01
1.247048000000000045e-01,9.201677404896603241e-01
1.247742500000000032e-01,9.201382744431405580e-01
1.248437500000000033e-01,9.201088356152220538e-01
1.249132000000000020e-01,9.200794669245203616e-01
1.249826500000000007e-01,9.200500833624517538e-01
1.250520999999999994e-01,9.200207691712886104e-01
1.251215499999999980e-01,9.199914401891212679e-01
1.251909999999999967e-01,9.199621805191047219e-01
1.252604499999999954e-01,9.199329061348147096e-01
1.253298999999999941e-01,9.199037010137489645e-01
1.253993499999999928e-01,9.198744812602424048e-01
1.254687999999999914e-01,9.198453306902129034e-01
1.255382499999999901e-01,9.198161649819305286e-01
1.256077499999999902e-01,9.197870265436594028e-01
1.256771999999999889e-01,9.197579579178316589e-01
1.257466499999999876e-01,9.197288748332759223e-01
1.258160999999999863e-01,9.196998608153920118e-01
1.258855500000000127e-01,9.196708324326021700e-01
1.259550000000000114e-01,9.196418730605253611e-01
1.260244500000000101e-01,9.196128993915989591e-01
1.260939000000000088e-01,9.195839946681794164e-01
1.261633500000000074e-01,9.195550757216817139e-01
1.262328000000000061e-01,9.195262256648384369e-01
1.263022500000000048e-01,9.194973614623223046e-01
1.263717000000000035e-01,9.194685660673344030e-01
1.264411500000000022e-01,9.194397560252901558e-01
1.265106500000000023e-01,9.194109733112068028e-01
1.265801000000000009e-01,9.193822600225013408e-01
1.266495499999999996e-01,9.193535327554244185e-01
1.267189999999999983e-01,9.193248741705446481e-01
1.267884499999999970e-01,9.192962016983652340e-01
1.268578999999999957e-01,9.192675978526518854e-01
1.269273499999999943e-01,9.192389801933845694e-01
1.269967999999999930e-01,9.192104310984392512e-01
1.270662499999999917e-01,9.191818682552130859e-01
1.271356999999999904e-01,9.191533739114012835e-01
1.272051499999999891e-01,9.191248658926888249e-01
1.272745999999999877e-01,9.190964262964010922e-01
1.273440499999999864e-01,9.190679725368389175e-01
1.274135499999999865e-01,9.190395461607411276e-01
1.274830000000000130e-01,9.190111888214951286e-01
1.275524500000000117e-01,9.189828179810586306e-01
1.276219000000000103e-01,9.189545154314846531e-01
1.276913500000000090e-01,9.189261994630749664e-01
1.277608000000000077e-01,9.188979517280091436e-01
1.278302500000000064e-01,9.188696906499065342e-01
1.278997000000000051e-01,9.188414977450861665e-01
1.279691500000000037e-01,9.188132915657042377e-01
1.280386000000000024e-01,9.187851534681887866e-01
1.281080500000000011e-01,9.187570015975096149e-01
1.281775500000000012e-01,9.187288771337775994e-01
1.282469999999999999e-01,9.187008213609613172e-01
1.283164499999999986e-01,9.186727524843381065e-01
1.283858999999999972e-01,9.186447515677086395e-01
1.284553499999999959e-01,9.186167376294066544e-01
1.285247999999999946e-01,9.185887915830808215e-01
1.285942499999999933e-01,9.185608325779387462e-01
1.286636999999999920e-01,9.185329413998357673e-01
1.287331499999999906e-01,9.185050373376846267e-01
1.288025999999999893e-01,9.184772010448605251e-01
1.288720499999999880e-01,9.184493519357279645e-01
1.289414999999999867e-01,9.184215705014729947e-01
1.290109500000000131e-01,9.183937757505715727e-01
1.290804500000000132e-01,9.183660084301629167e-01
1.291499000000000119e-01,9.183383093793948682e-01
1.292193500000000106e-01,9.183105976761424261e-01
1.292888000000000093e-01,9.182829535218007821e-01
1.293582500000000080e-01,9.182552968013981687e-01
1.294277000000000066e-01,9.182277075650063791e-01
1.294971500000000053e-01,9.182001058235736979e-01
1.295666000000000040e-01,9.181725714937724048e-01
1.296360500000000027e-01,9.181450247246264462e-01
1.297055000000000013e-01,9.181175453055864244e-01
1.297749500000000000e-01,9.180900535202783930e-01
1.298443999999999987e-01,9.180626290024317404e-01
1.299138499999999974e-01,9.180351916306848103e-01
1.299833499999999975e-01,9.180077817187799472e-01
1.300527999999999962e-01,9.179804396523620902e-01
1.301222499999999949e-01,9.179530853783472999e-01
1.301916999999999935e-01,9.179257982307971186e-01
1.302611499999999922e-01,9.178984989618161894e-01
1.303305999999999909e-01,9.178712667603151631e-01
1.304000499999999896e-01,9.178440225029932398e-01
1.304694999999999883e-01,9.178168452403442368e-01
1.305389499999999869e-01,9.177896559760387873e-01
1.306084000000000134e-01,9.177625336091922437e-01
1.306778500000000121e-01,9.177353987548046987e-01
1.307473500000000122e-01,9.177082913630036920e-01
1.308168000000000109e-01,9.176812514514571806e-01
1.308862500000000095e-01,9.176541997015743579e-01
1.309557000000000082e-01,9.176272147113011535e-01
1.310251500000000069e-01,9.176002179564082262e-01
1.310946000000000056e-01,9.175732878938287485e-01
1.311640500000000042e-01,9.175463461348262184e-01
1.312335000000000029e-01,9.175194710068445003e-01
1.313029500000000016e-01,9.174925842581638236e-01
1.313724000000000003e-01,9.174657640770543798e-01
1.314418499999999990e-01,9.174389323318319356e-01
1.315112999999999976e-01,9.174121670518475824e-01
1.315807499999999963e-01,9.173853897145445302e-01
1.316502499999999964e-01,9.173586398380322304e-01
1.317196999999999951e-01,9.173319569966748022e-01
1.317891499999999938e-01,9.173052627508727630e-01
1.318585999999999925e-01,9.172786348331788409e-01
1.319280499999999912e-01,9.172519955841346162e-01
1.319974999999999898e-01,9.172254225900928759e-01
1.320669499999999885e-01,9.171988383200899708e-01
1.321363999999999872e-01,9.171723202330054336e-01
1.322058500000000136e-01,9.171457909350847482e-01
1.322753000000000123e-01,9.171193277336729954e-01
1.323447500000000110e-01,9.170928528416523173e-01
1.324142500000000111e-01,9.170664054076816951e-01
1.324837000000000098e-01,9.170400246212440099e-01
1.325531500000000085e-01,9.170136327700331158e-01
1.326226000000000071e-01,9.169873068593550336e-01
1.326920500000000058e-01,9.169609699646347201e-01
1.327615000000000045e-01,9.169346989524738145e-01
1.328309500000000032e-01,9.169084170278762880e-01
1.329004000000000019e-01,9.168822009159406372e-01
1.329698500000000005e-01,9.168559739461761282e-01
1.330392999999999992e-01,9.168298127095547700e-01
1.331087499999999979e-01,9.168036406715128761e-01
1.331781999999999966e-01,9.167775342742159328e-01
1.332476499999999953e-01,9.167514165993982944e-01
1.333171499999999954e-01,9.167253263666352847e-01
1.333865999999999941e-01,9.166993023256817530e-01
1.334560499999999927e-01,9.166732676335148655e-01
1.335254999999999914e-01,9.166472984288309700e-01
1.335949499999999901e-01,9.166213186455097750e-01
1.336643999999999888e-01,9.165954042834912885e-01
1.337338499999999875e-01,9.165694794086022279e-01
1.338032999999999861e-01,9.165436198877715546e-01
1.338727500000000126e-01,9.165177499162142638e-01
1.339422000000000113e-01,9.164919452251037990e-01
1.340116500000000099e-01,9.164661301353678180e-01
1.340811000000000086e-01,9.164403802221723350e-01
1.341505500000000073e-01,9.164146194308568916e-01
1.342200500000000074e-01,9.163888860509172840e-01
1.342895000000000061e-01,9.163632183944131482e-01
1.343589500000000048e-01,9.163375404889129161e-01
1.344284000000000034e-01,9.163119276100515354e-01
1.344978500000000021e-01,9.162863045465516887e-01
1.345673000000000008e-01,9.162607464301998350e-01
1.346367499999999995e-01,9.162351781865949452e-01
1.347061999999999982e-01,9.162096748219736853e-01
1.347756499999999968e-01,9.161841613944563534e-01
1.348450999999999955e-01,9.161587127549389864e-01
1.349145499999999942e-01,9.161332535765432938e-01
1.349840499999999943e-01,9.161078217770368681e-01
1.350534999999999930e-01,9.160824552878921168e-01
1.351229499999999917e-01,9.160570788718553903e-01
1.351923999999999904e-01,9.160317670799822398e-01
1.352618499999999890e-01,9.160064454361520614e-01
1.353312999999999877e-01,9.159811883506000507e-01
1.354007499999999864e-01,9.159559214732380106e-01
1.354702000000000128e-01,9.159307190763423812e-01
1.355396500000000115e-01,9.159055069409941519e-01
1.356091000000000102e-01,9.158803592113927694e-01
1.356785500000000089e-01,9.158552018030607922e-01
1.357480000000000075e-01,9.158301087079347980e-01
1.358174500000000062e-01,9.158050054635386017e-01
1.358869500000000063e-01,9.157799295559710950e-01
1.359564000000000050e-01,9.157549184762903138e-01
1.360258500000000037e-01,9.157298978482387719e-01
1.360953000000000024e-01,9.157049413628467471e-01
1.361647500000000011e-01,9.156799753984369294e-01
1.362341999999999997e-01,9.156550735055729584e-01
1.363036499999999984e-01,9.156301621928337742e-01
1.363730999999999971e-01,9.156053148741126746e-01
1.364425499999999958e-01,9.155804581873562276e-01
1.365119999999999945e-01,9.155556653969771919e-01
1.365814499999999931e-01,9.155308627683772515e-01
1.366509499999999933e-01,9.155060874299649765e-01
1.367203999999999919e-01,9.154813765018939842e-01
1.367898499999999906e-01,9.154566563435712068e-01
1.368592999999999893e-01,9.154319999202529257e-01
1.369287499999999880e-01,9.154073343318593903e-01
1.369981999999999867e-01,9.153827323996812648e-01
1.370676500000000131e-01,9.153581213545333162e-01
1.371371000000000118e-01,9.153335738885928219e-01
1.372065500000000104e-01,9.153090173671064589e-01
1.372760000000000091e-01,9.152845243536777975e-01
1.373454500000000078e-01,9.152600223432607596e-01
1.374149000000000065e-01,9.152355837429758667e-01
1.374843500000000052e-01,9.152111356725317615e-01
1.375538500000000053e-01,9.151867148272465613e-01
1.376233000000000040e-01,9.151623578882731591e-01
1.376927500000000026e-01,9.151379920764837195e-01
1.377622000000000013e-01,9.151136895022566886e-01
1.378316500000000000e-01,9.150893781205080568e-01
1.379010999999999987e-01,9.150651298967652503e-01
1.379705499999999974e-01,9.150408729169644539e-01
1.380399999999999960e-01,9.150166790158958952e-01
1.381094499999999947e-01,9.149924764141650346e-01
1.381788999999999934e-01,9.149683368212310208e-01
1.382483499999999921e-01,9.149441885861977486e-01
1.383177999999999908e-01,9.149201032640005282e-01
1.383872499999999894e-01,9.148960088306510308e-01
1.384567499999999896e-01,9.148719415530468524e-01
1.385261999999999882e-01,9.148479376713551936e-01
1.385956499999999869e-01,9.148239252660914644e-01
1.386651000000000133e-01,9.147999755949479672e-01
1.387345500000000120e-01,9.147760174653599696e-01
1.388040000000000107e-01,9.147521219947847282e-01
1.388734500000000094e-01,9.147282181162524894e-01
1.389429000000000081e-01,9.147043768136912112e-01
1.390123500000000067e-01,9.146805271528061221e-01
1.390818000000000054e-01,9.146567399714800040e-01
1.391512500000000041e-01,9.146329439724625310e-01
1.392207500000000042e-01,9.146091750677283194e-01
1.392902000000000029e-01,9.145854691290190575e-01
1.393596500000000016e-01,9.145617549568398896e-01
1.394291000000000003e-01,9.145381030873689365e-01
1.394985499999999989e-01,9.145144430445061312e-01
1.395679999999999976e-01,9.144908452251165887e-01
1.396374499999999963e-01,9.144672392840482722e-01
1.397068999999999950e-01,9.144436954896406622e-01
1.397763499999999937e-01,9.144201436264662863e-01
1.398457999999999923e-01,9.143966538298918811e-01
1.399152499999999910e-01,9.143731560114038981e-01
1.399846999999999897e-01,9.143497201575558897e-01
1.400541499999999884e-01,9.143262758163407389e-01
1.401236499999999885e-01,9.143028584778880585e-01
1.401930999999999872e-01,9.142795035793948033e-01
1.402625500000000136e-01,9.142561407805321894e-01
1.403320000000000123e-01,9.142328397695385078e-01
1.404014500000000110e-01,9.142095309132945991e-01
1.404709000000000096e-01,9.141862837586007817e-01
1.405403500000000083e-01,9.141630288044760855e-01
1.406098000000000070e-01,9.141398354755843059e-01
1.406792500000000057e-01,9.141166344021145473e-01
1.407487000000000044e-01,9.140934948580259345e-01
1.408181500000000030e-01,9.140703471113553746e-01
1.408876500000000032e-01,9.140472262886271126e-01
1.409571000000000018e-01,9.140241674568625463e-01
1.410265500000000005e-01,9.140011009927465624e-01
1.410959999999999992e-01,9.139780958753861428e-01
1.411654499999999979e-01,9.139550831901825934e-01
1.412348999999999966e-01,9.139321317765574104e-01
1.413043499999999952e-01,9.139091728447430452e-01
1.413737999999999939e-01,9.138862750974195981e-01
1.414432499999999926e-01,9.138633698709479614e-01
1.415126999999999913e-01,9.138405257423558581e-01
1.415821499999999900e-01,9.138176741802974679e-01
1.416515999999999886e-01,9.137948836199696334e-01
1.417210499999999873e-01,9.137720851745232409e-01
1.417905499999999874e-01,9.137493135520943222e-01
1.418600000000000139e-01,9.137266033861101144e-01
1.419294500000000125e-01,9.137038858989544599e-01
1.419989000000000112e-01,9.136812292260018120e-01
1.420683500000000099e-01,9.136585652894722021e-01
1.421378000000000086e-01,9.136359620892028355e-01
1.422072500000000073e-01,9.136133516745007510e-01
1.422767000000000059e-01,9.135908019136489422e-01
1.423461500000000046e-01,9.135682449823345763e-01
1.424156000000000033e-01,9.135457486208683475e-01
1.424850500000000020e-01,9.135232451338483051e-01
1.425545000000000007e-01,9.135008021137462908e-01
1.426239499999999993e-01,9.134783515157665068e-01
1.426934499999999995e-01,9.134559276286605689e-01
1.427628999999999981e-01,9.134335646609855752e-01
1.428323499999999968e-01,9.134111946802252469e-01
1.429017999999999955e-01,9.133888849813502908e-01
1.429712499999999942e-01,9.133665683190227425e-01
1.430406999999999929e-01,9.133443118518355108e-01
1.431101499999999915e-01,9.133220484665742767e-01
1.431795999999999902e-01,9.132998451971600096e-01
1.432490499999999889e-01,9.132776350573174051e-01
1.433184999999999876e-01,9.132554849324929780e-01
1.433879499999999863e-01,9.132333274795790823e-01
1.434574499999999864e-01,9.132111966328279040e-01
1.435269000000000128e-01,9.131891262374393081e-01
1.435963500000000115e-01,9.131670490755436909e-01
1.436658000000000102e-01,9.131450317429787855e-01
1.437352500000000088e-01,9.131230077020361380e-01
1.438047000000000075e-01,9.131010434081623384e-01
1.438741500000000062e-01,9.130790724425417171e-01
1.439436000000000049e-01,9.130571611315021485e-01
1.440130500000000036e-01,9.130352431881194608e-01
1.440825000000000022e-01,9.130133848159625032e-01
1.441519500000000009e-01,9.129915198601828985e-01
1.442213999999999996e-01,9.129697143773719548e-01
1.442908499999999983e-01,9.129479018632814524e-01
1.443603499999999984e-01,9.129261158346227978e-01
1.444297999999999971e-01,9.129043897080318937e-01
1.444992499999999958e-01,9.128826570952465191e-01
1.445686999999999944e-01,9.128609837617115419e-01
1.446381499999999931e-01,9.128393039983727641e-01
1.447075999999999918e-01,9.128176834335887113e-01
1.447770499999999905e-01,9.127960564815733591e-01
1.448464999999999892e-01,9.127744886410934511e-01
1.449159499999999878e-01,9.127529144528977456e-01
1.449853999999999865e-01,9.127313992911595397e-01
1.450548500000000129e-01,9.127098778250323230e-01
1.451243000000000116e-01,9.126884152840255560e-01
1.451937500000000103e-01,9.126669459907906790e-01
1.452632500000000104e-01,9.126455030498791254e-01
1.453327000000000091e-01,9.126241194544675306e-01
1.454021500000000078e-01,9.126027296487859708e-01
1.454716000000000065e-01,9.125813985714226195e-01
1.455410500000000051e-01,9.125600613333364475e-01
1.456105000000000038e-01,9.125387827391631124e-01
1.456799500000000025e-01,9.125174980270149838e-01
1.457494000000000012e-01,9.124962718746442158e-01
1.458188499999999999e-01,9.124750396438966460e-01
1.458882999999999985e-01,9.124538658645031663e-01
1.459577499999999972e-01,9.124326855557129967e-01
1.460272499999999973e-01,9.124115314739797977e-01
1.460966999999999960e-01,9.123904362605405050e-01
1.461661499999999947e-01,9.123693350628178100e-01
1.462355999999999934e-01,9.123482921258080358e-01
1.463050499999999920e-01,9.123272432552327338e-01
1.463744999999999907e-01,9.123062525602660955e-01
1.464439499999999894e-01,9.122852559688857665e-01
1.465133999999999881e-01,9.122643174656493992e-01
1.465828499999999868e-01,9.122433731080965558e-01
1.466523000000000132e-01,9.122224867579871166e-01
1.467217500000000119e-01,9.122015945955095351e-01
1.467912000000000106e-01,9.121807603341819393e-01
1.468606500000000092e-01,9.121599198100350803e-01
1.469301500000000094e-01,9.121391053693833628e-01
1.469996000000000080e-01,9.121183492302371576e-01
1.470690500000000067e-01,9.120975873605068340e-01
1.471385000000000054e-01,9.120768831899034312e-01
1.472079500000000041e-01,9.120561733401806315e-01
1.472774000000000028e-01,9.120355211067174839e-01
1.473468500000000014e-01,9.120148632300653091e-01
1.474163000000000001e-01,9.119942628786830152e-01
1.474857499999999988e-01,9.119736569208911625e-01
1.475551999999999975e-01,9.119531083829935936e-01
1.476246499999999962e-01,9.119325537972093887e-01
1.476941499999999963e-01,9.119120251666694710e-01
1.477635999999999949e-01,9.118915543566484816e-01
1.478330499999999936e-01,9.118710780245645742e-01
1.479024999999999923e-01,9.118506589098271942e-01
1.479719499999999910e-01,9.118302343190497483e-01
1.480413999999999897e-01,9.118098668645983063e-01
1.481108499999999883e-01,9.117894939777462238e-01
1.481802999999999870e-01,9.117691781426929820e-01
1.482497500000000135e-01,9.117488569103686658e-01
1.483192000000000121e-01,9.117285926421290210e-01
1.483886500000000108e-01,9.117083230114957360e-01
1.484581000000000095e-01,9.116881102346893195e-01
1.485275500000000082e-01,9.116678916508769159e-01
1.485970500000000083e-01,9.116476988609170107e-01
1.486665000000000070e-01,9.116275633164568903e-01
1.487359500000000057e-01,9.116074224911032697e-01
1.488054000000000043e-01,9.115873383204816660e-01
1.488748500000000030e-01,9.115672489134323264e-01
1.489443000000000017e-01,9.115472160748360198e-01
1.490137500000000004e-01,9.115271780366414056e-01
1.490831999999999991e-01,9.115071964808958427e-01
1.491526499999999977e-01,9.114872097647063187e-01
1.492220999999999964e-01,9.114672794463323235e-01
1.492915499999999951e-01,9.114473440020383066e-01
1.493609999999999938e-01,9.114274648437227233e-01
1.494304499999999924e-01,9.114075801144874145e-01
1.494999499999999926e-01,9.113877210117248273e-01
1.495693999999999912e-01,9.113679185750334089e-01
1.496388499999999899e-01,9.113481110875991664e-01
1.497082999999999886e-01,9.113283596839062417e-01
1.497777499999999873e-01,9.113086032732103936e-01
1.498472000000000137e-01,9.112889028584034712e-01
1.499166500000000124e-01,9.112691974696200958e-01
1.499861000000000111e-01,9.112495479887439132e-01
1.500555500000000098e-01,9.112298935683044165e-01
1.501250000000000084e-01,9.112102949525745510e-01
1.501944500000000071e-01,9.111906909621191319e-01
1.502639500000000072e-01,9.111711124560870623e-01
1.503334000000000059e-01,9.111515901269671147e-01
1.504028500000000046e-01,9.111320629329716647e-01
1.504723000000000033e-01,9.111125913337799753e-01
1.505417500000000020e-01,9.110931149130254703e-01
1.506112000000000006e-01,9.110736940068057121e-01
1.506806499999999993e-01,9.110542683164248867e-01
1.507500999999999980e-01,9.110348980504913152e-01
1.508195499999999967e-01,9.110155230294878503e-01
1.508889999999999953e-01,9.109962033403866677e-01
1.509584499999999940e-01,9.109768789283693158e-01
1.510278999999999927e-01,9.109576097418411456e-01
1.510973499999999914e-01,9.109383353976319153e-01
1.511668499999999915e-01,9.109190863577213415e-01
1.512362999999999902e-01,9.108998929107792186e-01
1.513057499999999889e-01,9.108806948111715096e-01
1.513751999999999875e-01,9.108615517272088402e-01
1.514446499999999862e-01,9.108424040292509849e-01
1.515141000000000127e-01,9.108233112612719173e-01
1.515835500000000113e-01,9.108042139129358672e-01
1.516530000000000100e-01,9.107851714081366401e-01
1.517224500000000087e-01,9.107661243572786613e-01
1.517919000000000074e-01,9.107471320444907592e-01
1.518613500000000061e-01,9.107281347505525870e-01
1.519308500000000062e-01,9.107091626061745160e-01
1.520003000000000049e-01,9.106902455588975487e-01
1.520697500000000035e-01,9.106713240346973048e-01
1.521392000000000022e-01,9.106524570399037177e-01
1.522086500000000009e-01,9.106335856074008195e-01
1.522780999999999996e-01,9.106147686169281386e-01
1.523475499999999982e-01,9.105959472184600445e-01
1.524169999999999969e-01,9.105771801718999248e-01
1.524864499999999956e-01,9.105584087480350641e-01
1.525558999999999943e-01,9.105396915869915508e-01
1.526253499999999930e-01,9.105209700811213169e-01
1.526947999999999916e-01,9.105023027318702722e-01
1.527642499999999903e-01,9.104836306037473737e-01
1.528337499999999904e-01,9.104649834344568093e-01
1.529031999999999891e-01,9.104463907697339931e-01
1.529726499999999878e-01,9.104277938194843545e-01
1.530420999999999865e-01,9.104092508115843030e-01
1.531115500000000129e-01,9.103907035587353036e-01
1.531810000000000116e-01,9.103722101636559927e-01
1.532504500000000103e-01,9.103537125529997942e-01
1.533199000000000090e-01,9.103352687079506733e-01
1.533893500000000076e-01,9.103168206741822921e-01
1.534588000000000063e-01,9.102984263179813018e-01
1.535282500000000050e-01,9.102800278067353368e-01
1.535977000000000037e-01,9.102616828681419081e-01
1.536671500000000024e-01,9.102433333440580476e-01
1.537366500000000025e-01,9.102250085840432048e-01
1.538061000000000011e-01,9.102067377369043033e-01
1.538755499999999998e-01,9.101884627898022551e-01
1.539449999999999985e-01,9.101702411993586317e-01
1.540144499999999972e-01,9.101520155473331597e-01
1.540838999999999959e-01,9.101338431669981910e-01
1.541533499999999945e-01,9.101156667565047931e-01
1.542227999999999932e-01,9.100975435279753389e-01
1.542922499999999919e-01,9.100794162971850287e-01
1.543616999999999906e-01,9.100613421404979420e-01
1.544311499999999893e-01,9.100432635527659908e-01
1.545006499999999894e-01,9.100252095607881397e-01
1.545700999999999881e-01,9.100072089827155875e-01
1.546395499999999867e-01,9.099892044616632036e-01
1.547090000000000132e-01,9.099712528035217574e-01
1.547784500000000119e-01,9.099532972374577700e-01
1.548479000000000105e-01,9.099353944445082165e-01
1.549173500000000092e-01,9.099174877694639063e-01
1.549868000000000079e-01,9.098996337807385704e-01
1.550562500000000066e-01,9.098817759383250880e-01
1.551257000000000053e-01,9.098639706922542203e-01
1.551951500000000039e-01,9.098461616194233326e-01
1.552646000000000026e-01,9.098284050334756179e-01
1.553340500000000013e-01,9.098106441909875608e-01
1.554035500000000014e-01,9.097929077372824969e-01
1.554730000000000001e-01,9.097752241004040119e-01
1.555424499999999988e-01,9.097575366893833060e-01
1.556118999999999974e-01,9.097399015526302923e-01
1.556813499999999961e-01,9.097222626773259213e-01
1.557507999999999948e-01,9.097046759874656274e-01
1.558202499999999935e-01,9.096870855855140325e-01
1.558896999999999922e-01,9.096695472786886505e-01
1.559591499999999908e-01,9.096520052852298255e-01
1.560285999999999895e-01,9.096345152794975686e-01
1.560980499999999882e-01,9.096170211651174453e-01
1.561675499999999883e-01,9.095995512672885308e-01
1.562369999999999870e-01,9.095821336847109695e-01
1.563064500000000134e-01,9.095647124681717210e-01
1.563759000000000121e-01,9.095473430248954827e-01
1.564453500000000108e-01,9.095299699807511962e-01
1.565148000000000095e-01,9.095126486231154272e-01
1.565842500000000082e-01,9.094953236917783235e-01
1.566537000000000068e-01,9.094780503567455598e-01
1.567231500000000055e-01,9.094607734689805767e-01
1.567926000000000042e-01,9.094435480840253883e-01
1.568620500000000029e-01,9.094263191676659197e-01
1.569315000000000015e-01,9.094091416458146560e-01
1.570009500000000002e-01,9.093919601719011592e-01
1.570704500000000003e-01,9.093748026970804865e-01
1.571398999999999990e-01,9.093576969373258212e-01
1.572093499999999977e-01,9.093405876983982061e-01
1.572787999999999964e-01,9.093235296422053082e-01
1.573482499999999951e-01,9.093064681390856663e-01
1.574176999999999937e-01,9.092894577312424786e-01
1.574871499999999924e-01,9.092724439020916094e-01
1.575565999999999911e-01,9.092554810789295061e-01
1.576260499999999898e-01,9.092385148588684185e-01
1.576954999999999885e-01,9.092215995526842232e-01
1.577649499999999871e-01,9.092046808689320248e-01
1.578344000000000136e-01,9.091878129876346248e-01
1.579038500000000123e-01,9.091709413057087463e-01
1.579733500000000124e-01,9.091540934045836408e-01
1.580428000000000111e-01,9.091372966209506634e-01
1.581122500000000097e-01,9.091204965101855606e-01
1.581817000000000084e-01,9.091037469919790448e-01
1.582511500000000071e-01,9.090869941747814487e-01
1.583206000000000058e-01,9.090702918591252457e-01
1.583900500000000044e-01,9.090535862648142507e-01
1.584595000000000031e-01,9.090369310810683112e-01
1.585289500000000018e-01,9.090202726403839861e-01
1.585984000000000005e-01,9.090036645015445727e-01
1.586678499999999992e-01,9.089870526859472610e-01
1.587373499999999993e-01,9.089704644609060136e-01
1.588067999999999980e-01,9.089539268432093033e-01
1.588762499999999966e-01,9.089373860107878844e-01
1.589456999999999953e-01,9.089208952654006524e-01
1.590151499999999940e-01,9.089044013375634501e-01
1.590845999999999927e-01,9.088879574107529002e-01
1.591540499999999914e-01,9.088715103239191073e-01
1.592234999999999900e-01,9.088551131448011633e-01
1.592929499999999887e-01,9.088387128237209733e-01
1.593623999999999874e-01,9.088223623172119181e-01
1.594318500000000138e-01,9.088060086890937805e-01
1.595013000000000125e-01,9.087897047689771357e-01
1.595707500000000112e-01,9.087733973105046603e-01
1.596402500000000113e-01,9.087571132174732114e-01
1.597097000000000100e-01,9.087408791312264755e-01
1.597791500000000087e-01,9.087246419640778727e-01
1.598486000000000073e-01,9.087084542900396578e-01
1.599180500000000060e-01,9.086922635660010794e-01
1.599875000000000047e-01,9.086761222500303603e-01
1.600569500000000034e-01,9.086599779066427685e-01
1.601264000000000021e-01,9.086438828822652747e-01
1.601958500000000007e-01,9.086277848483341746e-01
1.602652999999999994e-01,9.086117360379871721e-01
1.603347499999999981e-01,9.085956842354724339e-01
1.604041999999999968e-01,9.085796815468180077e-01
1.604736499999999955e-01,9.085636754502780521e-01
1.605431499999999956e-01,9.085476924894202444e-01
1.606125999999999943e-01,9.085317589394198423e-01
1.606820499999999929e-01,9.085158224379304981e-01
1.607514999999999916e-01,9.084999348384303897e-01
1.608209499999999903e-01,9.084840443118979980e-01
1.608903999999999890e-01,9.084682025958330520e-01
1.609598499999999877e-01,9.084523579718065678e-01
1.610292999999999863e-01,9.084365620687053777e-01
1.610987500000000128e-01,9.084207632771131857e-01
1.611682000000000115e-01,9.084050130973007064e-01
1.612376500000000101e-01,9.083892596119552687e-01
1.613071500000000102e-01,9.083735290609737945e-01
1.613766000000000089e-01,9.083578474084504917e-01
1.614460500000000076e-01,9.083421629023097355e-01
1.615155000000000063e-01,9.083265267947395749e-01
1.615849500000000050e-01,9.083108878624512883e-01
1.616544000000000036e-01,9.082952972442470685e-01
1.617238500000000023e-01,9.082797038208137996e-01
1.617933000000000010e-01,9.082641586197840455e-01
1.618627499999999997e-01,9.082486106291867145e-01
1.619321999999999984e-01,9.082331107671240966e-01
1.620016499999999970e-01,9.082176081311930105e-01
1.620710999999999957e-01,9.082021535151513225e-01
1.621405499999999944e-01,9.081866957116093708e-01
1.622100499999999945e-01,9.081712606051337566e-01
1.622794999999999932e-01,9.081558737971089368e-01
1.623489499999999919e-01,9.081404842439669833e-01
1.624183999999999906e-01,9.081251424941976236e-01
1.624878499999999892e-01,9.081097980288266314e-01
1.625572999999999879e-01,9.080945012818421036e-01
1.626267499999999866e-01,9.080792018382719544e-01
1.626962000000000130e-01,9.080639500211998838e-01
1.627656500000000117e-01,9.080486955214237543e-01
1.628351000000000104e-01,9.080334885354568453e-01
1.629045500000000091e-01,9.080182784524536421e-01
1.629740500000000092e-01,9.080030908633105469e-01
1.630435000000000079e-01,9.079879510670544329e-01
1.631129500000000065e-01,9.079728086182529134e-01
1.631824000000000052e-01,9.079577134714135189e-01
1.632518500000000039e-01,9.079426156954081284e-01
1.633213000000000026e-01,9.079275651343330367e-01
1.633907500000000013e-01,9.079125119626445528e-01
1.634601999999999999e-01,9.078975059179300588e-01
1.635296499999999986e-01,9.078824972801265991e-01
1.635990999999999973e-01,9.078675356787163642e-01
1.636685499999999960e-01,9.078525714972451865e-01
1.637379999999999947e-01,9.078376542399166915e-01
1.638074499999999933e-01,9.078227339893509829e-01
1.638769499999999935e-01,9.078078359875434433e-01
1.639463999999999921e-01,9.077929851792950755e-01
1.640158499999999908e-01,9.077781318153277379e-01
1.640852999999999895e-01,9.077633251611553211e-01
1.641547499999999882e-01,9.077485159753785338e-01
1.642241999999999869e-01,9.077337534129352736e-01
1.642936500000000133e-01,9.077189883361792555e-01
1.643631000000000120e-01,9.077042697916302139e-01
1.644325500000000106e-01,9.076895487459251122e-01
1.645020000000000093e-01,9.076748741395586073e-01
1.645714500000000080e-01,9.076601970440505429e-01
1.646409000000000067e-01,9.076455662792449752e-01
1.647103500000000054e-01,9.076309326152971479e-01
1.647798500000000055e-01,9.076163209530396792e-01
1.648493000000000042e-01,9.076017558843451072e-01
1.649187500000000028e-01,9.075871883499979642e-01
1.649882000000000015e-01,9.075726669341526165e-01
1.650576500000000002e-01,9.075581430775681024e-01
1.651270999999999989e-01,9.075436652536370552e-01
1.651965499999999976e-01,9.075291850038605945e-01
1.652659999999999962e-01,9.075147506944691855e-01
1.653354499999999949e-01,9.075003139704106436e-01
1.654048999999999936e-01,9.074859230782431618e-01
1.654743499999999923e-01,9.074715293651192116e-01
1.655438499999999924e-01,9.074571574451187894e-01
1.656132999999999911e-01,9.074428316199968370e-01
1.656827499999999898e-01,9.074285034050566523e-01
1.657521999999999884e-01,9.074142208098771034e-01
1.658216499999999871e-01,9.073999358451704245e-01
1.658911000000000135e-01,9.073856964136597369e-01
1.659605500000000122e-01,9.073714546282283244e-01
1.660300000000000109e-01,9.073572582861295643e-01
1.660994500000000096e-01,9.073430596029490314e-01
1.661689000000000083e-01,9.073289062705524044e-01
1.662383500000000069e-01,9.073147506059181522e-01
1.663078000000000056e-01,9.073006401838196178e-01
1.663772500000000043e-01,9.072865270223176015e-01
1.664467500000000044e-01,9.072724354017237536e-01
1.665162000000000031e-01,9.072583892785811566e-01
1.665856500000000018e-01,9.072443408427842693e-01
1.666551000000000005e-01,9.072303374365533468e-01
1.667245499999999991e-01,9.072163317402428540e-01
1.667939999999999978e-01,9.072023709844488915e-01
1.668634499999999965e-01,9.071884079477159357e-01
1.669328999999999952e-01,9.071744897653634121e-01
1.670023499999999939e-01,9.071605693157810402e-01
1.670717999999999925e-01,9.071466936125034408e-01
1.671412499999999912e-01,9.071328152384966481e-01
1.672107499999999913e-01,9.071189581901345500e-01
1.672801999999999900e-01,9.071051461393695448e-01
1.673496499999999887e-01,9.070913318406103043e-01
1.674190999999999874e-01,9.070775620778397386e-01
1.674885500000000138e-01,9.070637900867501990e-01
1.675580000000000125e-01,9.070500625429486208e-01
1.676274500000000112e-01,9.070363327810613274e-01
1.676969000000000098e-01,9.070226473755629293e-01
1.677663500000000085e-01,9.070089597606705301e-01
1.678358000000000072e-01,9.069953164105419852e-01
1.679052500000000059e-01,9.069816708602476130e-01
1.679747000000000046e-01,9.069680694695573253e-01
1.680441500000000032e-01,9.069544654785146598e-01
1.681136500000000034e-01,9.069408825578387789e-01
1.681831000000000020e-01,9.069273440411147469e-01
1.682525500000000007e-01,9.069138033415843347e-01
1.683219999999999994e-01,9.069003065896463767e-01
1.683914499999999981e-01,9.068868076725113969e-01
1.684608999999999968e-01,9.068733526169698855e-01
1.685303499999999954e-01,9.068598954090465458e-01
1.685997999999999941e-01,9.068464819736135052e-01
1.686692499999999928e-01,9.068330663937548275e-01
1.687386999999999915e-01,9.068196944958396566e-01
1.688081499999999902e-01,9.068063204635894436e-01
1.688775999999999888e-01,9.067929900079609862e-01
1.689470499999999875e-01,9.067796570187532934e-01
1.690165499999999876e-01,9.067663448412489613e-01
1.690859999999999863e-01,9.067530764797397946e-01
1.691554500000000127e-01,9.067398059968425628e-01
1.692249000000000114e-01,9.067265788780674018e-01
1.692943500000000101e-01,9.067133496548305249e-01
1.693638000000000088e-01,9.067001637113781820e-01
1.694332500000000075e-01,9.066869756753467291e-01
1.695027000000000061e-01,9.066738308295445581e-01
1.695721500000000048e-01,9.066606838969196724e-01
1.696416000000000035e-01,9.066475800458431156e-01
1.697110500000000022e-01,9.066344737069229609e-01
1.697805500000000023e-01,9.066213879572807555e-01
1.698500000000000010e-01,9.066083455259235091e-01
1.699194499999999997e-01,9.065953010208437357e-01
1.699888999999999983e-01,9.065822993895075177e-01
1.700583499999999970e-01,9.065692956993893770e-01
1.701277999999999957e-01,9.065563347948712991e-01
1.701972499999999944e-01,9.065433718398742124e-01
1.702666999999999931e-01,9.065304515822483200e-01
1.703361499999999917e-01,9.065175292824811937e-01
1.704055999999999904e-01,9.065046495907888024e-01
1.704750499999999891e-01,9.064917678650686872e-01
1.705444999999999878e-01,9.064789286419684400e-01
1.706139499999999865e-01,9.064660869870181381e-01
1.706834499999999866e-01,9.064532656592051429e-01
1.707529000000000130e-01,9.064404870630548006e-01
1.708223500000000117e-01,9.064277064405649176e-01
1.708918000000000104e-01,9.064149681104379797e-01
1.709612500000000090e-01,9.064022277718400966e-01
1.710307000000000077e-01,9.063895296428621240e-01
1.711001500000000064e-01,9.063768295155807397e-01
1.711696000000000051e-01,9.063641715094384876e-01
1.712390500000000038e-01,9.063515115090015062e-01
1.713085000000000024e-01,9.063388935227393306e-01
1.713779500000000011e-01,9.063262731465061561e-01
1.714474500000000012e-01,9.063136728777003714e-01
1.715168999999999999e-01,9.063011148522377436e-01
1.715863499999999986e-01,9.062885548427419558e-01
1.716557999999999973e-01,9.062760366411696245e-01
1.717252499999999960e-01,9.062635164677319555e-01
1.717946999999999946e-01,9.062510380153795397e-01
1.718641499999999933e-01,9.062385575987470521e-01
1.719335999999999920e-01,9.062261188152226365e-01
1.720030499999999907e-01,9.062136780746288256e-01
1.720724999999999894e-01,9.062012788777727978e-01
1.721419499999999880e-01,9.061888777267186335e-01
1.722113999999999867e-01,9.061765180125919139e-01
1.722808500000000131e-01,9.061641559497973786e-01
1.723503500000000133e-01,9.061518137276126650e-01
1.724198000000000119e-01,9.061395131687282056e-01
1.724892500000000106e-01,9.061272106657238812e-01
1.725587000000000093e-01,9.061149493969899993e-01
1.726281500000000080e-01,9.061026861969000423e-01
1.726976000000000067e-01,9.060904641451780206e-01
1.727670500000000053e-01,9.060782401685526510e-01
1.728365000000000040e-01,9.060660572532277524e-01
1.729059500000000027e-01,9.060538724187255921e-01
1.729754000000000014e-01,9.060417285567089474e-01
1.730448500000000001e-01,9.060295827774982325e-01
1.731142999999999987e-01,9.060174778656371330e-01
1.731837499999999974e-01,9.060053706440536203e-01
1.732532499999999975e-01,9.059932829970586132e-01
1.733226999999999962e-01,9.059812364360960713e-01
1.733921499999999949e-01,9.059691879642856049e-01
1.734615999999999936e-01,9.059571801565692306e-01
1.735310499999999923e-01,9.059451704514720483e-01
1.736004999999999909e-01,9.059332013257973548e-01
1.736699499999999896e-01,9.059212303081836115e-01
1.737393999999999883e-01,9.059092997805419101e-01
1.738088499999999870e-01,9.058973673625398959e-01
1.738783000000000134e-01,9.058854753285241479e-01
1.739477500000000121e-01,9.058735810118606624e-01
1.740172500000000122e-01,9.058617060437126334e-01
1.740867000000000109e-01,9.058498716758327518e-01
1.741561500000000096e-01,9.058380354208923624e-01
1.742256000000000082e-01,9.058262393478819785e-01
1.742950500000000069e-01,9.058144414011073398e-01
1.743645000000000056e-01,9.058026835529164877e-01
1.744339500000000043e-01,9.057909238373827998e-01
1.745034000000000030e-01,9.057792041352618062e-01
1.745728500000000016e-01,9.057674825691942599e-01
1.746423000000000003e-01,9.057558009278035005e-01
1.747117499999999990e-01,9.057441174231274372e-01
1.747811999999999977e-01,9.057324737385853419e-01
1.748506499999999964e-01,9.057208278006524393e-01
1.749201499999999965e-01,9.057092009456340076e-01
1.749895999999999952e-01,9.056976141230190791e-01
1.750590499999999938e-01,9.056860254397141041e-01
1.751284999999999925e-01,9.056744763747386351e-01
1.751979499999999912e-01,9.056629254589227962e-01
1.752673999999999899e-01,9.056514140767173426e-01
1.753368499999999885e-01,9.056399008486076818e-01
1.754062999999999872e-01,9.056284270687919857e-01
1.754757500000000137e-01,9.056169514462355519e-01
1.755452000000000123e-01,9.056055151838713346e-01
1.756146500000000110e-01,9.055940770794143058e-01
1.756841000000000097e-01,9.055826782321815260e-01
1.757535500000000084e-01,9.055712771552766327e-01
1.758230500000000085e-01,9.055598948922366498e-01
1.758925000000000072e-01,9.055485520928376886e-01
1.759619500000000059e-01,9.055372074504121072e-01
1.760314000000000045e-01,9.055259018631276469e-01
1.761008500000000032e-01,9.055145944431910454e-01
1.761703000000000019e-01,9.055033259956805081e-01
1.762397500000000006e-01,9.054920557196591835e-01
1.763091999999999993e-01,9.054808243322461925e-01
1.763786499999999979e-01,9.054695911184592605e-01
1.764480999999999966e-01,9.054583966903595460e-01
1.765175499999999953e-01,9.054472000482229888e-01
1.765870499999999954e-01,9.054360219926760323e-01
1.766564999999999941e-01,9.054248829259957665e-01
1.767259499999999928e-01,9.054137420318296714e-01
1.767953999999999914e-01,9.054026397249711477e-01
1.768648499999999901e-01,9.053915356017067095e-01
1.769342999999999888e-01,9.053804699842298298e-01
1.770037499999999875e-01,9.053694025532847967e-01
1.770731999999999862e-01,9.053583735418833101e-01
1.771426500000000126e-01,9.053473427179059563e-01
1.772121000000000113e-01,9.053363502261657647e-01
1.772815500000000100e-01,9.053253559208011003e-01
1.773510000000000086e-01,9.053143998465955633e-01
1.774204500000000073e-01,9.053034415736789242e-01
1.774899500000000074e-01,9.052925016182599149e-01
1.775594000000000061e-01,9.052816000910116623e-01
1.776288500000000048e-01,9.052706967445381947e-01
1.776983000000000035e-01,9.052598314276465441e-01
1.777677500000000022e-01,9.052489643008077014e-01
1.778372000000000008e-01,9.052381351229616957e-01
1.779066499999999995e-01,9.052273041396420306e-01
1.779760999999999982e-01,9.052165110233176826e-01
1.780455499999999969e-01,9.052057161027645682e-01
1.781149999999999956e-01,9.051949589476662172e-01
1.781844499999999942e-01,9.051841996024287962e-01
1.782539499999999943e-01,9.051734583476093166e-01
1.783233999999999930e-01,9.051627550536521793e-01
1.783928499999999917e-01,9.051520499502224704e-01
1.784622999999999904e-01,9.051413824152322318e-01
1.785317499999999891e-01,9.051307130767062281e-01
1.786011999999999877e-01,9.051200812228309411e-01
1.786706499999999864e-01,9.051094475677541329e-01
1.787401000000000129e-01,9.050988513149149650e-01
1.788095500000000115e-01,9.050882532634386690e-01
1.788790000000000102e-01,9.050776925303859466e-01
1.789484500000000089e-01,9.050671299972703476e-01
1.790179000000000076e-01,9.050566046807115850e-01
1.790873500000000063e-01,9.050460771796514647e-01
1.791568500000000064e-01,9.050355674989912780e-01
1.792263000000000051e-01,9.050250952272166360e-01
1.792957500000000037e-01,9.050146211478813374e-01
1.793652000000000024e-01,9.050041840894605949e-01
1.794346500000000011e-01,9.049937452306093810e-01
1.795040999999999998e-01,9.049833433113197989e-01
1.795735499999999984e-01,9.049729395924954733e-01
1.796429999999999971e-01,9.049625727300061317e-01
1.797124499999999958e-01,9.049522040680765267e-01
1.797818999999999945e-01,9.049418721807198640e-01
1.798513499999999932e-01,9.049315384934377704e-01
1.799207999999999918e-01,9.049212414817080496e-01
1.799902499999999905e-01,9.049109422898080624e-01
1.800597499999999906e-01,9.049006606496496907e-01
1.801291999999999893e-01,9.048904158721190472e-01
1.801986499999999880e-01,9.048801692854090417e-01
1.802680999999999867e-01,9.048699591789405305e-01
1.803375500000000131e-01,9.048597472716337631e-01
1.804070000000000118e-01,9.048495717648173953e-01
1.804764500000000105e-01,9.048393944580704895e-01
1.805459000000000092e-01,9.048292534686851463e-01
1.806153500000000078e-01,9.048191106767843328e-01
1.806848000000000065e-01,9.048090041022115448e-01
1.807542500000000052e-01,9.047988953434740189e-01
1.808237500000000053e-01,9.047888039075296929e-01
1.808932000000000040e-01,9.047787488751951601e-01
1.809626500000000027e-01,9.047686920305786362e-01
1.810321000000000013e-01,9.047586712112828389e-01
1.811015500000000000e-01,9.047486485853429850e-01
1.811709999999999987e-01,9.047386619033457311e-01
1.812404499999999974e-01,9.047286734148752840e-01
1.813098999999999961e-01,9.047187207898220729e-01
1.813793499999999947e-01,9.047087663573714078e-01
1.814487999999999934e-01,9.046988477056245870e-01
1.815182499999999921e-01,9.046889272425129302e-01
1.815876999999999908e-01,9.046790424611641512e-01
1.816571499999999895e-01,9.046691554902962507e-01
1.817266499999999896e-01,9.046592855733804894e-01
1.817960999999999883e-01,9.046494515222196497e-01
1.818655499999999869e-01,9.046396156499398877e-01
1.819350000000000134e-01,9.046298152695591011e-01
1.820044500000000121e-01,9.046200130739336931e-01
1.820739000000000107e-01,9.046102462913583331e-01
1.821433500000000094e-01,9.046004776938119107e-01
1.822128000000000081e-01,9.045907444291142463e-01
1.822822500000000068e-01,9.045810093472952396e-01
1.823517000000000055e-01,9.045713095011654881e-01
1.824211500000000041e-01,9.045616074603843870e-01
1.824906500000000042e-01,9.045519222479595500e-01
1.825601000000000029e-01,9.045422724503310308e-01
1.826295500000000016e-01,9.045326208241678545e-01
1.826990000000000003e-01,9.045230042453077379e-01
1.827684499999999990e-01,9.045133858421180451e-01
1.828378999999999976e-01,9.045038024047754588e-01
1.829073499999999963e-01,9.044942171402303721e-01
1.829767999999999950e-01,9.044846667604610202e-01
1.830462499999999937e-01,9.044751145499041467e-01
1.831156999999999924e-01,9.044655971435547892e-01
1.831851499999999910e-01,9.044560779041704857e-01
1.832545999999999897e-01,9.044465933731060669e-01
1.833240499999999884e-01,9.044371066341813092e-01
1.833935499999999885e-01,9.044276364545531521e-01
1.834629999999999872e-01,9.044182011598552728e-01
1.835324500000000136e-01,9.044087640199038880e-01
1.836019000000000123e-01,9.043993614014640414e-01
1.836713500000000110e-01,9.043899569421217643e-01
1.837408000000000097e-01,9.043805869265897357e-01
1.838102500000000084e-01,9.043712150697035268e-01
1.838797000000000070e-01,9.043618775769388662e-01
1.839491500000000057e-01,9.043525382392415546e-01
1.840186000000000044e-01,9.043432331847035544e-01
1.840880500000000031e-01,9.043339262808638424e-01
1.841575000000000017e-01,9.043246535651463525e-01
1.842269500000000004e-01,9.043153786267538186e-01
1.842964500000000005e-01,9.043061199828500429e-01
1.843658999999999992e-01,9.042968957009918096e-01
1.844353499999999979e-01,9.042876695561781197e-01
1.845047999999999966e-01,9.042784774130494529e-01
1.845742499999999953e-01,9.042692834088382758e-01
1.846436999999999939e-01,9.042601233291488461e-01
1.847131499999999926e-01,9.042509613868946472e-01
1.847825999999999913e-01,9.042418332908720435e-01
1.848520499999999900e-01,9.042327033280096460e-01
1.849214999999999887e-01,9.042236071158216149e-01
1.849909499999999873e-01,9.042145086628329276e-01
1.850604499999999875e-01,9.042054262763826733e-01
1.851298999999999861e-01,9.041963778113827344e-01
1.851993500000000126e-01,9.041873274645482184e-01
1.852688000000000113e-01,9.041783106857761432e-01
1.853382500000000099e-01,9.041692920284817303e-01
1.854077000000000086e-01,9.041603068614453287e-01
1.854771500000000073e-01,9.041513198131987394e-01
1.855466000000000060e-01,9.041423661778089649e-01
1.856160500000000046e-01,9.041334106590944719e-01
1.856855000000000033e-01,9.041244884756892697e-01
1.857549500000000020e-01,9.041155644048315398e-01
1.858244000000000007e-01,9.041066735750248329e-01
1.858938499999999994e-01,9.040977804836712872e-01
1.859633499999999995e-01,9.040889031933763142e-01
1.860327999999999982e-01,9.040800593086779635e-01
1.861022499999999968e-01,9.040712135171914410e-01
1.861716999999999955e-01,9.040624007839436205e-01
1.862411499999999942e-01,9.040535861476781676e-01
1.863105999999999929e-01,9.040448044942818173e-01
1.863800499999999916e-01,9.040360209349973530e-01
1.864494999999999902e-01,9.040272702808015426e-01
1.865189499999999889e-01,9.040185177147368467e-01
1.865883999999999876e-01,9.040097979595315136e-01
1.866578499999999863e-01,9.040010759212644409e-01
1.867273499999999864e-01,9.039923694604784510e-01
1.867968000000000128e-01,9.039836959757568957e-01
1.868662500000000115e-01,9.039750205611878364e-01
1.869357000000000102e-01,9.039663777769889608e-01
1.870051500000000089e-01,9.039577330636932029e-01
1.870746000000000075e-01,9.039491209037410213e-01
1.871440500000000062e-01,9.039405068109009900e-01
1.872135000000000049e-01,9.039319251962947277e-01
1.872829500000000036e-01,9.039233416481078365e-01
1.873524000000000023e-01,9.039147905035316288e-01
1.874218500000000009e-01,9.039062374195592220e-01
1.874912999999999996e-01,9.038977166455517409e-01
1.875607499999999983e-01,9.038891935609758566e-01
1.876302499999999984e-01,9.038806857905482550e-01
1.876996999999999971e-01,9.038722104918299749e-01
1.877691499999999958e-01,9.038637332344124919e-01
1.878385999999999945e-01,9.038552881093725455e-01
1.879080499999999931e-01,9.038468410275479759e-01
1.879774999999999918e-01,9.038384260036311790e-01
1.880469499999999905e-01,9.038300090193910341e-01
1.881163999999999892e-01,9.038216240184175909e-01
1.881858499999999879e-01,9.038132370532042659e-01
1.882552999999999865e-01,9.038048819954710433e-01
1.883247500000000130e-01,9.037965249664912104e-01
1.883942000000000117e-01,9.037881997515768706e-01
1.884636500000000103e-01,9.037798721955510040e-01
1.885331500000000104e-01,9.037715596895432579e-01
1.886026000000000091e-01,9.037632791551495348e-01
1.886720500000000078e-01,9.037549966270473911e-01
1.887415000000000065e-01,9.037467457357916123e-01
1.888109500000000052e-01,9.037384928538022555e-01
1.888804000000000038e-01,9.037302715353129345e-01
1.889498500000000025e-01,9.037220482216254958e-01
1.890193000000000012e-01,9.037138563969508986e-01
1.890887499999999999e-01,9.037056625715076397e-01
1.891581999999999986e-01,9.036975001447520306e-01
1.892276499999999972e-01,9.036893353496977532e-01
1.892971499999999974e-01,9.036811853858899291e-01
1.893665999999999960e-01,9.036730669770605129e-01
1.894360499999999947e-01,9.036649465457008423e-01
1.895054999999999934e-01,9.036568573375687308e-01
1.895749499999999921e-01,9.036487661080832012e-01
1.896443999999999908e-01,9.036407060287607873e-01
1.897138499999999894e-01,9.036326439240601749e-01
1.897832999999999881e-01,9.036246128975964353e-01
1.898527499999999868e-01,9.036165798418177575e-01
1.899222000000000132e-01,9.036085777909355077e-01
1.899916500000000119e-01,9.036005737034928931e-01
1.900611000000000106e-01,9.035926005287240326e-01
1.901305500000000093e-01,9.035846249509922323e-01
1.902000500000000094e-01,9.035766639451618953e-01
1.902695000000000081e-01,9.035687340068861984e-01
1.903389500000000067e-01,9.035608020086940417e-01
1.904084000000000054e-01,9.035529007497679066e-01
1.904778500000000041e-01,9.035449974310263421e-01
1.905473000000000028e-01,9.035371247787176152e-01
1.906167500000000015e-01,9.035292500618418154e-01
1.906862000000000001e-01,9.035214059402830733e-01
1.907556499999999988e-01,9.035135597501912086e-01
1.908250999999999975e-01,9.035057440829065145e-01
1.908945499999999962e-01,9.034979263397279192e-01
1.909639999999999949e-01,9.034901390299501234e-01
1.910334499999999935e-01,9.034823492798004230e-01
1.911029499999999937e-01,9.034745738447204078e-01
1.911723999999999923e-01,9.034668289942963115e-01
1.912418499999999910e-01,9.034590820443987313e-01
1.913112999999999897e-01,9.034513653564786306e-01
1.913807499999999884e-01,9.034436465685838913e-01
1.914501999999999871e-01,9.034359579715336430e-01
1.915196500000000135e-01,9.034282672696739569e-01
1.915891000000000122e-01,9.034206066877165098e-01
1.916585500000000108e-01,9.034129439951248397e-01
1.917280000000000095e-01,9.034053113346514063e-01
1.917974500000000082e-01,9.033976762002673411e-01
1.918669500000000083e-01,9.033900551632254583e-01
1.919364000000000070e-01,9.033824643077995598e-01
1.920058500000000057e-01,9.033748713176876777e-01
1.920753000000000044e-01,9.033673081906073987e-01
1.921447500000000030e-01,9.033597429287937297e-01
1.922142000000000017e-01,9.033522074582897021e-01
1.922836500000000004e-01,9.033446698455467327e-01
1.923530999999999991e-01,9.033371619518230089e-01
1.924225499999999978e-01,9.033296519103635180e-01
1.924919999999999964e-01,9.033221715174317712e-01
1.925614499999999951e-01,9.033146889699263937e-01
1.926308999999999938e-01,9.033072359843415944e-01
1.927003499999999925e-01,9.032997804818274634e-01
1.927698499999999926e-01,9.032923388223105254e-01
1.928392999999999913e-01,9.032849268710744228e-01
1.929087499999999900e-01,9.032775127394816472e-01
1.929781999999999886e-01,9.032701280015643652e-01
1.930476499999999873e-01,9.032627410831273185e-01
1.931171000000000137e-01,9.032553834908811918e-01
1.931865500000000124e-01,9.032480237136931711e-01
1.932560000000000111e-01,9.032406931934291450e-01
1.933254500000000098e-01,9.032333604819762218e-01
1.933949000000000085e-01,9.032260569407650763e-01
1.934643500000000071e-01,9.032187508465837622e-01
1.935338500000000073e-01,9.032114583822469234e-01
1.936033000000000059e-01,9.032041952347217295e-01
1.936727500000000046e-01,9.031969298708086846e-01
1.937422000000000033e-01,9.031896935128295167e-01
1.938116500000000020e-01,9.031824549360414345e-01
1.938811000000000007e-01,9.031752452938691667e-01
1.939505499999999993e-01,9.031680334246799946e-01
1.940199999999999980e-01,9.031608504198392895e-01
1.940894499999999967e-01,9.031536651827500872e-01
1.941588999999999954e-01,9.031465087419754401e-01
1.942283499999999941e-01,9.031393500619787629e-01
1.942977999999999927e-01,9.031322200927841548e-01
1.943672499999999914e-01,9.031250875228564734e-01
1.944367499999999915e-01,9.031179683302080763e-01
1.945061999999999902e-01,9.031108779910106410e-01
1.945756499999999889e-01,9.031037853852116326e-01
1.946450999999999876e-01,9.030967213276761552e-01
1.947145499999999863e-01,9.030896550023956859e-01
1.947840000000000127e-01,9.030826171569338312e-01
1.948534500000000114e-01,9.030755770366641899e-01
1.949229000000000100e-01,9.030685653275856151e-01
1.949923500000000087e-01,9.030615513386571758e-01
1.950618000000000074e-01,9.030545656940878185e-01
1.951312500000000061e-01,9.030475777619406674e-01
1.952007000000000048e-01,9.030406180891706880e-01
1.952701500000000034e-01,9.030336557690732402e-01
1.953396500000000036e-01,9.030267065771003798e-01
1.954091000000000022e-01,9.030197857850261745e-01
1.954785500000000009e-01,9.030128626771096734e-01
1.955479999999999996e-01,9.030059676679297320e-01
1.956174499999999983e-01,9.029990703432139165e-01
1.956868999999999970e-01,9.029922010507042129e-01
1.957563499999999956e-01,9.029853294356823268e-01
1.958257999999999943e-01,9.029784857839939782e-01
1.958952499999999930e-01,9.029716397996003785e-01
1.959646999999999917e-01,9.029648216944279326e-01
1.960341499999999904e-01,9.029580008984210426e-01
1.961036499999999905e-01,9.029511930221369997e-01
1.961730999999999892e-01,9.029444131662938133e-01
1.962425499999999878e-01,9.029376309514701715e-01
1.963119999999999865e-01,9.029308764586460034e-01
1.963814500000000129e-01,9.029241196045078022e-01
1.964509000000000116e-01,9.029173904053615640e-01
1.965203500000000103e-01,9.029106588384233634e-01
1.965898000000000090e-01,9.029039548617813216e-01
1.966592500000000077e-01,9.028972485116985025e-01
1.967287000000000063e-01,9.028905696852508322e-01
1.967981500000000050e-01,9.028838884757882655e-01
1.968676000000000037e-01,9.028772347048983349e-01
1.969370500000000024e-01,9.028705781926070761e-01
1.970065500000000025e-01,9.028639343534100581e-01
1.970760000000000012e-01,9.028573180915694385e-01
1.971454499999999999e-01,9.028506994184881673e-01
1.972148999999999985e-01,9.028441080295714904e-01
1.972843499999999972e-01,9.028375142287570210e-01
1.973537999999999959e-01,9.028309476462450522e-01
1.974232499999999946e-01,9.028243786436686014e-01
1.974926999999999933e-01,9.028178367935878468e-01
1.975621499999999919e-01,9.028112925152772528e-01
1.976315999999999906e-01,9.028047753088079830e-01
1.977010499999999893e-01,9.027982553176497893e-01
1.977705499999999894e-01,9.027917477943152580e-01
1.978399999999999881e-01,9.027852674753922280e-01
1.979094499999999868e-01,9.027787846966656149e-01
1.979789000000000132e-01,9.027723288332822893e-01
1.980483500000000119e-01,9.027658705104185666e-01
1.981178000000000106e-01,9.027594390400752733e-01
1.981872500000000092e-01,9.027530051032280900e-01
1.982567000000000079e-01,9.027465979536145602e-01
1.983261500000000066e-01,9.027401883285458561e-01
1.983956000000000053e-01,9.027338054248299493e-01
1.984650500000000040e-01,9.027274200366067758e-01
1.985345000000000026e-01,9.027210612881024776e-01
1.986039500000000013e-01,9.027146997011911145e-01
1.986734500000000014e-01,9.027083503421574617e-01
1.987429000000000001e-01,9.027020277588034824e-01
1.988123499999999988e-01,9.026957026626870606e-01
1.988817999999999975e-01,9.026894040554709342e-01
1.989512499999999962e-01,9.026831029342134993e-01
1.990206999999999948e-01,9.026768282391396392e-01
1.990901499999999935e-01,9.026705510231403107e-01
1.991595999999999922e-01,9.026643001704612868e-01
1.992290499999999909e-01,9.026580467883986714e-01
1.992984999999999896e-01,9.026518197036212943e-01
1.993679499999999882e-01,9.026455900780260277e-01
1.994373999999999869e-01,9.026393866678711353e-01
1.995068500000000133e-01,9.026331803629374928e-01
1.995763500000000135e-01,9.026269860468585371e-01
1.996458000000000121e-01,9.026208180795702862e-01
1.997152500000000108e-01,9.026146475418888038e-01
1.997847000000000095e-01,9.026085030706153534e-01
1.998541500000000082e-01,9.026023560254986533e-01
1.999236000000000069e-01,9.025962349844723898e-01
1.999930500000000055e-01,9.025901113622699645e-01
2.000625000000000042e-01,9.025840136817648851e-01
2.001319500000000029e-01,9.025779134132866366e-01
2.002014000000000016e-01,9.025718390080003095e-01
2.002708500000000003e-01,9.025657616616333812e-01
2.003403500000000004e-01,9.025596961033830468e-01
2.004097999999999991e-01,9.025536565375660292e-01
2.004792499999999977e-01,9.025476143512216609e-01
2.005486999999999964e-01,9.025415978797860506e-01
2.006181499999999951e-01,9.025355787878392988e-01
2.006875999999999938e-01,9.025295853505214128e-01
2.007570499999999925e-01,9.025235892841204643e-01
2.008264999999999911e-01,9.025176188093041452e-01
2.008959499999999898e-01,9.025116456971602474e-01
2.009653999999999885e-01,9.025056981141007517e-01
2.010348499999999872e-01,9.024997478845210308e-01
2.011043000000000136e-01,9.024938231064383309e-01
2.011737500000000123e-01,9.024878953293493655e-01
2.012432500000000124e-01,9.024819791080384013e-01
2.013127000000000111e-01,9.024760884660073534e-01
2.013821500000000098e-01,9.024701951451015169e-01
2.014516000000000084e-01,9.024643271296327596e-01
2.015210500000000071e-01,9.024584564328822500e-01
2.015905000000000058e-01,9.024526109809635210e-01
2.016599500000000045e-01,9.024467628406264152e-01
2.017294000000000032e-01,9.024409398839579044e-01
2.017988500000000018e-01,9.024351142304152251e-01
2.018683000000000005e-01,9.024293136839991458e-01
2.019377499999999992e-01,9.024235100903095219e-01
2.020072499999999993e-01,9.024177178567618363e-01
2.020766999999999980e-01,9.024119508577767013e-01
2.021461499999999967e-01,9.024061811290783330e-01
2.022155999999999954e-01,9.024004363624864578e-01
2.022850499999999940e-01,9.023946888631190211e-01
2.023544999999999927e-01,9.023889662659040356e-01
2.024239499999999914e-01,9.023832409286197676e-01
2.024933999999999901e-01,9.023775404341721762e-01
2.025628499999999887e-01,9.023718371931575000e-01
2.026322999999999874e-01,9.023661587358274838e-01
2.027017500000000139e-01,9.023604775215142704e-01
2.027712000000000125e-01,9.023548210141866255e-01
2.028406500000000112e-01,9.023491613989761406e-01
2.029101500000000113e-01,9.023435129141975652e-01
2.029796000000000100e-01,9.023378892615083746e-01
2.030490500000000087e-01,9.023322628189526240e-01
2.031185000000000074e-01,9.023266609422168072e-01
2.031879500000000061e-01,9.023210562730579198e-01
2.032574000000000047e-01,9.023154761093827858e-01
2.033268500000000034e-01,9.023098931435115100e-01
2.033963000000000021e-01,9.023043346228228900e-01
2.034657500000000008e-01,9.022987732928337001e-01
2.035351999999999995e-01,9.022932363500767439e-01
2.036046499999999981e-01,9.022876965887965950e-01
2.036740999999999968e-01,9.022821811387985447e-01
2.037435499999999955e-01,9.022766625200975277e-01
2.038130499999999956e-01,9.022711548037987139e-01
2.038824999999999943e-01,9.022656715224551816e-01
2.039519499999999930e-01,9.022601853882304956e-01
2.040213999999999916e-01,9.022547234258478932e-01
2.040908499999999903e-01,9.022492586093647793e-01
2.041602999999999890e-01,9.022438179070697561e-01
2.042297499999999877e-01,9.022383743421374946e-01
2.042991999999999864e-01,9.022329548335304983e-01
2.043686500000000128e-01,9.022275324529523965e-01
2.044381000000000115e-01,9.022221340560354630e-01
2.045075500000000102e-01,9.022167324405429012e-01
2.045770500000000103e-01,9.022113415410150106e-01
2.046465000000000090e-01,9.022059747480857261e-01
2.047159500000000076e-01,9.022006050498558860e-01
2.047854000000000063e-01,9.021952591967535851e-01
2.048548500000000050e-01,9.021899104361047472e-01
2.049243000000000037e-01,9.021845854638035345e-01
2.049937500000000024e-01,9.021792575759974842e-01
2.050632000000000010e-01,9.021739534188504273e-01
2.051326499999999997e-01,9.021686463369733566e-01
2.052020999999999984e-01,9.021633629267090670e-01
2.052715499999999971e-01,9.021580765795953472e-01
2.053409999999999958e-01,9.021528138290382248e-01
2.054104499999999944e-01,9.021475477958593725e-01
2.054799499999999945e-01,9.021422922545708767e-01
2.055493999999999932e-01,9.021370604349769895e-01
2.056188499999999919e-01,9.021318256476927866e-01
2.056882999999999906e-01,9.021266143239778934e-01
2.057577499999999893e-01,9.021214000291082336e-01
2.058271999999999879e-01,9.021162091403149841e-01
2.058966499999999866e-01,9.021110152703871732e-01
2.059661000000000131e-01,9.021058447513274903e-01
2.060355500000000117e-01,9.021006712438087716e-01
2.061050000000000104e-01,9.020955210317644912e-01
2.061744500000000091e-01,9.020903678213653132e-01
2.062439000000000078e-01,9.020852378320113329e-01
2.063133500000000065e-01,9.020801044980781835e-01
2.063828500000000066e-01,9.020749814378904441e-01
2.064523000000000053e-01,9.020698817218195664e-01
2.065217500000000039e-01,9.020647789760040114e-01
2.065912000000000026e-01,9.020596993216323245e-01
2.066606500000000013e-01,9.020546166332571447e-01
2.067301000000000000e-01,9.020495569793652857e-01
2.067995499999999987e-01,9.020444942806047361e-01
2.068689999999999973e-01,9.020394545590624258e-01
2.069384499999999960e-01,9.020344117838542397e-01
2.070078999999999947e-01,9.020293919158062224e-01
2.070773499999999934e-01,9.020243686514878290e-01
2.071468499999999935e-01,9.020193554787503398e-01
2.072162999999999922e-01,9.020143653347872936e-01
2.072857499999999908e-01,9.020093721054255331e-01
2.073551999999999895e-01,9.020044016534022324e-01
2.074246499999999882e-01,9.019994281134471326e-01
2.074940999999999869e-01,9.019944772977123160e-01
2.075635500000000133e-01,9.019895233840925508e-01
2.076330000000000120e-01,9.019845921382132481e-01
2.077024500000000107e-01,9.019796577838363749e-01
2.077719000000000094e-01,9.019747460404539119e-01
2.078413500000000080e-01,9.019698311777438748e-01
2.079108000000000067e-01,9.019649388560029291e-01
2.079802500000000054e-01,9.019600430730938534e-01
2.080497500000000055e-01,9.019551571690828107e-01
2.081192000000000042e-01,9.019502939285476417e-01
2.081886500000000029e-01,9.019454275384348740e-01
2.082581000000000016e-01,9.019405835639754399e-01
2.083275500000000002e-01,9.019357364357800666e-01
2.083969999999999989e-01,9.019309116692161288e-01
2.084664499999999976e-01,9.019260837397955477e-01
2.085358999999999963e-01,9.019212781167701420e-01
2.086053499999999949e-01,9.019164693215069306e-01
2.086747999999999936e-01,9.019116827630246913e-01
2.087442499999999923e-01,9.019068926891954385e-01
2.088137499999999924e-01,9.019021123139727703e-01
2.088831999999999911e-01,9.018973542946175925e-01
2.089526499999999898e-01,9.018925930697425652e-01
2.090220999999999885e-01,9.018878539573724762e-01
2.090915499999999871e-01,9.018831116374761425e-01
2.091610000000000136e-01,9.018783913776705630e-01
2.092304500000000123e-01,9.018736678991275957e-01
2.092999000000000109e-01,9.018689664247226956e-01
2.093693500000000096e-01,9.018642617213395996e-01
2.094388000000000083e-01,9.018595789694442422e-01
2.095082500000000070e-01,9.018548929793779312e-01
2.095777000000000057e-01,9.018502288731334859e-01
2.096471500000000043e-01,9.018455611865845434e-01
2.097166500000000045e-01,9.018409029902511032e-01
2.097861000000000031e-01,9.018362667945756250e-01
2.098555500000000018e-01,9.018316273270481354e-01
2.099250000000000005e-01,9.018270096209877185e-01
2.099944499999999992e-01,9.018223886415739354e-01
2.100638999999999978e-01,9.018177893731974537e-01
2.101333499999999965e-01,9.018131868225387482e-01
2.102027999999999952e-01,9.018086059277291566e-01
2.102722499999999939e-01,9.018040217400697944e-01
2.103416999999999926e-01,9.017994591545961391e-01
2.104111499999999912e-01,9.017948932651153049e-01
2.104805999999999899e-01,9.017903489109965198e-01
2.105500499999999886e-01,9.017858009123546070e-01
2.106195499999999887e-01,9.017812621990470845e-01
2.106889999999999874e-01,9.017767451377108889e-01
2.107584500000000138e-01,9.017722247383042067e-01
2.108279000000000125e-01,9.017677257524312484e-01
2.108973500000000112e-01,9.017632234256807156e-01
2.109668000000000099e-01,9.017587424623024761e-01
2.110362500000000086e-01,9.017542581493440679e-01
2.111057000000000072e-01,9.017497951476894924e-01
2.111751500000000059e-01,9.017453287847665422e-01
2.112446000000000046e-01,9.017408836669988936e-01
2.113140500000000033e-01,9.017364348479187663e-01
2.113835500000000034e-01,9.017319951416239432e-01
2.114530000000000021e-01,9.017275767968188083e-01
2.115224500000000007e-01,9.017231550576646493e-01
2.115918999999999994e-01,9.017187544456031212e-01
2.116613499999999981e-01,9.017143504370620510e-01
2.117307999999999968e-01,9.017099675059382369e-01
2.118002499999999955e-01,9.017055811704344226e-01
2.118696999999999941e-01,9.017012158613000317e-01
2.119391499999999928e-01,9.016968471384655404e-01
2.120085999999999915e-01,9.016924993918412623e-01
2.120780499999999902e-01,9.016881482202725451e-01
2.121474999999999889e-01,9.016838179572913559e-01
2.122169499999999875e-01,9.016794839283630569e-01
2.122864499999999877e-01,9.016751588113989246e-01
2.123558999999999863e-01,9.016708547184658640e-01
2.124253500000000128e-01,9.016665471670246568e-01
2.124948000000000115e-01,9.016622604090799298e-01
2.125642500000000101e-01,9.016579701911926481e-01
2.126337000000000088e-01,9.016537007173135443e-01
2.127031500000000075e-01,9.016494277714887096e-01
2.127726000000000062e-01,9.016451755187649963e-01
2.128420500000000049e-01,9.016409197826539268e-01
2.129115000000000035e-01,9.016366846762505771e-01
2.129809500000000022e-01,9.016324457504047984e-01
2.130504500000000023e-01,9.016282155711684565e-01
2.131199000000000010e-01,9.016240061355697000e-01
2.131893499999999997e-01,9.016197931827220069e-01
2.132587999999999984e-01,9.016156007429181329e-01
2.133282499999999970e-01,9.016114047844211443e-01
2.133976999999999957e-01,9.016072292928232201e-01
2.134671499999999944e-01,9.016030502754247555e-01
2.135365999999999931e-01,9.015988916767804229e-01
2.136060499999999918e-01,9.015947295415288609e-01
2.136754999999999904e-01,9.015905877735035379e-01
2.137449499999999891e-01,9.015864424569098867e-01
2.138143999999999878e-01,9.015823174423733821e-01
2.138838499999999865e-01,9.015781885428876263e-01
2.139533499999999866e-01,9.015740681956532221e-01
2.140228000000000130e-01,9.015699682658754321e-01
2.140922500000000117e-01,9.015658647556743510e-01
2.141617000000000104e-01,9.015617814359553339e-01
2.142311500000000091e-01,9.015576945323111602e-01
2.143006000000000077e-01,9.015536277728608550e-01
2.143700500000000064e-01,9.015495574195467876e-01
2.144395000000000051e-01,9.015455071630257278e-01
2.145089500000000038e-01,9.015414533029318944e-01
2.145784000000000025e-01,9.015374194900473981e-01
2.146478500000000011e-01,9.015333820622264405e-01
2.147172999999999998e-01,9.015293646167120700e-01
2.147867499999999985e-01,9.015253432197181116e-01
2.148562499999999986e-01,9.015213301822713188e-01
2.149256999999999973e-01,9.015173372422911058e-01
2.149951499999999960e-01,9.015133406554528550e-01
2.150645999999999947e-01,9.015093639433148232e-01
2.151340499999999933e-01,9.015053835802356863e-01
2.152034999999999920e-01,9.015014230440893117e-01
2.152729499999999907e-01,9.014974588462882910e-01
2.153423999999999894e-01,9.014935144271860601e-01
2.154118499999999881e-01,9.014895663384308033e-01
2.154812999999999867e-01,9.014856379688541699e-01
2.155507500000000132e-01,9.014817055957966563e-01
2.156202500000000133e-01,9.014777814246724974e-01
2.156897000000000120e-01,9.014738770837353865e-01
2.157591500000000106e-01,9.014699690385923336e-01
2.158286000000000093e-01,9.014660806021552730e-01
2.158980500000000080e-01,9.014621884597801005e-01
2.159675000000000067e-01,9.014583158831226406e-01
2.160369500000000054e-01,9.014544395903356655e-01
2.161064000000000040e-01,9.014505828156124112e-01
2.161758500000000027e-01,9.014467223130326889e-01
2.162453000000000014e-01,9.014428812794336165e-01
2.163147500000000001e-01,9.014390365079177903e-01
2.163841999999999988e-01,9.014352111454648764e-01
2.164536499999999974e-01,9.014313817125760853e-01
2.165231499999999976e-01,9.014275602953325528e-01
2.165925999999999962e-01,9.014237583996910219e-01
2.166620499999999949e-01,9.014199527326239858e-01
2.167314999999999936e-01,9.014161663679201020e-01
2.168009499999999923e-01,9.014123762276902152e-01
2.168703999999999910e-01,9.014086053457458503e-01
2.169398499999999896e-01,9.014048306812569855e-01
2.170092999999999883e-01,9.014010752294057127e-01
2.170787499999999870e-01,9.013973159859456352e-01
2.171482000000000134e-01,9.013935758949969124e-01
2.172176500000000121e-01,9.013898316782301690e-01
2.172871500000000122e-01,9.013860953217868177e-01
2.173566000000000109e-01,9.013823782292398334e-01
2.174260500000000096e-01,9.013786573117656964e-01
2.174955000000000083e-01,9.013749554432033406e-01
2.175649500000000069e-01,9.013712497461460194e-01
2.176344000000000056e-01,9.013675630550554985e-01
2.177038500000000043e-01,9.013638725246705397e-01
2.177733000000000030e-01,9.013602009532871717e-01
2.178427500000000017e-01,9.013565255333345627e-01
2.179122000000000003e-01,9.013528690281451539e-01
2.179816499999999990e-01,9.013492086655795488e-01
2.180510999999999977e-01,9.013455671607938369e-01
2.181205499999999964e-01,9.013419214662973245e-01
2.181900499999999965e-01,9.013382834520762277e-01
2.182594999999999952e-01,9.013346644046137390e-01
2.183289499999999939e-01,9.013310414641160229e-01
2.183983999999999925e-01,9.013274372775565979e-01
2.184678499999999912e-01,9.013238291958103332e-01
2.185372999999999899e-01,9.013202398241145774e-01
2.186067499999999886e-01,9.013166465483113399e-01
2.186761999999999873e-01,9.013130719368049881e-01
2.187456500000000137e-01,9.013094934117250601e-01
2.188151000000000124e-01,9.013059335088451363e-01
2.188845500000000110e-01,9.013023696827763276e-01
2.189540000000000097e-01,9.012988244225571544e-01
2.190234500000000084e-01,9.012952749074610859e-01
2.190929500000000085e-01,9.012917328948045759e-01
2.191624000000000072e-01,9.012882095561246532e-01
2.192318500000000059e-01,9.012846822592348595e-01
2.193013000000000046e-01,9.012811734250335549e-01
2.193707500000000032e-01,9.012776606307778549e-01
2.194402000000000019e-01,9.012741662584672353e-01
2.195096500000000006e-01,9.012706679166974100e-01
2.195790999999999993e-01,9.012671879535445463e-01
2.196485499999999980e-01,9.012637040091590057e-01
2.197179999999999966e-01,9.012602383857883925e-01
2.197874499999999953e-01,9.012567684520845779e-01
2.198569499999999954e-01,9.012533058728388058e-01
2.199263999999999941e-01,9.012498617267318268e-01
2.199958499999999928e-01,9.012464135683589950e-01
2.200652999999999915e-01,9.012429836342527034e-01
2.201347499999999902e-01,9.012395496850285070e-01
2.202041999999999888e-01,9.012361339171738317e-01
2.202736499999999875e-01,9.012327141248056561e-01
2.203430999999999862e-01,9.012293124702054348e-01
2.204125500000000126e-01,9.012259067808088275e-01
2.204820000000000113e-01,9.012225191874029262e-01
2.205514500000000100e-01,9.012191275493467435e-01
2.206209000000000087e-01,9.012157539508305337e-01
2.206903500000000073e-01,9.012123759770099829e-01
2.207598500000000075e-01,9.012090051849411809e-01
2.208293000000000061e-01,9.012056525422497133e-01
2.208987500000000048e-01,9.012022958232286385e-01
2.209682000000000035e-01,9.011989570487674017e-01
2.210376500000000022e-01,9.011956141953333388e-01
2.211071000000000009e-01,9.011922892460488832e-01
2.211765499999999995e-01,9.011889602064675486e-01
2.212459999999999982e-01,9.011856490288001620e-01
2.213154499999999969e-01,9.011823337511339904e-01
2.213848999999999956e-01,9.011790362942263544e-01
2.214543499999999943e-01,9.011757347284015118e-01
2.215237999999999929e-01,9.011724509258697280e-01
2.215932499999999916e-01,9.011691626850690806e-01
2.216627499999999917e-01,9.011658814556328112e-01
2.217321999999999904e-01,9.011626180995720992e-01
2.218016499999999891e-01,9.011593506020276756e-01
2.218710999999999878e-01,9.011561007753404740e-01
2.219405499999999865e-01,9.011528468047222962e-01
2.220100000000000129e-01,9.011496104640441818e-01
2.220794500000000116e-01,9.011463699676192096e-01
2.221489000000000102e-01,9.011431470582769165e-01
2.222183500000000089e-01,9.011399199826500839e-01
2.222878000000000076e-01,9.011367104404869321e-01
2.223572500000000063e-01,9.011334964060793151e-01
2.224267500000000064e-01,9.011302892450760993e-01
2.224962000000000051e-01,9.011270997288035600e-01
2.225656500000000038e-01,9.011239060172013815e-01
2.226351000000000024e-01,9.011207297473741162e-01
2.227045500000000011e-01,9.011175492783808361e-01
2.227739999999999998e-01,9.011143862142848571e-01
2.228434499999999985e-01,9.011112189413803542e-01
2.229128999999999972e-01,9.011080690341284338e-01
2.229823499999999958e-01,9.011049149082694942e-01
2.230517999999999945e-01,9.011017781057302223e-01
2.231212499999999932e-01,9.010986370746901786e-01
2.231906999999999919e-01,9.010955133118102589e-01
2.232601499999999906e-01,9.010923849937838570e-01
2.233296499999999907e-01,9.010892633852275457e-01
2.233990999999999894e-01,9.010861591570028528e-01
2.234685499999999880e-01,9.010830506709347487e-01
2.235379999999999867e-01,9.010799593666285467e-01
2.236074500000000131e-01,9.010768637997548236e-01
2.236769000000000118e-01,9.010737853742786241e-01
2.237463500000000105e-01,9.010707026758939531e-01
2.238158000000000092e-01,9.010676370785551947e-01
2.238852500000000079e-01,9.010645672000832107e-01
2.239547000000000065e-01,9.010615143704426844e-01
2.240241500000000052e-01,9.010584569324134874e-01
2.240936500000000053e-01,9.010554060677385957e-01
2.241631000000000040e-01,9.010523723588131917e-01
2.242325500000000027e-01,9.010493343365956198e-01
2.243020000000000014e-01,9.010463132754656934e-01
2.243714500000000001e-01,9.010432878987079119e-01
2.244408999999999987e-01,9.010402794485892208e-01
2.245103499999999974e-01,9.010372666728011515e-01
2.245797999999999961e-01,9.010342707826244357e-01
2.246492499999999948e-01,9.010312705558169988e-01
2.247186999999999935e-01,9.010282871740408206e-01
2.247881499999999921e-01,9.010252994471797949e-01
2.248575999999999908e-01,9.010223285152261230e-01
2.249270499999999895e-01,9.010193529135460677e-01
2.249965499999999896e-01,9.010163837276092824e-01
2.250659999999999883e-01,9.010134314447737491e-01
2.251354499999999870e-01,9.010104747837197614e-01
2.252049000000000134e-01,9.010075348302660769e-01
2.252743500000000121e-01,9.010045904968086994e-01
2.253438000000000108e-01,9.010016628355047574e-01
2.254132500000000094e-01,9.009987307885063412e-01
2.254827000000000081e-01,9.009958153752369858e-01
2.255521500000000068e-01,9.009928955654993299e-01
2.256216000000000055e-01,9.009899923512892927e-01
2.256910500000000042e-01,9.009870847282892559e-01
2.257605000000000028e-01,9.009841936503724114e-01
2.258299500000000015e-01,9.009812978390561167e-01
2.258994500000000016e-01,9.009784082885003986e-01
2.259689000000000003e-01,9.009755353901439667e-01
2.260383499999999990e-01,9.009726580517393169e-01
2.261077999999999977e-01,9.009697971725010301e-01
2.261772499999999964e-01,9.009669318496713597e-01
2.262466999999999950e-01,9.009640829510343618e-01
2.263161499999999937e-01,9.009612296015044874e-01
2.263855999999999924e-01,9.009583926411139920e-01
2.264550499999999911e-01,9.009555512222423568e-01
2.265244999999999898e-01,9.009527261418051047e-01
2.265939499999999884e-01,9.009498962771617103e-01
2.266634499999999885e-01,9.009470725414726600e-01
2.267328999999999872e-01,9.009442652500990745e-01
2.268023500000000137e-01,9.009414534655872941e-01
2.268718000000000123e-01,9.009386579361780001e-01
2.269412500000000110e-01,9.009358579136962364e-01
2.270107000000000097e-01,9.009330741111486462e-01
2.270801500000000084e-01,9.009302858072213427e-01
2.271496000000000071e-01,9.009275136846000009e-01
2.272190500000000057e-01,9.009247370495029328e-01
2.272885000000000044e-01,9.009219765609475239e-01
2.273579500000000031e-01,9.009192115505014753e-01
2.274274000000000018e-01,9.009164626384876806e-01
2.274968500000000005e-01,9.009137088802605664e-01
2.275663500000000006e-01,9.009109611024431752e-01
2.276357999999999993e-01,9.009082295263339812e-01
2.277052499999999979e-01,9.009054933946702981e-01
2.277746999999999966e-01,9.009027732780606756e-01
2.278441499999999953e-01,9.009000486053672097e-01
2.279135999999999940e-01,9.008973399164508233e-01
2.279830499999999927e-01,9.008946266646439271e-01
2.280524999999999913e-01,9.008919293612622781e-01
2.281219499999999900e-01,9.008892274839703784e-01
2.281913999999999887e-01,9.008865415043508795e-01
2.282608499999999874e-01,9.008838506281393599e-01
2.283303499999999875e-01,9.008811656073230090e-01
2.283997999999999862e-01,9.008784965928735566e-01
2.284692500000000126e-01,9.008758229727180655e-01
2.285387000000000113e-01,9.008731651707093668e-01
2.286081500000000100e-01,9.008705027613641558e-01
2.286776000000000086e-01,9.008678561357639225e-01
2.287470500000000073e-01,9.008652048970028359e-01
2.288165000000000060e-01,9.008625694095466763e-01
2.288859500000000047e-01,9.008599292998875629e-01
2.289554000000000034e-01,9.008573049080776940e-01
2.290248500000000020e-01,9.008546758827199463e-01
2.290943000000000007e-01,9.008520625246961844e-01
2.291637499999999994e-01,9.008494442093966104e-01
2.292332499999999995e-01,9.008468316054168978e-01
2.293026999999999982e-01,9.008442347747679380e-01
2.293721499999999969e-01,9.008416332802404725e-01
2.294415999999999956e-01,9.008390473757944550e-01
2.295110499999999942e-01,9.008364568050838406e-01
2.295804999999999929e-01,9.008338817931941245e-01
2.296499499999999916e-01,9.008313021044822566e-01
2.297193999999999903e-01,9.008287379404603668e-01
2.297888499999999889e-01,9.008261690923271559e-01
2.298582999999999876e-01,9.008236157342477401e-01
2.299277499999999863e-01,9.008210576854687179e-01
2.299972000000000127e-01,9.008185150776563122e-01
2.300666500000000114e-01,9.008159674555142882e-01
2.301361500000000115e-01,9.008134254020516707e-01
2.302056000000000102e-01,9.008108988947093332e-01
2.302750500000000089e-01,9.008083676634931480e-01
2.303445000000000076e-01,9.008058517974716350e-01
2.304139500000000063e-01,9.008033312055484521e-01
2.304834000000000049e-01,9.008008259490450920e-01
2.305528500000000036e-01,9.007983159580206234e-01
2.306223000000000023e-01,9.007958212678022214e-01
2.306917500000000010e-01,9.007933218341441783e-01
2.307611999999999997e-01,9.007908376551819751e-01
2.308306499999999983e-01,9.007883484120865480e-01
2.309001499999999985e-01,9.007858646244756295e-01
2.309695999999999971e-01,9.007833961978066739e-01
2.310390499999999958e-01,9.007809229983606558e-01
2.311084999999999945e-01,9.007784649796870546e-01
2.311779499999999932e-01,9.007760021831455743e-01
2.312473999999999918e-01,9.007735545380358699e-01
2.313168499999999905e-01,9.007711021075589519e-01
2.313862999999999892e-01,9.007686647954431525e-01
2.314557499999999879e-01,9.007662226905722713e-01
2.315251999999999866e-01,9.007637956687174485e-01
2.315946500000000130e-01,9.007613638450343574e-01
2.316641000000000117e-01,9.007589470590485758e-01
2.317335500000000104e-01,9.007565251511376880e-01
2.318030500000000105e-01,9.007541085603606446e-01
2.318725000000000092e-01,9.007517071153274824e-01
2.319419500000000078e-01,9.007493008388318678e-01
2.320114000000000065e-01,9.007469095285368654e-01
2.320808500000000052e-01,9.007445133826583739e-01
2.321503000000000039e-01,9.007421321718939167e-01
2.322197500000000026e-01,9.007397461196263722e-01
2.322892000000000012e-01,9.007373749710729793e-01
2.323586499999999999e-01,9.007349989726267658e-01
2.324280999999999986e-01,9.007326378346457441e-01
2.324975499999999973e-01,9.007302715248662883e-01
2.325670499999999974e-01,9.007279104196637132e-01
2.326364999999999961e-01,9.007255642780626070e-01
2.327059499999999947e-01,9.007232132554154891e-01
2.327753999999999934e-01,9.007208770220173077e-01
2.328448499999999921e-01,9.007185359043567985e-01
2.329142999999999908e-01,9.007162095470666596e-01
2.329837499999999895e-01,9.007138782971499946e-01
2.330531999999999881e-01,9.007115617741864311e-01
2.331226499999999868e-01,9.007092403506407052e-01
2.331921000000000133e-01,9.007069336220921985e-01
2.332615500000000119e-01,9.007046219864422998e-01
2.333310000000000106e-01,9.007023250039405404e-01
2.334004500000000093e-01,9.007000227958641414e-01
2.334699500000000094e-01,9.006977256604810078e-01
2.335394000000000081e-01,9.006954432830368562e-01
2.336088500000000068e-01,9.006931559659697717e-01
2.336783000000000055e-01,9.006908832310414059e-01
2.337477500000000041e-01,9.006886055556180271e-01
2.338172000000000028e-01,9.006863424342964608e-01
2.338866500000000015e-01,9.006840743676393091e-01
2.339561000000000002e-01,9.006818208242020063e-01
2.340255499999999989e-01,9.006795623252407124e-01
2.340949999999999975e-01,9.006773183200085242e-01
2.341644499999999962e-01,9.006750693489640192e-01
2.342338999999999949e-01,9.006728348301925591e-01
2.343033499999999936e-01,9.006705950283830919e-01
2.343728499999999937e-01,9.006683601711948928e-01
2.344422999999999924e-01,9.006661398706652388e-01
2.345117499999999910e-01,9.006639145739978591e-01
2.345811999999999897e-01,9.006617036595798709e-01
2.346506499999999884e-01,9.006594877475825323e-01
2.347200999999999871e-01,9.006572861899685423e-01
2.347895500000000135e-01,9.006550796299651607e-01
2.348590000000000122e-01,9.006528873957000414e-01
2.349284500000000109e-01,9.006506901504918172e-01
2.349979000000000096e-01,9.006485071875331982e-01
2.350673500000000082e-01,9.006463188938341746e-01
2.351368500000000084e-01,9.006441354356928830e-01
2.352063000000000070e-01,9.006419663668921993e-01
2.352757500000000057e-01,9.006397922559387093e-01
2.353452000000000044e-01,9.006376323626557046e-01
2.354146500000000031e-01,9.006354674283709727e-01
2.354841000000000018e-01,9.006333166805901014e-01
2.355535500000000004e-01,9.006311608847362704e-01
2.356229999999999991e-01,9.006290192461874344e-01
2.356924499999999978e-01,9.006268725482433624e-01
2.357618999999999965e-01,9.006247399825386690e-01
2.358313499999999951e-01,9.006226023484504850e-01
2.359007999999999938e-01,9.006204788035301334e-01
2.359702499999999925e-01,9.006183498734660064e-01
2.360397499999999926e-01,9.006162256540898303e-01
2.361091999999999913e-01,9.006141156269279469e-01
2.361786499999999900e-01,9.006120005025544106e-01
2.362480999999999887e-01,9.006098994023769011e-01
2.363175499999999873e-01,9.006077932068016212e-01
2.363870000000000138e-01,9.006057010112700212e-01
2.364564500000000125e-01,9.006036037124802718e-01
2.365259000000000111e-01,9.006015203841868377e-01
2.365953500000000098e-01,9.005994319419110550e-01
2.366648000000000085e-01,9.005973574384130709e-01
2.367342500000000072e-01,9.005952778146696369e-01
2.368037000000000059e-01,9.005932120877805369e-01
2.368731500000000045e-01,9.005911409256081024e-01
2.369426500000000047e-01,9.005890743546760557e-01
2.370121000000000033e-01,9.005870217855351800e-01
2.370815500000000020e-01,9.005849640674177259e-01
2.371510000000000007e-01,9.005829201823705166e-01
2.372204499999999994e-01,9.005808711471201544e-01
2.372898999999999980e-01,9.005788359237995033e-01
2.373593499999999967e-01,9.005767955427604887e-01
2.374287999999999954e-01,9.005747689462864081e-01
2.374982499999999941e-01,9.005727371823027960e-01
2.375676999999999928e-01,9.005707191580062387e-01
2.376371499999999914e-01,9.005686956489104000e-01
2.377066499999999916e-01,9.005666766310288507e-01
2.377760999999999902e-01,9.005646714598807279e-01
2.378455499999999889e-01,9.005626610949338806e-01
2.379149999999999876e-01,9.005606644120995874e-01
2.379844499999999863e-01,9.005586625323842576e-01
2.380539000000000127e-01,9.005566743091651949e-01
2.381233500000000114e-01,9.005546808812305848e-01
2.381928000000000101e-01,9.005527010825636891e-01
2.382622500000000088e-01,9.005507160725008120e-01
2.383317000000000074e-01,9.005487446622149061e-01
2.384011500000000061e-01,9.005467680346849191e-01
2.384706000000000048e-01,9.005448049635362828e-01
2.385400500000000035e-01,9.005428363566729821e-01
2.386095500000000036e-01,9.005408721235744762e-01
2.386790000000000023e-01,9.005389215545891446e-01
2.387484500000000009e-01,9.005369657411588236e-01
2.388178999999999996e-01,9.005350234287028410e-01
2.388873499999999983e-01,9.005330758698556481e-01
2.389567999999999970e-01,9.005311417890574655e-01
2.390262499999999957e-01,9.005292024518540828e-01
2.390956999999999943e-01,9.005272765636508359e-01
2.391651499999999930e-01,9.005253454106456612e-01
2.392345999999999917e-01,9.005234276674152216e-01
2.393040499999999904e-01,9.005215043440215616e-01
2.393735499999999905e-01,9.005195853012343266e-01
2.394429999999999892e-01,9.005176797740717110e-01
2.395124499999999879e-01,9.005157689564646795e-01
2.395818999999999865e-01,9.005138714916001152e-01
2.396513500000000130e-01,9.005119687323626110e-01
2.397208000000000117e-01,9.005100793034083173e-01
2.397902500000000103e-01,9.005081845752578307e-01
2.398597000000000090e-01,9.005063031527100748e-01
2.399291500000000077e-01,9.005044164251468919e-01
2.399986000000000064e-01,9.005025429720411312e-01
2.400680500000000051e-01,9.005006642062678424e-01
2.401375000000000037e-01,9.004987986741834760e-01
2.402069500000000024e-01,9.004969275117946648e-01
2.402764500000000025e-01,9.004950605192587609e-01
2.403459000000000012e-01,9.004932068687557800e-01
2.404153499999999999e-01,9.004913478783768133e-01
2.404847999999999986e-01,9.004895020679907214e-01
2.405542499999999972e-01,9.004876509136413576e-01
2.406236999999999959e-01,9.004858129173567427e-01
2.406931499999999946e-01,9.004839695714799142e-01
2.407625999999999933e-01,9.004821393583035682e-01
2.408320499999999920e-01,9.004803037900002138e-01
2.409014999999999906e-01,9.004784813304793634e-01
2.409709499999999893e-01,9.004766535036097252e-01
2.410403999999999880e-01,9.004748387450449698e-01
2.411098499999999867e-01,9.004730183043876401e-01
2.411793499999999868e-01,9.004712019214307084e-01
2.412488000000000132e-01,9.004693987128294941e-01
2.413182500000000119e-01,9.004675901095413604e-01
2.413877000000000106e-01,9.004657945226883786e-01
2.414571500000000093e-01,9.004639935404837869e-01
2.415266000000000080e-01,9.004622055478159748e-01
2.415960500000000066e-01,9.004604121564075969e-01
2.416655000000000053e-01,9.004586317291013442e-01
2.417349500000000040e-01,9.004568458979707035e-01
2.418044000000000027e-01,9.004550729952094379e-01
2.418738500000000013e-01,9.004532943710596982e-01
2.419433500000000015e-01,9.004515197168921903e-01
2.420128000000000001e-01,9.004497580955640457e-01
2.420822499999999988e-01,9.004479910384580732e-01
2.421516999999999975e-01,9.004462368557992757e-01
2.422211499999999962e-01,9.004444772398736418e-01
2.422905999999999949e-01,9.004427304763981121e-01
2.423600499999999935e-01,9.004409782740467882e-01
2.424294999999999922e-01,9.004392389000778207e-01
2.424989499999999909e-01,9.004374940765220714e-01
2.425683999999999896e-01,9.004357620591134648e-01
2.426378499999999883e-01,9.004340245821765842e-01
2.427072999999999869e-01,9.004322998729179517e-01
2.427767500000000134e-01,9.004305693947859401e-01
2.428462500000000135e-01,9.004288427803597283e-01
2.429157000000000122e-01,9.004271290383144555e-01
2.429851500000000109e-01,9.004254098094550685e-01
2.430546000000000095e-01,9.004237032968638310e-01
2.431240500000000082e-01,9.004219912998652209e-01
2.431935000000000069e-01,9.004202919962538409e-01
2.432629500000000056e-01,9.004185872069500052e-01
2.433324000000000042e-01,9.004168950889974710e-01
2.434018500000000029e-01,9.004151974754825982e-01
2.434713000000000016e-01,9.004135124939970369e-01
2.435407500000000003e-01,9.004118216995327106e-01
2.436102500000000004e-01,9.004101346815124307e-01
2.436796999999999991e-01,9.004084604022637439e-01
2.437491499999999978e-01,9.004067805985271900e-01
2.438185999999999964e-01,9.004051133768432580e-01
2.438880499999999951e-01,9.004034406335363894e-01
2.439574999999999938e-01,9.004017804501562861e-01
2.440269499999999925e-01,9.004001147360199964e-01
2.440963999999999912e-01,9.003984615615112652e-01
2.441658499999999898e-01,9.003968028492700393e-01
2.442352999999999885e-01,9.003951566553373143e-01
2.443047499999999872e-01,9.003935049169159432e-01
2.443742000000000136e-01,9.003918656587623914e-01
2.444436500000000123e-01,9.003902205433883532e-01
2.445131500000000124e-01,9.003885791038168662e-01
2.445826000000000111e-01,9.003869502474787234e-01
2.446520500000000098e-01,9.003853158174013327e-01
2.447215000000000085e-01,9.003836938205939111e-01
2.447909500000000071e-01,9.003820662533896790e-01
2.448604000000000058e-01,9.003804510968591579e-01
2.449298500000000045e-01,9.003788303661883763e-01
2.449993000000000032e-01,9.003772220225639833e-01
2.450687500000000019e-01,9.003756080956435426e-01
2.451382000000000005e-01,9.003740065318951435e-01
2.452076499999999992e-01,9.003723993781324042e-01
2.452770999999999979e-01,9.003708045545368854e-01
2.453465499999999966e-01,9.003692038288635402e-01
2.454160499999999967e-01,9.003676066820410773e-01
2.454854999999999954e-01,9.003660219677434018e-01
2.455549499999999941e-01,9.003644316380791102e-01
2.456243999999999927e-01,9.003628535877467032e-01
2.456938499999999914e-01,9.003612699209404546e-01
2.457632999999999901e-01,9.003596985191995028e-01
2.458327499999999888e-01,9.003581214962015355e-01
2.459021999999999875e-01,9.003565567149203197e-01
2.459716499999999861e-01,9.003549863002524578e-01
2.460411000000000126e-01,9.003534280895374442e-01
2.461105500000000113e-01,9.003518639361017817e-01
2.461800500000000114e-01,9.003503032811197571e-01
2.462495000000000100e-01,9.003487549403119683e-01
2.463189500000000087e-01,9.003472009453178382e-01
2.463884000000000074e-01,9.003456591104685991e-01
2.464578500000000061e-01,9.003441116188299898e-01
2.465273000000000048e-01,9.003425762640508978e-01
2.465967500000000034e-01,9.003410352470885281e-01
2.466662000000000021e-01,9.003395063490997607e-01
2.467356500000000008e-01,9.003379717844731678e-01
2.468050999999999995e-01,9.003364493149654812e-01
2.468745499999999982e-01,9.003349211719793299e-01
2.469439999999999968e-01,9.003334050881380834e-01
2.470134499999999955e-01,9.003318830162457820e-01
2.470829499999999956e-01,9.003303643507138965e-01
2.471523999999999943e-01,9.003288578519836882e-01
2.472218499999999930e-01,9.003273456557575605e-01
2.472912999999999917e-01,9.003258454777542941e-01
2.473607499999999904e-01,9.003243395984082964e-01
2.474301999999999890e-01,9.003228457176638555e-01
2.474996499999999877e-01,9.003213461317743915e-01
2.475690999999999864e-01,9.003198585225226092e-01
2.476385500000000128e-01,9.003183651991549796e-01
2.477080000000000115e-01,9.003168838206979663e-01
2.477774500000000102e-01,9.003153964175957258e-01
2.478469500000000103e-01,9.003139123425120127e-01
2.479164000000000090e-01,9.003124403184301627e-01
2.479858500000000077e-01,9.003109625576085628e-01
2.480553000000000063e-01,9.003094966976445956e-01
2.481247500000000050e-01,9.003080250986593702e-01
2.481942000000000037e-01,9.003065653812095670e-01
2.482636500000000024e-01,9.003050999225703510e-01
2.483331000000000011e-01,9.003036463242293230e-01
2.484025499999999997e-01,9.003021869794312071e-01
2.484719999999999984e-01,9.003007394725238699e-01
2.485414499999999971e-01,9.002992862098354587e-01
2.486108999999999958e-01,9.002978447537833828e-01
2.486803499999999945e-01,9.002963972295410233e-01
2.487498499999999946e-01,9.002949529455580580e-01
2.488192999999999933e-01,9.002935205778486161e-01
2.488887499999999919e-01,9.002920824302728109e-01
2.489581999999999906e-01,9.002906560462053953e-01
2.490276499999999893e-01,9.002892238814756976e-01
2.490970999999999880e-01,9.002878034600283463e-01
2.491665499999999867e-01,9.002863772529712261e-01
2.492360000000000131e-01,9.002849627734655913e-01
2.493054500000000118e-01,9.002835425006382453e-01
2.493749000000000104e-01,9.002821339392391709e-01
2.494443500000000091e-01,9.002807195777118299e-01
2.495138000000000078e-01,9.002793168884898334e-01
2.495832500000000065e-01,9.002779080906256892e-01
2.496527500000000066e-01,9.002765024420721351e-01
2.497222000000000053e-01,9.002751085793975205e-01
2.497916500000000040e-01,9.002737088915371277e-01
2.498611000000000026e-01,9.002723208437963809e-01
2.499305500000000013e-01,9.002709269749693544e-01
2.500000000000000000e-01,9.002695447352198066e-01
2.500694500000000264e-01,9.002681566684906933e-01
2.501388999999999974e-01,9.002667801785677604e-01
2.502083500000000238e-01,9.002653978492283215e-01
2.502777999999999947e-01,9.002640270870390093e-01
2.503472500000000212e-01,9.002626501797758030e-01
2.504167500000000213e-01,9.002612763526474104e-01
2.504861999999999922e-01,9.002599141952272177e-01
2.505556500000000186e-01,9.002585461822218971e-01
2.506250999999999896e-01,9.002571896901155890e-01
2.506945500000000160e-01,9.002558273433526326e-01
2.507639999999999869e-01,9.002544765069590005e-01
2.508334500000000133e-01,9.002531198050722772e-01
2.509028999999999843e-01,9.002517745958382722e-01
2.509723500000000107e-01,9.002504235157232637e-01
2.510417999999999816e-01,9.002490839055273808e-01
2.511112500000000081e-01,9.002477384205652688e-01
2.511806999999999790e-01,9.002464043714581976e-01
2.512501500000000054e-01,9.002450641410730814e-01
2.513196500000000055e-01,9.002437269053394919e-01
2.513890999999999765e-01,9.002424012148033672e-01
2.514585500000000029e-01,9.002410696245312094e-01
2.515279999999999738e-01,9.002397494334825057e-01
2.515974500000000003e-01,9.002384233469936659e-01
2.516669000000000267e-01,9.002371086423056612e-01
2.517363499999999976e-01,9.002357880392702905e-01
2.518058000000000241e-01,9.002344788002268894e-01
2.518752499999999950e-01,9.002331636515098490e-01
2.519447000000000214e-01,9.002318598497200952e-01
2.520141499999999923e-01,9.002305501293706991e-01
2.520836000000000188e-01,9.002292517236363256e-01
2.521530499999999897e-01,9.002279470913463477e-01
2.522225499999999898e-01,9.002266453759891762e-01
2.522920000000000162e-01,9.002253550798996473e-01
2.523614499999999872e-01,9.002240588442501634e-01
2.524309000000000136e-01,9.002227738864950757e-01
2.525003499999999845e-01,9.002214829878393276e-01
2.525698000000000110e-01,9.002202033544147719e-01
2.526392499999999819e-01,9.002189177764223782e-01
2.527087000000000083e-01,9.002176434435320562e-01
2.527781499999999792e-01,9.002163631645021535e-01
2.528476000000000057e-01,9.002150940937378998e-01
2.529170499999999766e-01,9.002138187661437030e-01
2.529865499999999767e-01,9.002125462835148806e-01
2.530560000000000032e-01,9.002112851207213495e-01
2.531254499999999741e-01,9.002100179884227060e-01
2.531949000000000005e-01,9.002087620327110518e-01
2.532643500000000270e-01,9.002075001098391871e-01
2.533337999999999979e-01,9.002062493479860983e-01
2.534032500000000243e-01,9.002049926102754229e-01
2.534726999999999952e-01,9.002037470159177657e-01
2.535421500000000217e-01,9.002024954392053857e-01
2.536115999999999926e-01,9.002012549878400938e-01
2.536810500000000190e-01,9.002000085506244309e-01
2.537504999999999900e-01,9.001987732080064530e-01
2.538199500000000164e-01,9.001975315673027556e-01
2.538894500000000165e-01,9.001962927003923642e-01
2.539588999999999874e-01,9.001950650325483139e-01
2.540283500000000139e-01,9.001938313548718540e-01
2.540977999999999848e-01,9.001926087399561016e-01
2.541672500000000112e-01,9.001913801147521932e-01
2.542366999999999821e-01,9.001901625409202135e-01
2.543061500000000086e-01,9.001889389517415685e-01
2.543755999999999795e-01,9.001877263895832204e-01
2.544450500000000059e-01,9.001865078087813998e-01
2.545144999999999769e-01,9.001853002211700483e-01
2.545839500000000033e-01,9.001840863045940111e-01
2.546534500000000034e-01,9.001828750936805568e-01
2.547228999999999743e-01,9.001816749897623149e-01
2.547923500000000008e-01,9.001804688455055103e-01
2.548618000000000272e-01,9.001792736643904336e-01
2.549312499999999981e-01,9.001780724423434910e-01
2.550007000000000246e-01,9.001768821710807167e-01
2.550701499999999955e-01,9.001756858541647421e-01
2.551396000000000219e-01,9.001745004712282672e-01
2.552090499999999929e-01,9.001733090402499471e-01
2.552785000000000193e-01,9.001721285259399741e-01
2.553479499999999902e-01,9.001709419539677404e-01
2.554174000000000166e-01,9.001697662689874813e-01
2.554868499999999876e-01,9.001685842144921956e-01
2.555563499999999877e-01,9.001674047960422920e-01
2.556258000000000141e-01,9.001662363723471616e-01
2.556952499999999850e-01,9.001650618696009909e-01
2.557647000000000115e-01,9.001638982261939148e-01
2.558341499999999824e-01,9.001627285030356918e-01
2.559036000000000088e-01,9.001615696210175654e-01
2.559730499999999798e-01,9.001604046559764649e-01
2.560425000000000062e-01,9.001592505139346390e-01
2.561119499999999771e-01,9.001580902867903911e-01
2.561814000000000036e-01,9.001569408684794160e-01
2.562508499999999745e-01,9.001557853570490986e-01
2.563203000000000009e-01,9.001546406240398257e-01
2.563897500000000274e-01,9.001534894898318706e-01
2.564592500000000275e-01,9.001523409153630029e-01
2.565286999999999984e-01,9.001512032258098817e-01
2.565981500000000248e-01,9.001500594210869455e-01
2.566675999999999958e-01,9.001489263657250772e-01
2.567370500000000222e-01,9.001477871979756129e-01
2.568064999999999931e-01,9.001466587626465454e-01
2.568759500000000195e-01,9.001455242113329813e-01
2.569453999999999905e-01,9.001444003772750557e-01
2.570148500000000169e-01,9.001432704183149891e-01
2.570842999999999878e-01,9.001421511501063177e-01
2.571537500000000143e-01,9.001410254487379747e-01
2.572232500000000144e-01,9.001399022528496774e-01
2.572926999999999853e-01,9.001387898539801036e-01
2.573621500000000117e-01,9.001376713079379810e-01
2.574315999999999827e-01,9.001365634226992096e-01
2.575010500000000091e-01,9.001354493910986854e-01
2.575704999999999800e-01,9.001343460044635147e-01
2.576399500000000065e-01,9.001332364702639977e-01
2.577093999999999774e-01,9.001321375664783631e-01
2.577788500000000038e-01,9.001310325113713873e-01
2.578482999999999747e-01,9.001299380708492892e-01
2.579177500000000012e-01,9.001288374702569595e-01
2.579872000000000276e-01,9.001277474550295477e-01
2.580566499999999985e-01,9.001266509740118993e-01
2.581261499999999987e-01,9.001255569253705513e-01
2.581956000000000251e-01,9.001244735716458223e-01
2.582650499999999960e-01,9.001233840380499229e-01
2.583345000000000224e-01,9.001223050617975785e-01
2.584039499999999934e-01,9.001212199079834386e-01
2.584734000000000198e-01,9.001201452949199044e-01
2.585428499999999907e-01,9.001190645018934955e-01
2.586123000000000172e-01,9.001179942400310274e-01
2.586817499999999881e-01,9.001169177895782525e-01
2.587512000000000145e-01,9.001158518440588452e-01
2.588206499999999854e-01,9.001147794022732462e-01
2.588901499999999856e-01,9.001137093374108611e-01
2.589596000000000120e-01,9.001126498815505972e-01
2.590290499999999829e-01,9.001115842145216428e-01
2.590985000000000094e-01,9.001105290221819155e-01
2.591679499999999803e-01,9.001094676234183689e-01
2.592374000000000067e-01,9.001084166844852685e-01
2.593068499999999776e-01,9.001073595347750533e-01
2.593763000000000041e-01,9.001063128316586504e-01
2.594457499999999750e-01,9.001052599123430253e-01
2.595152000000000014e-01,9.001042174256647099e-01
2.595846499999999724e-01,9.001031687178204788e-01
2.596540999999999988e-01,9.001021304146951119e-01
2.597235500000000252e-01,9.001010855861543147e-01
2.597930500000000253e-01,9.001000430664726215e-01
2.598624999999999963e-01,9.000990110590237903e-01
2.599319500000000227e-01,9.000979728094242738e-01
2.600013999999999936e-01,9.000969449338437345e-01
2.600708500000000201e-01,9.000959108203941961e-01
2.601402999999999910e-01,9.000948870693734616e-01
2.602097500000000174e-01,9.000938570754470902e-01
2.602791999999999883e-01,9.000928374337255899e-01
2.603486500000000148e-01,9.000918115407363640e-01
2.604180999999999857e-01,9.000907959842505690e-01
2.604875500000000121e-01,9.000897741730593538e-01
2.605569999999999831e-01,9.000887626697396948e-01
2.606264500000000095e-01,9.000877446072559351e-01
2.606959500000000096e-01,9.000867287935435668e-01
2.607653999999999805e-01,9.000857233969028481e-01
2.608348500000000070e-01,9.000847117271849607e-01
2.609042999999999779e-01,9.000837103394150329e-01
2.609737500000000043e-01,9.000827026776033746e-01
2.610431999999999753e-01,9.000817052884234615e-01
2.611126500000000017e-01,9.000807016226916035e-01
2.611820999999999726e-01,9.000797082151352768e-01
2.612515499999999991e-01,9.000787085273109778e-01
2.613210000000000255e-01,9.000777190682431872e-01
2.613904499999999964e-01,9.000767230233748251e-01
2.614599499999999965e-01,9.000757291726558806e-01
2.615294000000000230e-01,9.000747456610100894e-01
2.615988499999999939e-01,9.000737558508518088e-01
2.616683000000000203e-01,9.000727762452986891e-01
2.617377499999999912e-01,9.000717903417633226e-01
2.618072000000000177e-01,9.000708146303940671e-01
2.618766499999999886e-01,9.000698326149332296e-01
2.619461000000000150e-01,9.000688607803047914e-01
2.620155499999999860e-01,9.000678826372741081e-01
2.620850000000000124e-01,9.000669146619221239e-01
2.621544499999999833e-01,9.000659403747047760e-01
2.622239000000000098e-01,9.000649762278017940e-01
2.622933499999999807e-01,9.000640054622340847e-01
2.623628499999999808e-01,9.000630368323204733e-01
2.624323000000000072e-01,9.000620784508595040e-01
2.625017499999999782e-01,9.000611137382430460e-01
2.625712000000000046e-01,9.000601591435666293e-01
2.626406499999999755e-01,9.000591982184806827e-01
2.627101000000000020e-01,9.000582473998519628e-01
2.627795499999999729e-01,9.000572902458352509e-01
2.628489999999999993e-01,9.000563431825291394e-01
2.629184500000000257e-01,9.000553897799894454e-01
2.629878999999999967e-01,9.000544464412094658e-01
2.630573500000000231e-01,9.000534964606178301e-01
2.631268500000000232e-01,9.000525485661571290e-01
2.631962999999999941e-01,9.000516108468357146e-01
2.632657500000000206e-01,9.000506667716984266e-01
2.633351999999999915e-01,9.000497327372743994e-01
2.634046500000000179e-01,9.000487923464525197e-01
2.634740999999999889e-01,9.000478619863211405e-01
2.635435500000000153e-01,9.000469252658009900e-01
2.636129999999999862e-01,9.000459985648873174e-01
2.636824500000000127e-01,9.000450655005941547e-01
2.637518999999999836e-01,9.000441424419368674e-01
2.638213500000000100e-01,9.000432130140162412e-01
2.638907999999999809e-01,9.000422935664100788e-01
2.639602500000000074e-01,9.000413674436267275e-01
2.640297500000000075e-01,9.000404433514282987e-01
2.640991999999999784e-01,9.000395293497661653e-01
2.641686500000000049e-01,9.000386089617569141e-01
2.642380999999999758e-01,9.000376985343857550e-01
2.643075500000000022e-01,9.000367817195971121e-01
2.643769999999999731e-01,9.000358748524941443e-01
2.644464499999999996e-01,9.000349615950060667e-01
2.645159000000000260e-01,9.000340582724749572e-01
2.645853499999999969e-01,9.000331485589979641e-01
2.646548000000000234e-01,9.000322487684506712e-01
2.647242499999999943e-01,9.000313425816602875e-01
2.647937000000000207e-01,9.000304462923841564e-01
2.648631499999999916e-01,9.000295432996165967e-01
2.649326499999999918e-01,9.000286422807260989e-01
2.650021000000000182e-01,9.000277512687022696e-01
2.650715499999999891e-01,9.000268538411646535e-01
2.651410000000000156e-01,9.000259662908640657e-01
2.652104499999999865e-01,9.000250723261969954e-01
2.652799000000000129e-01,9.000241882254677028e-01
2.653493499999999838e-01,9.000232977063394868e-01
2.654188000000000103e-01,9.000224170402612023e-01
2.654882499999999812e-01,9.000215299511015177e-01
2.655577000000000076e-01,9.000206526930610851e-01
2.656271499999999786e-01,9.000197687076704200e-01
2.656966499999999787e-01,9.000188866501640517e-01
2.657661000000000051e-01,9.000180145310032742e-01
2.658355499999999760e-01,9.000171359690001260e-01
2.659050000000000025e-01,9.000162672158030785e-01
2.659744499999999734e-01,9.000153920227881299e-01
2.660438999999999998e-01,9.000145266288100965e-01
2.661133500000000263e-01,9.000136547946775423e-01
2.661827999999999972e-01,9.000127927479466550e-01
2.662522500000000236e-01,9.000119242567966582e-01
2.663216999999999945e-01,9.000110655407895788e-01
2.663911500000000210e-01,9.000102003741055068e-01
2.664605999999999919e-01,9.000093449574819715e-01
2.665300500000000183e-01,9.000084827874171856e-01
2.665995500000000185e-01,9.000076224923728718e-01
2.666689999999999894e-01,9.000067720583165842e-01
2.667384500000000158e-01,9.000059151571452309e-01
2.668078999999999867e-01,9.000050679856488323e-01
2.668773500000000132e-01,9.000042143487020363e-01
2.669467999999999841e-01,9.000033704319496675e-01
2.670162500000000105e-01,9.000025200463450670e-01
2.670856999999999815e-01,9.000016793726661746e-01
2.671551500000000079e-01,9.000008322261954241e-01
2.672245999999999788e-01,8.999999947804818712e-01
2.672940500000000053e-01,8.999991508561140385e-01
2.673634999999999762e-01,8.999983166044528415e-01
2.674329500000000026e-01,8.999974755710699048e-01
2.675024500000000027e-01,8.999966363594852359e-01
2.675718999999999737e-01,8.999958069323477083e-01
2.676413500000000001e-01,8.999949710104687695e-01
2.677108000000000265e-01,8.999941447449562038e-01
2.677802499999999974e-01,8.999933119866616593e-01
2.678497000000000239e-01,8.999924888740266082e-01
2.679191499999999948e-01,8.999916592657026815e-01
2.679886000000000212e-01,8.999908392931027512e-01
2.680580499999999922e-01,8.999900128216614670e-01
2.681275000000000186e-01,8.999891959615518022e-01
2.681969499999999895e-01,8.999883722980492884e-01
2.682664499999999896e-01,8.999875504140473215e-01
2.683359000000000161e-01,8.999867382496639090e-01
2.684053499999999870e-01,8.999859195676689350e-01
2.684748000000000134e-01,8.999851104778812116e-01
2.685442499999999844e-01,8.999842948746212823e-01
2.686137000000000108e-01,8.999834888562869839e-01
2.686831499999999817e-01,8.999826763200099444e-01
2.687526000000000082e-01,8.999818733585676078e-01
2.688220499999999791e-01,8.999810638743528379e-01
2.688915000000000055e-01,8.999802639534403292e-01
2.689609499999999764e-01,8.999794575057364909e-01
2.690304000000000029e-01,8.999786605963573383e-01
2.690998499999999738e-01,8.999778568577356808e-01
2.691693499999999739e-01,8.999770548501931922e-01
2.692388000000000003e-01,8.999762624909628528e-01
2.693082500000000268e-01,8.999754635877458275e-01
2.693776999999999977e-01,8.999746742063292615e-01
2.694471500000000241e-01,8.999738782843321738e-01
2.695165999999999951e-01,8.999730918766458698e-01
2.695860500000000215e-01,8.999722989266655260e-01
2.696554999999999924e-01,8.999715154806151585e-01
2.697249500000000189e-01,8.999707254878686058e-01
2.697943999999999898e-01,8.999699449733375989e-01
2.698638500000000162e-01,8.999691576077085697e-01
2.699333500000000163e-01,8.999683719326430076e-01
2.700027999999999873e-01,8.999675958465166437e-01
2.700722500000000137e-01,8.999668131976520380e-01
2.701416999999999846e-01,8.999660400121891612e-01
2.702111500000000111e-01,8.999652602665306755e-01
2.702805999999999820e-01,8.999644899761048977e-01
2.703500500000000084e-01,8.999637131200068918e-01
2.704194999999999793e-01,8.999629457094266982e-01
2.704889500000000058e-01,8.999621717309732594e-01
2.705583999999999767e-01,8.999614071885311262e-01
2.706278500000000031e-01,8.999606360750956879e-01
2.706972999999999741e-01,8.999598743731780370e-01
2.707667500000000005e-01,8.999591057954678952e-01
2.708362500000000006e-01,8.999583388622172109e-01
2.709057000000000270e-01,8.999575814493208092e-01
2.709751499999999980e-01,8.999568174467127424e-01
2.710446000000000244e-01,8.999560628404551510e-01
2.711140499999999953e-01,8.999553016470991373e-01
2.711835000000000218e-01,8.999545498413505928e-01
2.712529499999999927e-01,8.999537914462455435e-01
2.713224000000000191e-01,8.999530424278494589e-01
2.713918499999999900e-01,8.999522868183256197e-01
2.714613000000000165e-01,8.999515405767717358e-01
2.715307499999999874e-01,8.999507877395231947e-01
2.716002000000000138e-01,8.999500442484592577e-01
2.716696499999999848e-01,8.999492938573658840e-01
2.717391499999999849e-01,8.999485450670859921e-01
2.718086000000000113e-01,8.999478057313230472e-01
2.718780499999999822e-01,8.999470597820279361e-01
2.719475000000000087e-01,8.999463231632197635e-01
2.720169499999999796e-01,8.999455799346536278e-01
2.720864000000000060e-01,8.999448460290375706e-01
2.721558499999999770e-01,8.999441055116993438e-01
2.722253000000000034e-01,8.999433743077684955e-01
2.722947499999999743e-01,8.999426364871959683e-01
2.723642000000000007e-01,8.999419079581296721e-01
2.724336500000000272e-01,8.999411725102983706e-01
2.725031500000000273e-01,8.999404386266891542e-01
2.725725999999999982e-01,8.999397141447750270e-01
2.726420500000000247e-01,8.999389830292202630e-01
2.727114999999999956e-01,8.999382611898102402e-01
2.727809500000000220e-01,8.999375327185954454e-01
2.728503999999999929e-01,8.999368135140571878e-01
2.729198500000000194e-01,8.999360876771269613e-01
2.729892999999999903e-01,8.999353710996138567e-01
2.730587500000000167e-01,8.999346478883587519e-01
2.731281999999999877e-01,8.999339339287920625e-01
2.731976500000000141e-01,8.999332133307599291e-01
2.732670999999999850e-01,8.999325019609191179e-01
2.733365500000000115e-01,8.999317836487621403e-01
2.734060500000000116e-01,8.999310668574861394e-01
2.734754999999999825e-01,8.999303594044140153e-01
2.735449500000000089e-01,8.999296452965701576e-01
2.736143999999999799e-01,8.999289404027819295e-01
2.736838500000000063e-01,8.999282288562659993e-01
2.737532999999999772e-01,8.999275265155652903e-01
2.738227500000000036e-01,8.999268175191603714e-01
2.738921999999999746e-01,8.999261177215805985e-01
2.739616500000000010e-01,8.999254112659931248e-01
2.740311000000000274e-01,8.999247139891466407e-01
2.741005499999999984e-01,8.999240097533117710e-01
2.741700499999999985e-01,8.999233070033103576e-01
2.742395000000000249e-01,8.999226135396867221e-01
2.743089499999999958e-01,8.999219133995483011e-01
2.743784000000000223e-01,8.999212224218247069e-01
2.744478499999999932e-01,8.999205247722235068e-01
2.745173000000000196e-01,8.999198362781155591e-01
2.745867499999999906e-01,8.999191411107994032e-01
2.746562000000000170e-01,8.999184550905107161e-01
2.747256499999999879e-01,8.999177623936844839e-01
2.747951000000000144e-01,8.999170788359384110e-01
2.748645499999999853e-01,8.999163885986084521e-01
2.749340000000000117e-01,8.999157074795122169e-01
2.750034499999999826e-01,8.999150193796718877e-01
2.750729499999999828e-01,8.999143327264438330e-01
2.751424000000000092e-01,8.999136553008962869e-01
2.752118499999999801e-01,8.999129711795087472e-01
2.752813000000000065e-01,8.999122961615539928e-01
2.753507499999999775e-01,8.999116144508332304e-01
2.754202000000000039e-01,8.999109418380747405e-01
2.754896499999999748e-01,8.999102625310155812e-01
2.755591000000000013e-01,8.999095923159002863e-01
2.756285500000000277e-01,8.999089154037958060e-01
2.756979999999999986e-01,8.999082475743791498e-01
2.757674500000000251e-01,8.999075730438513832e-01
2.758368999999999960e-01,8.999069075722674338e-01
2.759063500000000224e-01,8.999062350986111181e-01
2.759758500000000225e-01,8.999055640320349214e-01
2.760452999999999935e-01,8.999049021369246448e-01
2.761147500000000199e-01,8.999042335260080128e-01
2.761841999999999908e-01,8.999035739625991237e-01
2.762536500000000173e-01,8.999029076850514342e-01
2.763230999999999882e-01,8.999022504481251072e-01
2.763925500000000146e-01,8.999015864951331878e-01
2.764619999999999855e-01,8.999009315764016081e-01
2.765314500000000120e-01,8.999002699398914729e-01
2.766008999999999829e-01,8.998996173159983236e-01
2.766703500000000093e-01,8.998989576718489092e-01
2.767398500000000094e-01,8.998982994009373515e-01
2.768092999999999804e-01,8.998976502511956133e-01
2.768787500000000068e-01,8.998969943673795768e-01
2.769481999999999777e-01,8.998963474841986665e-01
2.770176500000000042e-01,8.998956938714047782e-01
2.770870999999999751e-01,8.998950492549788738e-01
2.771565500000000015e-01,8.998943979051038378e-01
2.772259999999999724e-01,8.998937555432592328e-01
2.772954499999999989e-01,8.998931064449469108e-01
2.773649000000000253e-01,8.998924663259059153e-01
2.774343499999999962e-01,8.998918194689228267e-01
2.775038000000000227e-01,8.998911815704718764e-01
2.775732499999999936e-01,8.998905366328938671e-01
2.776427499999999937e-01,8.998898930340054614e-01
2.777122000000000202e-01,8.998892585040318970e-01
2.777816499999999911e-01,8.998886172199831446e-01
2.778511000000000175e-01,8.998879848839105300e-01
2.779205499999999884e-01,8.998873457971436896e-01
2.779900000000000149e-01,8.998867156529890554e-01
2.780594499999999858e-01,8.998860787569232800e-01
2.781289000000000122e-01,8.998854507947714465e-01
2.781983499999999832e-01,8.998848160772335847e-01
2.782678000000000096e-01,8.998841902721941288e-01
2.783372499999999805e-01,8.998835574096736289e-01
2.784067499999999806e-01,8.998829258545145704e-01
2.784762000000000071e-01,8.998823033230259894e-01
2.785456499999999780e-01,8.998816740218591459e-01
2.786151000000000044e-01,8.998810536245578362e-01
2.786845499999999753e-01,8.998804264604979286e-01
2.787540000000000018e-01,8.998798081950832861e-01
2.788234499999999727e-01,8.998791831602106495e-01
2.788928999999999991e-01,8.998785670164473061e-01
2.789623500000000256e-01,8.998779441014613800e-01
2.790317999999999965e-01,8.998773300700408928e-01
2.791012500000000229e-01,8.998767092642721011e-01
2.791706999999999939e-01,8.998760973207852176e-01
2.792401500000000203e-01,8.998754783007829605e-01
2.793096500000000204e-01,8.998748605529875988e-01
2.793790999999999913e-01,8.998742517790287998e-01
2.794485500000000178e-01,8.998736362164105884e-01
2.795179999999999887e-01,8.998730295089507614e-01
2.795874500000000151e-01,8.998724160165627595e-01
2.796568999999999861e-01,8.998718113716834832e-01
2.797263500000000125e-01,8.998711999386810323e-01
2.797957999999999834e-01,8.998705973445395578e-01
2.798652500000000098e-01,8.998699879603209162e-01
2.799346999999999808e-01,8.998693874096033163e-01
2.800041500000000072e-01,8.998687800658419222e-01
2.800735999999999781e-01,8.998681815359748093e-01
2.801430500000000046e-01,8.998675759111712802e-01
2.802125500000000047e-01,8.998669715248250878e-01
2.802819999999999756e-01,8.998663760617624519e-01
2.803514500000000020e-01,8.998657737904496301e-01
2.804208999999999730e-01,8.998651803238095770e-01
2.804903499999999994e-01,8.998645800534398331e-01
2.805598000000000258e-01,8.998639885827882656e-01
2.806292499999999968e-01,8.998633903068657958e-01
2.806987000000000232e-01,8.998628008234458298e-01
2.807681499999999941e-01,8.998622045316199136e-01
2.808376000000000206e-01,8.998616170126852998e-01
2.809070499999999915e-01,8.998610223851211121e-01
2.809765499999999916e-01,8.998604289691952696e-01
2.810460000000000180e-01,8.998598444375461858e-01
2.811154499999999890e-01,8.998592530825778590e-01
2.811849000000000154e-01,8.998586704919568913e-01
2.812543499999999863e-01,8.998580810821625864e-01
2.813238000000000127e-01,8.998575004313321690e-01
2.813932499999999837e-01,8.998569129607753014e-01
2.814627000000000101e-01,8.998563342427650102e-01
2.815321499999999810e-01,8.998557487028268076e-01
2.816016000000000075e-01,8.998551719093673684e-01
2.816710499999999784e-01,8.998545882896950010e-01
2.817405000000000048e-01,8.998540133961304699e-01
2.818099499999999757e-01,8.998534313756190173e-01
2.818794499999999759e-01,8.998528505344831618e-01
2.819489000000000023e-01,8.998522785305205218e-01
2.820183499999999732e-01,8.998516996862154782e-01
2.820877999999999997e-01,8.998511295595031934e-01
2.821572500000000261e-01,8.998505525957560813e-01
2.822266999999999970e-01,8.998499843439388135e-01
2.822961500000000235e-01,8.998494092534173872e-01
2.823655999999999944e-01,8.998488428700595065e-01
2.824350500000000208e-01,8.998482696470192499e-01
2.825044999999999917e-01,8.998477051255111547e-01
2.825739500000000182e-01,8.998471337611781973e-01
2.826433999999999891e-01,8.998465710760813474e-01
2.827128500000000155e-01,8.998460012469134961e-01
2.827823500000000156e-01,8.998454325643122642e-01
2.828517999999999866e-01,8.998448726731739233e-01
2.829212500000000130e-01,8.998443059258203203e-01
2.829906999999999839e-01,8.998437478521347233e-01
2.830601500000000104e-01,8.998431829266444471e-01
2.831295999999999813e-01,8.998426266698418274e-01
2.831990500000000077e-01,8.998420635582107252e-01
2.832684999999999786e-01,8.998415091096518825e-01
2.833379500000000051e-01,8.998409478041933252e-01
2.834073999999999760e-01,8.998403951428451952e-01
2.834768500000000024e-01,8.998398353250864901e-01
2.835463500000000026e-01,8.998392766299455614e-01
2.836157999999999735e-01,8.998387266879880331e-01
2.836852499999999999e-01,8.998381698735636869e-01
2.837547000000000263e-01,8.998376216938486216e-01
2.838241499999999973e-01,8.998370666468530343e-01
2.838936000000000237e-01,8.998365202324420942e-01
2.839630499999999946e-01,8.998359669501516667e-01
2.840325000000000211e-01,8.998354222953425241e-01
2.841019499999999920e-01,8.998348707703300864e-01
2.841714000000000184e-01,8.998343278650278165e-01
2.842408499999999894e-01,8.998337780863314705e-01
2.843103000000000158e-01,8.998332369069835801e-01
2.843797499999999867e-01,8.998326885540549602e-01
2.844492499999999868e-01,8.998321412944051412e-01
2.845187000000000133e-01,8.998316027462409661e-01
2.845881499999999842e-01,8.998310573111401034e-01
2.846576000000000106e-01,8.998305204696886994e-01
2.847270499999999815e-01,8.998299767451566344e-01
2.847965000000000080e-01,8.998294416108697513e-01
2.848659499999999789e-01,8.998288995931433831e-01
2.849354000000000053e-01,8.998283661612592743e-01
2.850048499999999763e-01,8.998278258443269673e-01
2.850743000000000027e-01,8.998272940933467190e-01
2.851437499999999736e-01,8.998267551553473798e-01
2.852132499999999737e-01,8.998262172858716434e-01
2.852827000000000002e-01,8.998256880916176703e-01
2.853521500000000266e-01,8.998251519967079837e-01
2.854215999999999975e-01,8.998246244612853051e-01
2.854910500000000240e-01,8.998240900302444389e-01
2.855604999999999949e-01,8.998235641555007991e-01
2.856299500000000213e-01,8.998230313825782423e-01
2.856993999999999923e-01,8.998225071590418844e-01
2.857688500000000187e-01,8.998219760357156760e-01
2.858382999999999896e-01,8.998214534566250089e-01
2.859077500000000160e-01,8.998209239766880030e-01
2.859771999999999870e-01,8.998204030225906980e-01
2.860466500000000134e-01,8.998198748672774361e-01
2.861161500000000135e-01,8.998193477538382057e-01
2.861855999999999844e-01,8.998188292765565421e-01
2.862550500000000109e-01,8.998183038838299952e-01
2.863244999999999818e-01,8.998177870115129373e-01
2.863939500000000082e-01,8.998172632293245377e-01
2.864633999999999792e-01,8.998167479650661660e-01
2.865328500000000056e-01,8.998162257901546335e-01
2.866022999999999765e-01,8.998157121264399594e-01
2.866717500000000030e-01,8.998151915489376318e-01
2.867411999999999739e-01,8.998146794764450007e-01
2.868106500000000003e-01,8.998141604872753607e-01
2.868801000000000267e-01,8.998136499854145764e-01
2.869495499999999977e-01,8.998131322678436517e-01
2.870190499999999978e-01,8.998126155669096127e-01
2.870885000000000242e-01,8.998121074642322359e-01
2.871579499999999951e-01,8.998115924312395375e-01
2.872274000000000216e-01,8.998110858796073419e-01
2.872968499999999925e-01,8.998105724018133911e-01
2.873663000000000189e-01,8.998100674020470535e-01
2.874357499999999899e-01,8.998095554760179304e-01
2.875052000000000163e-01,8.998090520230280775e-01
2.875746499999999872e-01,8.998085416416407023e-01
2.876441000000000137e-01,8.998080397144255782e-01
2.877135499999999846e-01,8.998075305580084393e-01
2.877830499999999847e-01,8.998070223946036394e-01
2.878525000000000111e-01,8.998065227967600999e-01
2.879219499999999821e-01,8.998060162565748588e-01
2.879914000000000085e-01,8.998055181668149771e-01
2.880608499999999794e-01,8.998050131396707618e-01
2.881303000000000059e-01,8.998045165588461902e-01
2.881997499999999768e-01,8.998040130392801483e-01
2.882692000000000032e-01,8.998035179603187661e-01
2.883386499999999741e-01,8.998030159412006013e-01
2.884081000000000006e-01,8.998025223589779520e-01
2.884775500000000270e-01,8.998020218343768528e-01
2.885469999999999979e-01,8.998015297285741898e-01
2.886164500000000244e-01,8.998010303806406318e-01
2.886859500000000245e-01,8.998005320013051644e-01
2.887553999999999954e-01,8.998000421519801728e-01
2.888248500000000218e-01,8.997995453470416516e-01
2.888942999999999928e-01,8.997990569565994523e-01
2.889637500000000192e-01,8.997985616154058341e-01
2.890331999999999901e-01,8.997980746843841082e-01
2.891026500000000166e-01,8.997975808005267417e-01
2.891720999999999875e-01,8.997970953213435541e-01
2.892415500000000139e-01,8.997966028868995547e-01
2.893109999999999848e-01,8.997961188404687283e-01
2.893804500000000113e-01,8.997956275410855520e-01
2.894499500000000114e-01,8.997951371901800055e-01
2.895193999999999823e-01,8.997946553393418867e-01
2.895888500000000088e-01,8.997941665204300943e-01
2.896582999999999797e-01,8.997936860846270646e-01
2.897277500000000061e-01,8.997931986858420661e-01
2.897971999999999770e-01,8.997927196673323191e-01
2.898666500000000035e-01,8.997922336856946091e-01
2.899360999999999744e-01,8.997917560804519210e-01
2.900055500000000008e-01,8.997912715101403780e-01
2.900750000000000273e-01,8.997907953115115154e-01
2.901444499999999982e-01,8.997903121451742425e-01
2.902139000000000246e-01,8.997898373323872656e-01
2.902833499999999955e-01,8.997893552532874040e-01
2.903528499999999957e-01,8.997888740986420553e-01
2.904223000000000221e-01,8.997884014098359584e-01
2.904917499999999930e-01,8.997879217413459196e-01
2.905612000000000195e-01,8.997874504228990933e-01
2.906306499999999904e-01,8.997869721291898992e-01
2.907001000000000168e-01,8.997865021825769416e-01
2.907695499999999877e-01,8.997860252595175634e-01
2.908390000000000142e-01,8.997855566795399662e-01
2.909084499999999851e-01,8.997850811219019196e-01
2.909779000000000115e-01,8.997846139022762646e-01
2.910473499999999825e-01,8.997841397025087007e-01
2.911168000000000089e-01,8.997836738215178043e-01
2.911862499999999798e-01,8.997832006606668598e-01
2.912557499999999799e-01,8.997827284006667536e-01
2.913252000000000064e-01,8.997822645724995461e-01
2.913946499999999773e-01,8.997817937521895848e-01
2.914641000000000037e-01,8.997813312490255955e-01
2.915335499999999747e-01,8.997808617583352708e-01
2.916030000000000011e-01,8.997804005822687134e-01
2.916724500000000275e-01,8.997799324175633773e-01
2.917418999999999984e-01,8.997794725636055757e-01
2.918113500000000249e-01,8.997790057197365687e-01
2.918807999999999958e-01,8.997785471694901283e-01
2.919502500000000222e-01,8.997780813304145919e-01
2.920197500000000224e-01,8.997776163741084687e-01
2.920891999999999933e-01,8.997771598218341493e-01
2.921586500000000197e-01,8.997766962659824452e-01
2.922280999999999906e-01,8.997762410001668432e-01
2.922975500000000171e-01,8.997757787368854121e-01
2.923669999999999880e-01,8.997753247626532058e-01
2.924364500000000144e-01,8.997748637906216596e-01
2.925058999999999854e-01,8.997744111028119773e-01
2.925753500000000118e-01,8.997739514145493001e-01
2.926447999999999827e-01,8.997735000047214493e-01
2.927142500000000092e-01,8.997730415925004888e-01
2.927836999999999801e-01,8.997725914415843906e-01
2.928531500000000065e-01,8.997721339898852033e-01
2.929226500000000066e-01,8.997716773996858874e-01
2.929920999999999776e-01,8.997712291822986819e-01
2.930615500000000040e-01,8.997707739493840950e-01
2.931309999999999749e-01,8.997703269746223365e-01
2.932004500000000013e-01,8.997698729895412528e-01
2.932698999999999723e-01,8.997694272616058031e-01
2.933393499999999987e-01,8.997689745237307246e-01
2.934088000000000251e-01,8.997685300391891072e-01
2.934782499999999961e-01,8.997680785419477356e-01
2.935477000000000225e-01,8.997676352792822740e-01
2.936171499999999934e-01,8.997671847043396953e-01
2.936866499999999935e-01,8.997667349719480345e-01
2.937561000000000200e-01,8.997662935863754985e-01
2.938255499999999909e-01,8.997658451762575726e-01
2.938950000000000173e-01,8.997654050003587312e-01
2.939644499999999883e-01,8.997649578056159392e-01
2.940339000000000147e-01,8.997645188434560959e-01
2.941033499999999856e-01,8.997640728608949923e-01
2.941728000000000121e-01,8.997636351057805015e-01
2.942422499999999830e-01,8.997631903290287392e-01
2.943117000000000094e-01,8.997627537755216176e-01
2.943811499999999803e-01,8.997623101989390415e-01
2.944506000000000068e-01,8.997618748284962331e-01
2.945200499999999777e-01,8.997614321352693789e-01
2.945895499999999778e-01,8.997609902647631941e-01
2.946590000000000042e-01,8.997605567115148917e-01
2.947284499999999752e-01,8.997601161219885846e-01
2.947979000000000016e-01,8.997596837375264611e-01
2.948673499999999725e-01,8.997592443233350945e-01
2.949367999999999990e-01,8.997588131127194355e-01
2.950062500000000254e-01,8.997583748711430740e-01
2.950756999999999963e-01,8.997579448271904035e-01
2.951451500000000228e-01,8.997575077495494345e-01
2.952145999999999937e-01,8.997570788656193974e-01
2.952840500000000201e-01,8.997566429465112536e-01
2.953534999999999910e-01,8.997562152052615003e-01
2.954229500000000175e-01,8.997557801307860537e-01
2.954924500000000176e-01,8.997553458599057974e-01
2.955618999999999885e-01,8.997549198786788383e-01
2.956313500000000150e-01,8.997544868501526905e-01
2.957007999999999859e-01,8.997540619983931398e-01
2.957702500000000123e-01,8.997536301058263186e-01
2.958396999999999832e-01,8.997532063886508613e-01
2.959091500000000097e-01,8.997527756306006319e-01
2.959785999999999806e-01,8.997523530435745931e-01
2.960480500000000070e-01,8.997519234123702025e-01
2.961174999999999780e-01,8.997515019345174725e-01
2.961869500000000044e-01,8.997510731139674034e-01
2.962564500000000045e-01,8.997506450812796652e-01
2.963258999999999754e-01,8.997502253156703933e-01
2.963953500000000019e-01,8.997497984950083572e-01
2.964647999999999728e-01,8.997493798278295429e-01
2.965342499999999992e-01,8.997489541100511801e-01
2.966037000000000257e-01,8.997485365427683179e-01
2.966731499999999966e-01,8.997481119239356673e-01
2.967426000000000230e-01,8.997476954524555870e-01
2.968120499999999939e-01,8.997472719290658949e-01
2.968815000000000204e-01,8.997468565507069638e-01
2.969509499999999913e-01,8.997464341190625214e-01
2.970204000000000177e-01,8.997460198154049182e-01
2.970898499999999887e-01,8.997455981598050379e-01
2.971593499999999888e-01,8.997451772733758846e-01
2.972288000000000152e-01,8.997447646269011168e-01
2.972982499999999861e-01,8.997443449152541239e-01
2.973677000000000126e-01,8.997439333312471366e-01
2.974371499999999835e-01,8.997435146881148649e-01
2.975066000000000099e-01,8.997431041710013400e-01
2.975760499999999809e-01,8.997426865934277096e-01
2.976455000000000073e-01,8.997422771374983252e-01
2.977149499999999782e-01,8.997418606194327317e-01
2.977844000000000046e-01,8.997414522198767806e-01
2.978538499999999756e-01,8.997410367573718259e-01
2.979233000000000020e-01,8.997406293970030555e-01
2.979927499999999729e-01,8.997402146753489260e-01
2.980622499999999730e-01,8.997398007053843960e-01
2.981316999999999995e-01,8.997393949492923371e-01
2.982011500000000259e-01,8.997389821181377423e-01
2.982705999999999968e-01,8.997385773885127058e-01
2.983400500000000233e-01,8.997381655896274921e-01
2.984094999999999942e-01,8.997377618911209796e-01
2.984789500000000206e-01,8.997373511219762809e-01
2.985483999999999916e-01,8.997369484491785085e-01
2.986178500000000180e-01,8.997365387036306839e-01
2.986872999999999889e-01,8.997361370378599288e-01
2.987567500000000154e-01,8.997357280021632819e-01
2.988262500000000155e-01,8.997353197035010686e-01
2.988956999999999864e-01,8.997349195974971847e-01
2.989651500000000128e-01,8.997345124072623213e-01
2.990345999999999838e-01,8.997341132961039767e-01
2.991040500000000102e-01,8.997337071060460545e-01
2.991734999999999811e-01,8.997333089945427353e-01
2.992429500000000075e-01,8.997329038048402783e-01
2.993123999999999785e-01,8.997325066916138647e-01
2.993818500000000049e-01,8.997321024996177696e-01
2.994512999999999758e-01,8.997317063806963278e-01
2.995207500000000023e-01,8.997313031810444395e-01
2.995901999999999732e-01,8.997309080369183532e-01
2.996596499999999996e-01,8.997305055133961726e-01
2.997291499999999997e-01,8.997301037101274046e-01
2.997986000000000262e-01,8.997297100752660315e-01
2.998680499999999971e-01,8.997293093483156312e-01
2.999375000000000235e-01,8.997289166777284741e-01
3.000069499999999945e-01,8.997285169201177935e-01
3.000764000000000209e-01,8.997281252175326483e-01
3.001458499999999918e-01,8.997277264270414632e-01
3.002153000000000183e-01,8.997273356885701068e-01
3.002847499999999892e-01,8.997269378612164914e-01
3.003542000000000156e-01,8.997265480695881834e-01
3.004236499999999865e-01,8.997261508912201000e-01
3.004931499999999867e-01,8.997257544192011069e-01
3.005626000000000131e-01,8.997253660949532383e-01
3.006320499999999840e-01,8.997249706698778882e-01
3.007015000000000104e-01,8.997245832805517152e-01
3.007709499999999814e-01,8.997241887965271578e-01
3.008404000000000078e-01,8.997238023484199765e-01
3.009098499999999787e-01,8.997234088056876855e-01
3.009793000000000052e-01,8.997230232955060192e-01
3.010487499999999761e-01,8.997226306889589686e-01
3.011182000000000025e-01,8.997222461110089275e-01
3.011876499999999734e-01,8.997218544354156355e-01
3.012570999999999999e-01,8.997214707729196403e-01
3.013265500000000263e-01,8.997210797156894868e-01
3.013960500000000264e-01,8.997206893502640579e-01
3.014654999999999974e-01,8.997203071108466066e-01
3.015349500000000238e-01,8.997199177630689215e-01
3.016043999999999947e-01,8.997195364295971221e-01
3.016738500000000212e-01,8.997191479934795177e-01
3.017432999999999921e-01,8.997187675714106714e-01
3.018127500000000185e-01,8.997183800465728964e-01
3.018821999999999894e-01,8.997180005317477747e-01
3.019516500000000159e-01,8.997176139118306937e-01
3.020210999999999868e-01,8.997172352978013432e-01
3.020905500000000132e-01,8.997168495767405849e-01
3.021599999999999842e-01,8.997164718461552191e-01
3.022294500000000106e-01,8.997160867118370042e-01
3.022989500000000107e-01,8.997157022539937765e-01
3.023683999999999816e-01,8.997153259006079873e-01
3.024378500000000081e-01,8.997149424305996845e-01
3.025072999999999790e-01,8.997145669533047618e-01
3.025767500000000054e-01,8.997141843649621995e-01
3.026461999999999763e-01,8.997138097685197788e-01
3.027156500000000028e-01,8.997134280613240387e-01
3.027850999999999737e-01,8.997130543433635719e-01
3.028545500000000001e-01,8.997126735128806452e-01
3.029240000000000266e-01,8.997123006552485425e-01
3.029934499999999975e-01,8.997119203867582904e-01
3.030629499999999976e-01,8.997115407817370958e-01
3.031324000000000241e-01,8.997111692625074930e-01
3.032018499999999950e-01,8.997107906200618732e-01
3.032713000000000214e-01,8.997104199531411606e-01
3.033407499999999923e-01,8.997100421693488004e-01
3.034102000000000188e-01,8.997096723600898072e-01
3.034796499999999897e-01,8.997092954328791414e-01
3.035491000000000161e-01,8.997089264759995375e-01
3.036185499999999871e-01,8.997085503992070521e-01
3.036880000000000135e-01,8.997081822901604742e-01
3.037574499999999844e-01,8.997078070606084887e-01
3.038269000000000108e-01,8.997074397841305915e-01
3.038963499999999818e-01,8.997070650902661004e-01
3.039658499999999819e-01,8.997066910462012679e-01
3.040353000000000083e-01,8.997063250672784340e-01
3.041047499999999792e-01,8.997059519564570840e-01
3.041742000000000057e-01,8.997055867995014111e-01
3.042436499999999766e-01,8.997052145169911475e-01
3.043131000000000030e-01,8.997048501879104654e-01
3.043825499999999740e-01,8.997044787328396520e-01
3.044520000000000004e-01,8.997041152274545261e-01
3.045214500000000268e-01,8.997037445933999678e-01
3.045908999999999978e-01,8.997033818931663429e-01
3.046603500000000242e-01,8.997030117677523586e-01
3.047298500000000243e-01,8.997026422805288748e-01
3.047992999999999952e-01,8.997022808422450169e-01
3.048687500000000217e-01,8.997019122665912416e-01
3.049381999999999926e-01,8.997015516283678460e-01
3.050076500000000190e-01,8.997011838578911069e-01
3.050770999999999900e-01,8.997008240237653887e-01
3.051465500000000164e-01,8.997004570576161431e-01
3.052159999999999873e-01,8.997000980259566294e-01
3.052854500000000137e-01,8.996997318617451223e-01
3.053548999999999847e-01,8.996993736293145139e-01
3.054243500000000111e-01,8.996990082622756679e-01
3.054937999999999820e-01,8.996986508107411851e-01
3.055632500000000085e-01,8.996982859270729049e-01
3.056327500000000086e-01,8.996979216679763525e-01
3.057021999999999795e-01,8.996975654381264009e-01
3.057716500000000059e-01,8.996972020636269107e-01
3.058410999999999769e-01,8.996968466071714188e-01
3.059105500000000033e-01,8.996964840112362527e-01
3.059799999999999742e-01,8.996961293318999076e-01
3.060494500000000007e-01,8.996957675122077003e-01
3.061189000000000271e-01,8.996954136068670005e-01
3.061883499999999980e-01,8.996950525612158467e-01
3.062578000000000245e-01,8.996946994285300869e-01
3.063272499999999954e-01,8.996943391548762881e-01
3.063967000000000218e-01,8.996939867784065070e-01
3.064661499999999927e-01,8.996936269628801330e-01
3.065356499999999929e-01,8.996932677583491245e-01
3.066051000000000193e-01,8.996929165630463965e-01
3.066745499999999902e-01,8.996925582154932099e-01
3.067440000000000166e-01,8.996922077676411389e-01
3.068134499999999876e-01,8.996918501745685415e-01
3.068829000000000140e-01,8.996915004817728212e-01
3.069523499999999849e-01,8.996911436432341036e-01
3.070218000000000114e-01,8.996907947017098728e-01
3.070912499999999823e-01,8.996904386124272568e-01
3.071607000000000087e-01,8.996900904043491076e-01
3.072301499999999796e-01,8.996897347520899091e-01
3.072996499999999798e-01,8.996893797017029293e-01
3.073691000000000062e-01,8.996890326463010679e-01
3.074385499999999771e-01,8.996886784326780795e-01
3.075080000000000036e-01,8.996883321020900937e-01
3.075774499999999745e-01,8.996879786185231209e-01
3.076469000000000009e-01,8.996876330184634396e-01
3.077163500000000274e-01,8.996872802665919489e-01
3.077857999999999983e-01,8.996869353971983507e-01
3.078552500000000247e-01,8.996865833757904385e-01
3.079246999999999956e-01,8.996862392340488901e-01
3.079941500000000221e-01,8.996858879386794294e-01
3.080635999999999930e-01,8.996855445073391744e-01
3.081330500000000194e-01,8.996851936252405757e-01
3.082025500000000195e-01,8.996848433333561879e-01
3.082719999999999905e-01,8.996845010192064951e-01
3.083414500000000169e-01,8.996841515413419588e-01
3.084108999999999878e-01,8.996838099306605496e-01
3.084803500000000143e-01,8.996834611615844857e-01
3.085497999999999852e-01,8.996831202596248245e-01
3.086192500000000116e-01,8.996827721997766591e-01
3.086886999999999825e-01,8.996824320052180246e-01
3.087581500000000090e-01,8.996820846518103210e-01
3.088275999999999799e-01,8.996817451480000338e-01
3.088970500000000063e-01,8.996813981878115651e-01
3.089665500000000065e-01,8.996810518070387230e-01
3.090359999999999774e-01,8.996807133886753904e-01
3.091054500000000038e-01,8.996803678005519389e-01
3.091748999999999747e-01,8.996800300651260907e-01
3.092443500000000012e-01,8.996796851664009553e-01
3.093138000000000276e-01,8.996793481211046162e-01
3.093832499999999985e-01,8.996790039130084793e-01
3.094527000000000250e-01,8.996786675557675306e-01
3.095221499999999959e-01,8.996783240342565158e-01
3.095916000000000223e-01,8.996779883604416606e-01
3.096610499999999933e-01,8.996776455208311818e-01
3.097305000000000197e-01,8.996773105140449811e-01
3.097999499999999906e-01,8.996769680447460615e-01
3.098694499999999907e-01,8.996766261438801093e-01
3.099389000000000172e-01,8.996762921888696862e-01
3.100083499999999881e-01,8.996759510575660368e-01
3.100778000000000145e-01,8.996756177620479633e-01
3.101472499999999854e-01,8.996752772968200640e-01
3.102167000000000119e-01,8.996749446684306761e-01
3.102861499999999828e-01,8.996746048710839716e-01
3.103556000000000092e-01,8.996742729082066736e-01
3.104250499999999802e-01,8.996739337746918475e-01
3.104945000000000066e-01,8.996736024725519032e-01
3.105639499999999775e-01,8.996732639984403868e-01
3.106334000000000040e-01,8.996729333413718832e-01
3.107028499999999749e-01,8.996725952165672835e-01
3.107723499999999750e-01,8.996722576501120505e-01
3.108418000000000014e-01,8.996719280151178610e-01
3.109112499999999724e-01,8.996715911989413561e-01
3.109806999999999988e-01,8.996712622033266049e-01
3.110501500000000252e-01,8.996709260320637780e-01
3.111195999999999962e-01,8.996705976812645611e-01
3.111890500000000226e-01,8.996702621553634982e-01
3.112584999999999935e-01,8.996699344481496885e-01
3.113279500000000199e-01,8.996695995641482702e-01
3.113973999999999909e-01,8.996692724834500776e-01
3.114668500000000173e-01,8.996689379290468969e-01
3.115363500000000174e-01,8.996686039233622312e-01
3.116057999999999883e-01,8.996682778353594090e-01
3.116752500000000148e-01,8.996679445615022308e-01
3.117446999999999857e-01,8.996676190954473462e-01
3.118141500000000121e-01,8.996672864487986754e-01
3.118835999999999831e-01,8.996669616092383137e-01
3.119530500000000095e-01,8.996666295888845477e-01
3.120224999999999804e-01,8.996663053739011318e-01
3.120919500000000069e-01,8.996659739779295784e-01
3.121613999999999778e-01,8.996656503860562815e-01
3.122308500000000042e-01,8.996653196128086005e-01
3.123002999999999751e-01,8.996649966293466250e-01
3.123697500000000016e-01,8.996646661681977353e-01
3.124392500000000017e-01,8.996643362462819482e-01
3.125086999999999726e-01,8.996640142274701102e-01
3.125781499999999991e-01,8.996636850174031252e-01
3.126476000000000255e-01,8.996633636007043133e-01
3.127170499999999964e-01,8.996630349988387065e-01
3.127865000000000228e-01,8.996627141902004965e-01
3.128559499999999938e-01,8.996623861956521973e-01
3.129254000000000202e-01,8.996620659914462692e-01
3.129948499999999911e-01,8.996617386001141137e-01
3.130643000000000176e-01,8.996614189976039899e-01
3.131337499999999885e-01,8.996610922082562967e-01
3.132032000000000149e-01,8.996607731943838671e-01
3.132726499999999858e-01,8.996604466982677240e-01
3.133421499999999860e-01,8.996601207318379867e-01
3.134116000000000124e-01,8.996598026536788417e-01
3.134810499999999833e-01,8.996594773782840004e-01
3.135505000000000098e-01,8.996591598810651513e-01
3.136199499999999807e-01,8.996588351930522309e-01
3.136894000000000071e-01,8.996585182844530904e-01
3.137588499999999780e-01,8.996581941859743692e-01
3.138283000000000045e-01,8.996578778654753528e-01
3.138977499999999754e-01,8.996575543537346231e-01
3.139672000000000018e-01,8.996572386046430836e-01
3.140366499999999728e-01,8.996569153677754782e-01
3.141061499999999729e-01,8.996565926523427681e-01
3.141755999999999993e-01,8.996562778142863648e-01
3.142450500000000257e-01,8.996559557758725401e-01
3.143144999999999967e-01,8.996556415045258159e-01
3.143839500000000231e-01,8.996553200378115678e-01
3.144533999999999940e-01,8.996550063379145090e-01
3.145228500000000205e-01,8.996546854429497975e-01
3.145922999999999914e-01,8.996543723139370785e-01
3.146617500000000178e-01,8.996540519903705180e-01
3.147311999999999887e-01,8.996537394317286607e-01
3.148006500000000152e-01,8.996534196777833392e-01
3.148700999999999861e-01,8.996531076736027366e-01
3.149395500000000125e-01,8.996527881767995005e-01
3.150090500000000127e-01,8.996524691915466221e-01
3.150784999999999836e-01,8.996521580688243702e-01
3.151479500000000100e-01,8.996518397399331235e-01
3.152173999999999809e-01,8.996515291643426560e-01
3.152868500000000074e-01,8.996512113885964945e-01
3.153562999999999783e-01,8.996509013665150434e-01
3.154257500000000047e-01,8.996505841442307139e-01
3.154951999999999757e-01,8.996502746740109302e-01
3.155646500000000021e-01,8.996499580030774545e-01
3.156340999999999730e-01,8.996496490700731652e-01
3.157035499999999995e-01,8.996493326407301039e-01
3.157730499999999996e-01,8.996490167160748896e-01
3.158425000000000260e-01,8.996487086434650227e-01
3.159119499999999969e-01,8.996483933605331496e-01
3.159814000000000234e-01,8.996480858193655061e-01
3.160508499999999943e-01,8.996477710737812439e-01
3.161203000000000207e-01,8.996474640716426441e-01
3.161897499999999916e-01,8.996471498671259059e-01
3.162592000000000181e-01,8.996468434057259822e-01
3.163286499999999890e-01,8.996465297414462103e-01
3.163981000000000154e-01,8.996462238173343895e-01
3.164675499999999864e-01,8.996459106878758050e-01
3.165370000000000128e-01,8.996456052830580363e-01
3.166064499999999837e-01,8.996452923769290289e-01
3.166759499999999838e-01,8.996449799670312997e-01
3.167454000000000103e-01,8.996446753970231969e-01
3.168148499999999812e-01,8.996443636131751243e-01
3.168843000000000076e-01,8.996440595594501488e-01
3.169537499999999786e-01,8.996437482971476607e-01
3.170232000000000050e-01,8.996434447654952926e-01
3.170926499999999759e-01,8.996431340260540033e-01
3.171621000000000024e-01,8.996428310162102315e-01
3.172315499999999733e-01,8.996425207984390937e-01
3.173009999999999997e-01,8.996422183081473900e-01
3.173704500000000261e-01,8.996419086080799099e-01
3.174398999999999971e-01,8.996416066203288819e-01
3.175093500000000235e-01,8.996412971262903735e-01
3.175788500000000236e-01,8.996409881193838665e-01
3.176482999999999945e-01,8.996406869397987061e-01
3.177177500000000210e-01,8.996403785421521748e-01
3.177871999999999919e-01,8.996400778634202622e-01
3.178566500000000183e-01,8.996397699731617514e-01
3.179260999999999893e-01,8.996394698024235970e-01
3.179955500000000157e-01,8.996391624202654258e-01
3.180649999999999866e-01,8.996388627556701767e-01
3.181344500000000131e-01,8.996385558781786473e-01
3.182038999999999840e-01,8.996382567034164612e-01
3.182733500000000104e-01,8.996379500192567269e-01
3.183428500000000105e-01,8.996376438156757915e-01
3.184122999999999815e-01,8.996373454287741600e-01
3.184817500000000079e-01,8.996370398194636353e-01
3.185511999999999788e-01,8.996367419180497649e-01
3.186206500000000053e-01,8.996364368007828682e-01
3.186900999999999762e-01,8.996361393928575811e-01
3.187595500000000026e-01,8.996358347702246849e-01
3.188289999999999735e-01,8.996355378556296634e-01
3.188984500000000000e-01,8.996352337253777920e-01
3.189679000000000264e-01,8.996349373010336103e-01
3.190373499999999973e-01,8.996346336598088911e-01
3.191068000000000238e-01,8.996343377103955818e-01
3.191762499999999947e-01,8.996340342486028874e-01
3.192457499999999948e-01,8.996337312607091130e-01
3.193152000000000212e-01,8.996334360792492824e-01
3.193846499999999922e-01,8.996331336720340133e-01
3.194541000000000186e-01,8.996328389617218591e-01
3.195235499999999895e-01,8.996325370317775905e-01
3.195930000000000160e-01,8.996322427997627269e-01
3.196624499999999869e-01,8.996319413490774242e-01
3.197319000000000133e-01,8.996316475952033098e-01
3.198013499999999842e-01,8.996313466210115184e-01
3.198708000000000107e-01,8.996310533284829214e-01
3.199402499999999816e-01,8.996307525192225318e-01
3.200097499999999817e-01,8.996304521768375695e-01
3.200792000000000082e-01,8.996301596315660065e-01
3.201486499999999791e-01,8.996298598582380679e-01
3.202181000000000055e-01,8.996295677733217033e-01
3.202875499999999764e-01,8.996292684656254091e-01
3.203570000000000029e-01,8.996289768458601843e-01
3.204264499999999738e-01,8.996286780031338415e-01
3.204959000000000002e-01,8.996283868473419210e-01
3.205653500000000267e-01,8.996280884687187784e-01
3.206347999999999976e-01,8.996277977761545364e-01
3.207042500000000240e-01,8.996274998601271333e-01
3.207736999999999949e-01,8.996272096157421627e-01
3.208431500000000214e-01,8.996269118515534124e-01
3.209126500000000215e-01,8.996266145469205000e-01
3.209820999999999924e-01,8.996263250275912116e-01
3.210515500000000189e-01,8.996260282749612980e-01
3.211209999999999898e-01,8.996257391986184349e-01
3.211904500000000162e-01,8.996254428949880255e-01
3.212598999999999871e-01,8.996251542686320990e-01
3.213293500000000136e-01,8.996248584160716488e-01
3.213987999999999845e-01,8.996245702404820355e-01
3.214682500000000109e-01,8.996242748388617594e-01
3.215376999999999819e-01,8.996239871134060762e-01
3.216071500000000083e-01,8.996236921618349092e-01
3.216765999999999792e-01,8.996234048726713395e-01
3.217460500000000057e-01,8.996231100612284148e-01
3.218155500000000058e-01,8.996228157029567685e-01
3.218849999999999767e-01,8.996225291194001050e-01
3.219544500000000031e-01,8.996222352989278193e-01
3.220238999999999741e-01,8.996219491445086591e-01
3.220933500000000005e-01,8.996216557597753738e-01
3.221628000000000269e-01,8.996213700429783744e-01
3.222322499999999978e-01,8.996210770970264337e-01
3.223017000000000243e-01,8.996207918179693896e-01
3.223711499999999952e-01,8.996204993084266910e-01
3.224406000000000216e-01,8.996202144511785681e-01
3.225100499999999926e-01,8.996199220680843878e-01
3.225795499999999927e-01,8.996196301329348888e-01
3.226490000000000191e-01,8.996193459650870805e-01
3.227184499999999900e-01,8.996190545582163356e-01
3.227879000000000165e-01,8.996187708085724433e-01
3.228573499999999874e-01,8.996184798243967995e-01
3.229268000000000138e-01,8.996181964981234680e-01
3.229962499999999848e-01,8.996179059389620702e-01
3.230657000000000112e-01,8.996176230386847550e-01
3.231351499999999821e-01,8.996173329071989189e-01
3.232046000000000086e-01,8.996170504343372620e-01
3.232740499999999795e-01,8.996167607292340218e-01
3.233435000000000059e-01,8.996164786673526148e-01
3.234129499999999768e-01,8.996161890760446811e-01
3.234824499999999770e-01,8.996158999253830446e-01
3.235519000000000034e-01,8.996156185316518394e-01
3.236213499999999743e-01,8.996153298959000955e-01
3.236908000000000007e-01,8.996150489089275171e-01
3.237602500000000272e-01,8.996147606854592027e-01
3.238296999999999981e-01,8.996144801113523659e-01
3.238991500000000245e-01,8.996141923014286945e-01
3.239685999999999955e-01,8.996139121402900729e-01
3.240380500000000219e-01,8.996136247430661648e-01
3.241074999999999928e-01,8.996133449808011440e-01
3.241769500000000193e-01,8.996130576867981121e-01
3.242464500000000194e-01,8.996127708284851199e-01
3.243158999999999903e-01,8.996124917190851944e-01
3.243853500000000167e-01,8.996122053643667016e-01
3.244547999999999877e-01,8.996119266498829870e-01
3.245242500000000141e-01,8.996116406963972079e-01
3.245936999999999850e-01,8.996113623852481922e-01
3.246631500000000115e-01,8.996110768368998922e-01
3.247325999999999824e-01,8.996107989310128117e-01
3.248020500000000088e-01,8.996105137881649227e-01
3.248714999999999797e-01,8.996102362857741896e-01
3.249409500000000062e-01,8.996099515444785366e-01
3.250103999999999771e-01,8.996096744288476499e-01
3.250798500000000035e-01,8.996093897781796134e-01
3.251493500000000036e-01,8.996091055574403361e-01
3.252187999999999746e-01,8.996088290769159723e-01
3.252882500000000010e-01,8.996085453484017336e-01
3.253577000000000274e-01,8.996082692513301948e-01
3.254271499999999984e-01,8.996079859121409728e-01
3.254966000000000248e-01,8.996077102060338060e-01
3.255660499999999957e-01,8.996074272598608701e-01
3.256355000000000222e-01,8.996071519470932865e-01
3.257049499999999931e-01,8.996068693944163641e-01
3.257744000000000195e-01,8.996065944731715947e-01
3.258438499999999904e-01,8.996063123093995806e-01
3.259133000000000169e-01,8.996060377617473014e-01
3.259827499999999878e-01,8.996057556755474582e-01
3.260522499999999879e-01,8.996054740132601868e-01
3.261217000000000144e-01,8.996052000827904349e-01
3.261911499999999853e-01,8.996049189022886639e-01
3.262606000000000117e-01,8.996046453452181124e-01
3.263300499999999826e-01,8.996043645433565716e-01
3.263995000000000091e-01,8.996040913652135762e-01
3.264689499999999800e-01,8.996038109428931007e-01
3.265384000000000064e-01,8.996035381439936307e-01
3.266078499999999774e-01,8.996032581006971895e-01
3.266773000000000038e-01,8.996029856669810476e-01
3.267467499999999747e-01,8.996027056928362908e-01
3.268162499999999748e-01,8.996024261375450415e-01
3.268857000000000013e-01,8.996021543061412107e-01
3.269551500000000277e-01,8.996018752218760683e-01
3.270245999999999986e-01,8.996016037539389387e-01
3.270940500000000251e-01,8.996013250398382510e-01
3.271634999999999960e-01,8.996010539438933362e-01
3.272329500000000224e-01,8.996007756029099633e-01
3.273023999999999933e-01,8.996005048789440517e-01
3.273718500000000198e-01,8.996002269091067927e-01
3.274412999999999907e-01,8.995999565546222154e-01
3.275107500000000171e-01,8.995996789530384952e-01
3.275801999999999881e-01,8.995994089530505722e-01
3.276496500000000145e-01,8.995991314109419434e-01
3.277191500000000146e-01,8.995988542834467694e-01
3.277885999999999855e-01,8.995985848725667200e-01
3.278580500000000120e-01,8.995983082063421232e-01
3.279274999999999829e-01,8.995980391477750304e-01
3.279969500000000093e-01,8.995977628394830061e-01
3.280663999999999803e-01,8.995974941400209923e-01
3.281358500000000067e-01,8.995972181920514066e-01
3.282052999999999776e-01,8.995969498527294217e-01
3.282747500000000040e-01,8.995966742649110781e-01
3.283441999999999750e-01,8.995964062845638320e-01
3.284136500000000014e-01,8.995961310547296863e-01
3.284830999999999723e-01,8.995958634185565739e-01
3.285525499999999988e-01,8.995955882378958712e-01
3.286220499999999989e-01,8.995953134665327644e-01
3.286915000000000253e-01,8.995950464038335870e-01
3.287609499999999962e-01,8.995947720835766326e-01
3.288304000000000227e-01,8.995945053633596089e-01
3.288998499999999936e-01,8.995942313913077859e-01
3.289693000000000200e-01,8.995939650203663707e-01
3.290387499999999910e-01,8.995936913987468975e-01
3.291082000000000174e-01,8.995934253781343592e-01
3.291776499999999883e-01,8.995931521062631164e-01
3.292471000000000148e-01,8.995928864210180897e-01
3.293165499999999857e-01,8.995926131882756582e-01
3.293860499999999858e-01,8.995923403594729972e-01
3.294555000000000122e-01,8.995920752319936931e-01
3.295249499999999832e-01,8.995918028448004478e-01
3.295944000000000096e-01,8.995915380513678228e-01
3.296638499999999805e-01,8.995912660042136855e-01
3.297333000000000069e-01,8.995910015515390379e-01
3.298027499999999779e-01,8.995907298457305190e-01
3.298722000000000043e-01,8.995904657343309907e-01
3.299416499999999752e-01,8.995901943705952863e-01
3.300111000000000017e-01,8.995899306012185015e-01
3.300805499999999726e-01,8.995896595794716788e-01
3.301499999999999990e-01,8.995893961384352489e-01
3.302194500000000255e-01,8.995891251487870832e-01
3.302889500000000256e-01,8.995888545588145435e-01
3.303583999999999965e-01,8.995885916624717371e-01
3.304278500000000229e-01,8.995883215035022085e-01
3.304972999999999939e-01,8.995880589303019148e-01
3.305667500000000203e-01,8.995877891012631355e-01
3.306361999999999912e-01,8.995875268602739894e-01
3.307056500000000177e-01,8.995872573650348647e-01
3.307750999999999886e-01,8.995869954575258509e-01
3.308445500000000150e-01,8.995867262948276100e-01
3.309139999999999859e-01,8.995864647052803642e-01
3.309834500000000124e-01,8.995861955642735497e-01
3.310529500000000125e-01,8.995859268186061630e-01
3.311223999999999834e-01,8.995856657606767781e-01
3.311918500000000098e-01,8.995853974386811558e-01
3.312612999999999808e-01,8.995851366963146800e-01
3.313307500000000072e-01,8.995848686958106688e-01
3.314001999999999781e-01,8.995846082767102736e-01
3.314696500000000046e-01,8.995843406013571686e-01
3.315390999999999755e-01,8.995840805083988867e-01
3.316085500000000019e-01,8.995838131603453025e-01
3.316779999999999728e-01,8.995835533936614725e-01
3.317474499999999993e-01,8.995832863696607840e-01
3.318169000000000257e-01,8.995830269113453959e-01
3.318863499999999966e-01,8.995827598989875051e-01
3.319558499999999968e-01,8.995824932769592719e-01
3.320253000000000232e-01,8.995822343354235029e-01
3.320947499999999941e-01,8.995819681278740543e-01
3.321642000000000206e-01,8.995817094934187574e-01
3.322336499999999915e-01,8.995814435989023528e-01
3.323031000000000179e-01,8.995811852787207741e-01
3.323725499999999888e-01,8.995809197002174740e-01
3.324420000000000153e-01,8.995806616970760672e-01
3.325114499999999862e-01,8.995803964366982930e-01
3.325809000000000126e-01,8.995801387511377367e-01
3.326503499999999836e-01,8.995798738068002676e-01
3.327198000000000100e-01,8.995796164218299307e-01
3.327892499999999809e-01,8.995793514810045410e-01
3.328587499999999810e-01,8.995790869262195733e-01
3.329282000000000075e-01,8.995788300452423059e-01
3.329976499999999784e-01,8.995785658968413756e-01
3.330671000000000048e-01,8.995783093160817367e-01
3.331365499999999757e-01,8.995780454755440969e-01
3.332060000000000022e-01,8.995777892045990765e-01
3.332754499999999731e-01,8.995775256739830805e-01
3.333448999999999995e-01,8.995772697116783956e-01
3.334143500000000260e-01,8.995770064880500572e-01
3.334837999999999969e-01,8.995767508179851601e-01
3.335532500000000233e-01,8.995764875908974778e-01
3.336227500000000235e-01,8.995762247466003725e-01
3.336921999999999944e-01,8.995759695702953973e-01
3.337616500000000208e-01,8.995757071239174341e-01
3.338310999999999917e-01,8.995754522379034723e-01
3.339005500000000182e-01,8.995751900886197472e-01
3.339699999999999891e-01,8.995749355023994198e-01
3.340394500000000155e-01,8.995746736552412415e-01
3.341088999999999865e-01,8.995744193718492321e-01
3.341783500000000129e-01,8.995741578275170403e-01
3.342477999999999838e-01,8.995739038448815617e-01
3.343172500000000102e-01,8.995736425987971296e-01
3.343866999999999812e-01,8.995733888995517402e-01
3.344561500000000076e-01,8.995731276414361544e-01
3.345256500000000077e-01,8.995728667628175579e-01
3.345950999999999786e-01,8.995726135472547069e-01
3.346645500000000051e-01,8.995723530615504782e-01
3.347339999999999760e-01,8.995721001312708687e-01
3.348034500000000024e-01,8.995718399361551931e-01
3.348728999999999734e-01,8.995715872973012450e-01
3.349423499999999998e-01,8.995713273948354738e-01
3.350118000000000262e-01,8.995710750490052421e-01
3.350812499999999972e-01,8.995708154392156874e-01
3.351507000000000236e-01,8.995705633715751492e-01
3.352201499999999945e-01,8.995703037432204452e-01
3.352896499999999946e-01,8.995700444897520853e-01
3.353591000000000211e-01,8.995697928927615106e-01
3.354285499999999920e-01,8.995695340236559145e-01
3.354980000000000184e-01,8.995692827053674012e-01
3.355674499999999894e-01,8.995690241222584760e-01
3.356369000000000158e-01,8.995687730912890201e-01
3.357063499999999867e-01,8.995685147954184391e-01
3.357758000000000131e-01,8.995682640505412442e-01
3.358452499999999841e-01,8.995680060402799771e-01
3.359147000000000105e-01,8.995677555804310055e-01
3.359841499999999814e-01,8.995674978551811973e-01
3.360536000000000079e-01,8.995672476669521744e-01
3.361230499999999788e-01,8.995669899177167750e-01
3.361925499999999789e-01,8.995667325408049919e-01
3.362620000000000053e-01,8.995664828149935177e-01
3.363314499999999763e-01,8.995662258151990720e-01
3.364009000000000027e-01,8.995659763592568359e-01
3.364703499999999736e-01,8.995657196358797236e-01
3.365398000000000001e-01,8.995654704582715100e-01
3.366092500000000265e-01,8.995652140144116959e-01
3.366786999999999974e-01,8.995649651160714244e-01
3.367481500000000239e-01,8.995647089511720207e-01
3.368175999999999948e-01,8.995644603305984477e-01
3.368870500000000212e-01,8.995642044426773731e-01
3.369564999999999921e-01,8.995639560857493500e-01
3.370259500000000186e-01,8.995637001666874077e-01
3.370954500000000187e-01,8.995634446169774590e-01
3.371648999999999896e-01,8.995631967130640616e-01
3.372343500000000160e-01,8.995629415334713830e-01
3.373037999999999870e-01,8.995626938913237058e-01
3.373732500000000134e-01,8.995624389792475917e-01
3.374426999999999843e-01,8.995621916065604795e-01
3.375121500000000108e-01,8.995619369658603981e-01
3.375815999999999817e-01,8.995616898654308358e-01
3.376510500000000081e-01,8.995614354970955517e-01
3.377204999999999790e-01,8.995611886549861325e-01
3.377899500000000055e-01,8.995609342488618543e-01
3.378594500000000056e-01,8.995606802084311626e-01
3.379288999999999765e-01,8.995604338088366569e-01
3.379983500000000030e-01,8.995601801333715786e-01
3.380677999999999739e-01,8.995599339921087623e-01
3.381372500000000003e-01,8.995596805810057717e-01
3.382067000000000268e-01,8.995594347051047990e-01
3.382761499999999977e-01,8.995591815600668673e-01
3.383456000000000241e-01,8.995589359505185012e-01
3.384150499999999950e-01,8.995586830727673178e-01
3.384845000000000215e-01,8.995584377305074764e-01
3.385539499999999924e-01,8.995581851194925926e-01
3.386234000000000188e-01,8.995579400296641603e-01
3.386928499999999898e-01,8.995576873745679825e-01
3.387623499999999899e-01,8.995574350816721854e-01
3.388318000000000163e-01,8.995571904240108330e-01
3.389012499999999872e-01,8.995569384887446285e-01
3.389707000000000137e-01,8.995566940820419743e-01
3.390401499999999846e-01,8.995564424040588536e-01
3.391096000000000110e-01,8.995561982560673631e-01
3.391790499999999819e-01,8.995559468377675172e-01
3.392485000000000084e-01,8.995557029493630452e-01
3.393179499999999793e-01,8.995554517903621150e-01
3.393874000000000057e-01,8.995552081479952777e-01
3.394568499999999767e-01,8.995549569396730227e-01
3.395263499999999768e-01,8.995547060913022808e-01
3.395958000000000032e-01,8.995544628738383341e-01
3.396652499999999741e-01,8.995542123772530818e-01
3.397347000000000006e-01,8.995539694041166934e-01
3.398041500000000270e-01,8.995537191581015612e-01
3.398735999999999979e-01,8.995534764376468262e-01
3.399430500000000244e-01,8.995532264462935412e-01
3.400124999999999953e-01,8.995529839815550321e-01
3.400819500000000217e-01,8.995527342468161436e-01
3.401513999999999927e-01,8.995524920375993494e-01
3.402208500000000191e-01,8.995522425563875490e-01
3.402902999999999900e-01,8.995520005855243140e-01
3.403597500000000164e-01,8.995517510461914501e-01
3.404292500000000166e-01,8.995515018627529003e-01
3.404986999999999875e-01,8.995512603049313771e-01
3.405681500000000139e-01,8.995510114672863322e-01
3.406375999999999848e-01,8.995507701488699714e-01
3.407070500000000113e-01,8.995505215568612156e-01
3.407764999999999822e-01,8.995502804854274004e-01
3.408459500000000086e-01,8.995500321417512213e-01
3.409153999999999796e-01,8.995497913192287420e-01
3.409848500000000060e-01,8.995495432252282875e-01
3.410542999999999769e-01,8.995493026515689605e-01
3.411237500000000034e-01,8.995490548047950785e-01
3.411931999999999743e-01,8.995488144637554528e-01
3.412626500000000007e-01,8.995485665537332753e-01
3.413321500000000008e-01,8.995483189973865201e-01
3.414016000000000273e-01,8.995480790627997658e-01
3.414710499999999982e-01,8.995478318482585944e-01
3.415405000000000246e-01,8.995475921488981230e-01
3.416099499999999956e-01,8.995473451755308103e-01
3.416794000000000220e-01,8.995471057178391350e-01
3.417488499999999929e-01,8.995468589861620456e-01
3.418183000000000193e-01,8.995466197697158384e-01
3.418877499999999903e-01,8.995463732788954170e-01
3.419572000000000167e-01,8.995461342900329393e-01
3.420266499999999876e-01,8.995458877312002555e-01
3.420961499999999877e-01,8.995456415230057567e-01
3.421656000000000142e-01,8.995454029311772404e-01
3.422350499999999851e-01,8.995451570574003464e-01
3.423045000000000115e-01,8.995449186942462427e-01
3.423739499999999825e-01,8.995446730565160864e-01
3.424434000000000089e-01,8.995444349315855348e-01
3.425128499999999798e-01,8.995441895329148174e-01
3.425823000000000063e-01,8.995439516463521468e-01
3.426517499999999772e-01,8.995437064852781495e-01
3.427212000000000036e-01,8.995434688345330665e-01
3.427906499999999745e-01,8.995432239079683701e-01
3.428601000000000010e-01,8.995429864784236784e-01
3.429295500000000274e-01,8.995427414786031362e-01
3.429990500000000275e-01,8.995424968278168398e-01
3.430684999999999985e-01,8.995422597903642847e-01
3.431379500000000249e-01,8.995420154709073968e-01
3.432073999999999958e-01,8.995417786573787211e-01
3.432768500000000222e-01,8.995415345674581120e-01
3.433462999999999932e-01,8.995412979847136059e-01
3.434157500000000196e-01,8.995410541268280546e-01
3.434851999999999905e-01,8.995408177768174918e-01
3.435546500000000170e-01,8.995405741523854193e-01
3.436240999999999879e-01,8.995403380351757461e-01
3.436935500000000143e-01,8.995400946422306143e-01
3.437629999999999852e-01,8.995398587425279535e-01
3.438324500000000117e-01,8.995396152721411021e-01
3.439019500000000118e-01,8.995393721486960592e-01
3.439713999999999827e-01,8.995391366346547901e-01
3.440408500000000092e-01,8.995388938385363575e-01
3.441102999999999801e-01,8.995386585442980421e-01
3.441797500000000065e-01,8.995384159725416939e-01
3.442491999999999774e-01,8.995381809028578646e-01
3.443186500000000039e-01,8.995379385561937946e-01
3.443880999999999748e-01,8.995377037121564667e-01
3.444575500000000012e-01,8.995374615917385297e-01
3.445270000000000277e-01,8.995372269612382787e-01
3.445964499999999986e-01,8.995369847592912249e-01
3.446659499999999987e-01,8.995367429014894389e-01
3.447354000000000251e-01,8.995365086484383710e-01
3.448048499999999961e-01,8.995362671116691189e-01
3.448743000000000225e-01,8.995360330730602927e-01
3.449437499999999934e-01,8.995357917570295792e-01
3.450132000000000199e-01,8.995355579403028212e-01
3.450826499999999908e-01,8.995353168464869098e-01
3.451521000000000172e-01,8.995350832515133233e-01
3.452215499999999881e-01,8.995348423796234449e-01
3.452910000000000146e-01,8.995346090064968436e-01
3.453604499999999855e-01,8.995343683564336335e-01
3.454299000000000119e-01,8.995341351921936068e-01
3.454993499999999829e-01,8.995338944560588024e-01
3.455688499999999830e-01,8.995336540617127064e-01
3.456383000000000094e-01,8.995334212675968333e-01
3.457077499999999803e-01,8.995331811883019446e-01
3.457772000000000068e-01,8.995329486018641685e-01
3.458466499999999777e-01,8.995327087362210428e-01
3.459161000000000041e-01,8.995324763653755884e-01
3.459855499999999751e-01,8.995322367169077404e-01
3.460550000000000015e-01,8.995320045638635076e-01
3.461244499999999724e-01,8.995317651330740905e-01
3.461938999999999989e-01,8.995315331839305317e-01
3.462633500000000253e-01,8.995312936612467336e-01
3.463328500000000254e-01,8.995310544775154682e-01
3.464022999999999963e-01,8.995308228905699588e-01
3.464717500000000228e-01,8.995305840186221813e-01
3.465411999999999937e-01,8.995303526372704361e-01
3.466106500000000201e-01,8.995301139769675824e-01
3.466800999999999910e-01,8.995298828082232134e-01
3.467495500000000175e-01,8.995296443610025783e-01
3.468189999999999884e-01,8.995294134056687207e-01
3.468884500000000148e-01,8.995291751731967489e-01
3.469578999999999858e-01,8.995289444333118833e-01
3.470273500000000122e-01,8.995287064159477319e-01
3.470967999999999831e-01,8.995284758768279376e-01
3.471662500000000096e-01,8.995282377633825321e-01
3.472357500000000097e-01,8.995279999860480435e-01
3.473051999999999806e-01,8.995277698004193745e-01
3.473746500000000070e-01,8.995275323280667035e-01
3.474440999999999780e-01,8.995273023416257008e-01
3.475135500000000044e-01,8.995270650754709774e-01
3.475829999999999753e-01,8.995268352974269410e-01
3.476524500000000018e-01,8.995265982408064964e-01
3.477218999999999727e-01,8.995263686724919161e-01
3.477913499999999991e-01,8.995261318261222883e-01
3.478608000000000255e-01,8.995259024678314841e-01
3.479302499999999965e-01,8.995256658307531072e-01
3.479997000000000229e-01,8.995254366677228886e-01
3.480691499999999938e-01,8.995251999301232537e-01
3.481386499999999939e-01,8.995249635271145294e-01
3.482081000000000204e-01,8.995247347128000337e-01
3.482775499999999913e-01,8.995244986118555719e-01
3.483470000000000177e-01,8.995242699935671604e-01
3.484164499999999887e-01,8.995240340952735947e-01
3.484859000000000151e-01,8.995238056814863770e-01
3.485553499999999860e-01,8.995235699887151881e-01
3.486248000000000125e-01,8.995233417803658593e-01
3.486942499999999834e-01,8.995231062925516108e-01
3.487637000000000098e-01,8.995228782756733432e-01
3.488331499999999807e-01,8.995226426837195088e-01
3.489026499999999809e-01,8.995224074245475876e-01
3.489721000000000073e-01,8.995221797510959405e-01
3.490415499999999782e-01,8.995219447907258914e-01
3.491110000000000047e-01,8.995217173101054398e-01
3.491804499999999756e-01,8.995214825493855759e-01
3.492499000000000020e-01,8.995212552704533460e-01
3.493193499999999729e-01,8.995210207128887525e-01
3.493887999999999994e-01,8.995207936376528046e-01
3.494582500000000258e-01,8.995205592842785425e-01
3.495276999999999967e-01,8.995203324124748656e-01
3.495971500000000232e-01,8.995200982608778650e-01
3.496665999999999941e-01,8.995198715760819308e-01
3.497360500000000205e-01,8.995196373153853120e-01
3.498055500000000206e-01,8.995194033853874949e-01
3.498749999999999916e-01,8.995191770378816454e-01
3.499444500000000180e-01,8.995189434036588993e-01
3.500138999999999889e-01,8.995187172462093539e-01
3.500833500000000154e-01,8.995184838080578782e-01
3.501527999999999863e-01,8.995182578475187096e-01
3.502222500000000127e-01,8.995180246066227792e-01
3.502916999999999836e-01,8.995177988432209171e-01
3.503611500000000101e-01,8.995175657993841334e-01
3.504305999999999810e-01,8.995173402199877488e-01
3.505000500000000074e-01,8.995171070648790845e-01
3.505695500000000076e-01,8.995168742388455208e-01
3.506389999999999785e-01,8.995166489917171271e-01
3.507084500000000049e-01,8.995164164566396003e-01
3.507778999999999758e-01,8.995161913949799581e-01
3.508473500000000023e-01,8.995159590525626525e-01
3.509167999999999732e-01,8.995157341854239652e-01
3.509862499999999996e-01,8.995155020378933219e-01
3.510557000000000261e-01,8.995152773647920874e-01
3.511251499999999970e-01,8.995150454109589466e-01
3.511946000000000234e-01,8.995148209310318554e-01
3.512640499999999943e-01,8.995145891701958885e-01
3.513335000000000208e-01,8.995143648703384232e-01
3.514029499999999917e-01,8.995141329946394482e-01
3.514724499999999918e-01,8.995139014465338700e-01
3.515419000000000183e-01,8.995136774741994135e-01
3.516113499999999892e-01,8.995134462134946052e-01
3.516808000000000156e-01,8.995132224221361605e-01
3.517502499999999865e-01,8.995129913484926076e-01
3.518197000000000130e-01,8.995127677457693816e-01
3.518891499999999839e-01,8.995125368619157902e-01
3.519586000000000103e-01,8.995123134494750206e-01
3.520280499999999813e-01,8.995120827565799004e-01
3.520975000000000077e-01,8.995118595349913537e-01
3.521669499999999786e-01,8.995116290326934383e-01
3.522364000000000051e-01,8.995114059886680780e-01
3.523058499999999760e-01,8.995111753692519585e-01
3.523753499999999761e-01,8.995109450766077819e-01
3.524448000000000025e-01,8.995107223574463351e-01
3.525142499999999735e-01,8.995104923500064631e-01
3.525836999999999999e-01,8.995102698082692028e-01
3.526531500000000263e-01,8.995100399829394355e-01
3.527225999999999972e-01,8.995098176241693722e-01
3.527920500000000237e-01,8.995095879835790509e-01
3.528614999999999946e-01,8.995093658111238399e-01
3.529309500000000210e-01,8.995091363577892851e-01
3.530003999999999920e-01,8.995089143600270010e-01
3.530698500000000184e-01,8.995086847858690948e-01
3.531393500000000185e-01,8.995084555355712386e-01
3.532087999999999894e-01,8.995082338545025147e-01
3.532782500000000159e-01,8.995080048841884723e-01
3.533476999999999868e-01,8.995077833775223519e-01
3.534171500000000132e-01,8.995075545884685386e-01
3.534865999999999842e-01,8.995073332647058884e-01
3.535560500000000106e-01,8.995071046591140984e-01
3.536254999999999815e-01,8.995068835184386602e-01
3.536949500000000080e-01,8.995066550965535868e-01
3.537643999999999789e-01,8.995064341403613550e-01
3.538338500000000053e-01,8.995062059036647018e-01
3.539032999999999762e-01,8.995059851201808732e-01
3.539727500000000027e-01,8.995057567610463822e-01
3.540422500000000028e-01,8.995055287248485687e-01
3.541116999999999737e-01,8.995053082550205081e-01
3.541811500000000001e-01,8.995050804953895751e-01
3.542506000000000266e-01,8.995048601954931389e-01
3.543200499999999975e-01,8.995046326124007674e-01
3.543895000000000239e-01,8.995044124915810846e-01
3.544589499999999949e-01,8.995041850896458024e-01
3.545284000000000213e-01,8.995039651510374767e-01
3.545978499999999922e-01,8.995037379315389270e-01
3.546673000000000187e-01,8.995035181624814191e-01
3.547367499999999896e-01,8.995032908172940767e-01
3.548062499999999897e-01,8.995030637939528395e-01
3.548757000000000161e-01,8.995028443349364355e-01
3.549451499999999871e-01,8.995026175868561236e-01
3.550146000000000135e-01,8.995023982967295106e-01
3.550840499999999844e-01,8.995021717235869296e-01
3.551535000000000108e-01,8.995019526097849383e-01
3.552229499999999818e-01,8.995017262139664016e-01
3.552924000000000082e-01,8.995015072780651044e-01
3.553618499999999791e-01,8.995012810615011789e-01
3.554313000000000056e-01,8.995010623059220833e-01
3.555007499999999765e-01,8.995008362698087012e-01
3.555702000000000029e-01,8.995006176810417253e-01
3.556396499999999739e-01,8.995003915153495511e-01
3.557091499999999740e-01,8.995001656689503022e-01
3.557786000000000004e-01,8.994999473831057912e-01
3.558480500000000268e-01,8.994997218075388989e-01
3.559174999999999978e-01,8.994995036870415683e-01
3.559869500000000242e-01,8.994992782835903311e-01
3.560563999999999951e-01,8.994990603368024917e-01
3.561258500000000216e-01,8.994988351077125577e-01
3.561952999999999925e-01,8.994986173354582171e-01
3.562647500000000189e-01,8.994983922819645983e-01
3.563341999999999898e-01,8.994981746862007466e-01
3.564036500000000163e-01,8.994979498093449433e-01
3.564730999999999872e-01,8.994977323765314114e-01
3.565425500000000136e-01,8.994975073664407406e-01
3.566120500000000137e-01,8.994972826740219585e-01
3.566814999999999847e-01,8.994970655391666403e-01
3.567509500000000111e-01,8.994968411143844378e-01
3.568203999999999820e-01,8.994966241419042330e-01
3.568898500000000085e-01,8.994963998865036503e-01
3.569592999999999794e-01,8.994961830852803431e-01
3.570287500000000058e-01,8.994959590019282469e-01
3.570981999999999768e-01,8.994957423725015166e-01
3.571676500000000032e-01,8.994955184601965970e-01
3.572370999999999741e-01,8.994953019884067702e-01
3.573065500000000005e-01,8.994950779386023942e-01
3.573760500000000007e-01,8.994948542053335938e-01
3.574455000000000271e-01,8.994946380279104092e-01
3.575149499999999980e-01,8.994944145612814301e-01
3.575844000000000245e-01,8.994941985450484179e-01
3.576538499999999954e-01,8.994939752464564675e-01
3.577233000000000218e-01,8.994937594000134151e-01
3.577927499999999927e-01,8.994935362717826344e-01
3.578622000000000192e-01,8.994933205954538380e-01
3.579316499999999901e-01,8.994930976375538068e-01
3.580011000000000165e-01,8.994928821315650858e-01
3.580705499999999875e-01,8.994926593434008355e-01
3.581400000000000139e-01,8.994924439933498217e-01
3.582094499999999848e-01,8.994922210655802441e-01
3.582789499999999849e-01,8.994919984531241086e-01
3.583484000000000114e-01,8.994917833937212670e-01
3.584178499999999823e-01,8.994915610447701271e-01
3.584873000000000087e-01,8.994913461431423007e-01
3.585567499999999797e-01,8.994911239582557005e-01
3.586262000000000061e-01,8.994909092221018421e-01
3.586956499999999770e-01,8.994906872032532030e-01
3.587651000000000034e-01,8.994904726332900724e-01
3.588345499999999744e-01,8.994902507814639403e-01
3.589040000000000008e-01,8.994900363788285169e-01
3.589734500000000272e-01,8.994898146940775163e-01
3.590428999999999982e-01,8.994896004451106153e-01
3.591123500000000246e-01,8.994893786188760121e-01
3.591818500000000247e-01,8.994891571071965686e-01
3.592512999999999956e-01,8.994889431467202323e-01
3.593207500000000221e-01,8.994887218974586540e-01
3.593901999999999930e-01,8.994885080934410526e-01
3.594596500000000194e-01,8.994882870064745406e-01
3.595290999999999904e-01,8.994880733654296856e-01
3.595985500000000168e-01,8.994878524416617394e-01
3.596679999999999877e-01,8.994876389641225378e-01
3.597374500000000141e-01,8.994874182043203215e-01
3.598068999999999851e-01,8.994872048784997576e-01
3.598763500000000115e-01,8.994869839761064911e-01
3.599458500000000116e-01,8.994867633877096091e-01
3.600152999999999825e-01,8.994865503483866487e-01
3.600847500000000090e-01,8.994863300200527378e-01
3.601541999999999799e-01,8.994861171347461326e-01
3.602236500000000063e-01,8.994858969668328985e-01
3.602930999999999773e-01,8.994856842435937638e-01
3.603625500000000037e-01,8.994854642384763066e-01
3.604319999999999746e-01,8.994852516777636087e-01
3.605014500000000011e-01,8.994850318353497798e-01
3.605709000000000275e-01,8.994848194374875927e-01
3.606403499999999984e-01,8.994845997578096997e-01
3.607098000000000249e-01,8.994843875097914276e-01
3.607792499999999958e-01,8.994841676851279555e-01
3.608487499999999959e-01,8.994839481729882680e-01
3.609182000000000223e-01,8.994837362069819653e-01
3.609876499999999933e-01,8.994835169516426365e-01
3.610571000000000197e-01,8.994833051361599274e-01
3.611265499999999906e-01,8.994830860373042025e-01
3.611960000000000170e-01,8.994828743799746507e-01
3.612654499999999880e-01,8.994826554406133434e-01
3.613349000000000144e-01,8.994824439435544772e-01
3.614043499999999853e-01,8.994822251649969846e-01
3.614738000000000118e-01,8.994820138160660727e-01
3.615432499999999827e-01,8.994817948901667748e-01
3.616127499999999828e-01,8.994815762749969190e-01
3.616822000000000092e-01,8.994813652030121398e-01
3.617516499999999802e-01,8.994811468410184307e-01
3.618211000000000066e-01,8.994809359166171525e-01
3.618905499999999775e-01,8.994807177090494710e-01
3.619600000000000040e-01,8.994805069411085929e-01
3.620294499999999749e-01,8.994802888908496330e-01
3.620989000000000013e-01,8.994800782804329708e-01
3.621683500000000278e-01,8.994798603886546839e-01
3.622377999999999987e-01,8.994796499376588317e-01
3.623072500000000251e-01,8.994794322057447777e-01
3.623766999999999960e-01,8.994792219013002521e-01
3.624461500000000225e-01,8.994790040197685466e-01
3.625156500000000226e-01,8.994787864470992211e-01
3.625850999999999935e-01,8.994785764140781348e-01
3.626545500000000199e-01,8.994783590902049042e-01
3.627239999999999909e-01,8.994781492011646451e-01
3.627934500000000173e-01,8.994779320291951263e-01
3.628628999999999882e-01,8.994777222950419704e-01
3.629323500000000147e-01,8.994775052794846681e-01
3.630017999999999856e-01,8.994772957021365256e-01
3.630712500000000120e-01,8.994770788439324649e-01
3.631406999999999829e-01,8.994768694241320750e-01
3.632101500000000094e-01,8.994766527234008269e-01
3.632795999999999803e-01,8.994764434477114934e-01
3.633490500000000067e-01,8.994762265953515357e-01
3.634185500000000069e-01,8.994760100515825085e-01
3.634879999999999778e-01,8.994758010463017595e-01
3.635574500000000042e-01,8.994755847508869584e-01
3.636268999999999751e-01,8.994753758881327554e-01
3.636963500000000016e-01,8.994751597422184775e-01
3.637657999999999725e-01,8.994749510316871755e-01
3.638352499999999989e-01,8.994747350400891239e-01
3.639047000000000254e-01,8.994745264848035271e-01
3.639741499999999963e-01,8.994743106481791761e-01
3.640436000000000227e-01,8.994741022337184866e-01
3.641130499999999937e-01,8.994738862414254355e-01
3.641825499999999938e-01,8.994736705555705925e-01
3.642520000000000202e-01,8.994734624054400163e-01
3.643214499999999911e-01,8.994732469653873297e-01
3.643909000000000176e-01,8.994730389566593098e-01
3.644603499999999885e-01,8.994728236656778231e-01
3.645298000000000149e-01,8.994726158086292500e-01
3.645992499999999858e-01,8.994724006706744657e-01
3.646687000000000123e-01,8.994721929668784144e-01
3.647381499999999832e-01,8.994719779826586548e-01
3.648076000000000096e-01,8.994717704327306329e-01
3.648770499999999806e-01,8.994715556018952896e-01
3.649465000000000070e-01,8.994713481915684872e-01
3.650159499999999779e-01,8.994711332042334417e-01
3.650854499999999780e-01,8.994709185230236326e-01
3.651549000000000045e-01,8.994707113759735639e-01
3.652243499999999754e-01,8.994704969397544492e-01
3.652938000000000018e-01,8.994702899334265922e-01
3.653632499999999728e-01,8.994700756458006152e-01
3.654326999999999992e-01,8.994698687906138579e-01
3.655021500000000256e-01,8.994696546550655647e-01
3.655715999999999966e-01,8.994694479515336072e-01
3.656410500000000230e-01,8.994692339670101733e-01
3.657104999999999939e-01,8.994690274012968612e-01
3.657799500000000203e-01,8.994688132594187424e-01
3.658494500000000205e-01,8.994685994237182625e-01
3.659188999999999914e-01,8.994683931207465566e-01
3.659883500000000178e-01,8.994681795284689141e-01
3.660577999999999887e-01,8.994679733632539032e-01
3.661272500000000152e-01,8.994677599157696601e-01
3.661966999999999861e-01,8.994675538980622109e-01
3.662661500000000125e-01,8.994673405999252802e-01
3.663355999999999835e-01,8.994671347321566701e-01
3.664050500000000099e-01,8.994669215841663013e-01
3.664744999999999808e-01,8.994667158660066830e-01
3.665439500000000073e-01,8.994665028666836148e-01
3.666133999999999782e-01,8.994662972835255621e-01
3.666828500000000046e-01,8.994660841238732996e-01
3.667523500000000047e-01,8.994658712694180158e-01
3.668217999999999757e-01,8.994656659459761006e-01
3.668912500000000021e-01,8.994654533343754421e-01
3.669606999999999730e-01,8.994652481484380901e-01
3.670301499999999995e-01,8.994650356806911384e-01
3.670996000000000259e-01,8.994648306399972704e-01
3.671690499999999968e-01,8.994646183179700882e-01
3.672385000000000232e-01,8.994644134229823340e-01
3.673079499999999942e-01,8.994642012475067006e-01
3.673774000000000206e-01,8.994639964999501247e-01
3.674468499999999915e-01,8.994637844721472542e-01
3.675163000000000180e-01,8.994635798590950859e-01
3.675857499999999889e-01,8.994633676701853098e-01
3.676552499999999890e-01,8.994631557852720283e-01
3.677247000000000154e-01,8.994629514288834393e-01
3.677941499999999864e-01,8.994627397839083383e-01
3.678636000000000128e-01,8.994625355619730867e-01
3.679330499999999837e-01,8.994623240578869527e-01
3.680025000000000102e-01,8.994621199783823240e-01
3.680719499999999811e-01,8.994619086175608125e-01
3.681414000000000075e-01,8.994617046817937611e-01
3.682108499999999784e-01,8.994614934651017357e-01
3.682803000000000049e-01,8.994612896612195208e-01
3.683497499999999758e-01,8.994610782821217398e-01
3.684192499999999759e-01,8.994608672069125399e-01
3.684887000000000024e-01,8.994606636588902138e-01
3.685581499999999733e-01,8.994604528226305407e-01
3.686275999999999997e-01,8.994602494079027011e-01
3.686970500000000261e-01,8.994600387117950291e-01
3.687664999999999971e-01,8.994598354394444106e-01
3.688359500000000235e-01,8.994596248867456900e-01
3.689053999999999944e-01,8.994594217578563144e-01
3.689748500000000209e-01,8.994592113489057184e-01
3.690442999999999918e-01,8.994590083640657818e-01
3.691137500000000182e-01,8.994587980994840359e-01
3.691831999999999891e-01,8.994585952463485246e-01
3.692526500000000156e-01,8.994583848184021235e-01
3.693221500000000157e-01,8.994581746931811228e-01
3.693915999999999866e-01,8.994579720925929278e-01
3.694610500000000131e-01,8.994577622032713382e-01
3.695304999999999840e-01,8.994575597323229976e-01
3.695999500000000104e-01,8.994573499793010463e-01
3.696693999999999813e-01,8.994571476472849048e-01
3.697388500000000078e-01,8.994569380349899390e-01
3.698082999999999787e-01,8.994567358447995709e-01
3.698777500000000051e-01,8.994565263747903439e-01
3.699471999999999761e-01,8.994563243143379738e-01
3.700166500000000025e-01,8.994561146794186612e-01
3.700861500000000026e-01,8.994559053469816101e-01
3.701555999999999735e-01,8.994557035381297583e-01
3.702250500000000000e-01,8.994554944416603970e-01
3.702945000000000264e-01,8.994552927629314576e-01
3.703639499999999973e-01,8.994550838031534212e-01
3.704334000000000238e-01,8.994548822631868168e-01
3.705028499999999947e-01,8.994546734432977697e-01
3.705723000000000211e-01,8.994544720436936647e-01
3.706417499999999920e-01,8.994542633650783880e-01
3.707112000000000185e-01,8.994540621076256848e-01
3.707806499999999894e-01,8.994538535716360972e-01
3.708501000000000158e-01,8.994536524440113201e-01
3.709195499999999868e-01,8.994534437424778206e-01
3.709890499999999869e-01,8.994532353424646853e-01
3.710585000000000133e-01,8.994530344638329566e-01
3.711279499999999842e-01,8.994528262977787847e-01
3.711974000000000107e-01,8.994526255479268206e-01
3.712668499999999816e-01,8.994524175180390602e-01
3.713363000000000080e-01,8.994522169071017537e-01
3.714057499999999790e-01,8.994520090173933058e-01
3.714752000000000054e-01,8.994518085466526314e-01
3.715446499999999763e-01,8.994516007972125360e-01
3.716141000000000028e-01,8.994514004665640217e-01
3.716835499999999737e-01,8.994511928569032255e-01
3.717530000000000001e-01,8.994509926528143628e-01
3.718224500000000265e-01,8.994507848742715472e-01
3.718919500000000267e-01,8.994505773958139105e-01
3.719613999999999976e-01,8.994503774365671944e-01
3.720308500000000240e-01,8.994501701901984614e-01
3.721002999999999949e-01,8.994499703583813677e-01
3.721697500000000214e-01,8.994497632469694581e-01
3.722391999999999923e-01,8.994495635527102184e-01
3.723086500000000187e-01,8.994493565799009938e-01
3.723780999999999897e-01,8.994491570238909439e-01
3.724475500000000161e-01,8.994489501883040639e-01
3.725169999999999870e-01,8.994487507555886108e-01
3.725864500000000135e-01,8.994485437480351786e-01
3.726559500000000136e-01,8.994483370398247413e-01
3.727253999999999845e-01,8.994481378496509416e-01
3.727948500000000109e-01,8.994479313729909498e-01
3.728642999999999819e-01,8.994477323094872689e-01
3.729337500000000083e-01,8.994475259666959710e-01
3.730031999999999792e-01,8.994473270394194309e-01
3.730726500000000057e-01,8.994471208338160606e-01
3.731420999999999766e-01,8.994469220436479562e-01
3.732115500000000030e-01,8.994467159752301821e-01
3.732809999999999739e-01,8.994465173219027276e-01
3.733504500000000004e-01,8.994463113895484474e-01
3.734199000000000268e-01,8.994461128584697596e-01
3.734893499999999977e-01,8.994459067525426565e-01
3.735588499999999978e-01,8.994457009445742113e-01
3.736283000000000243e-01,8.994455026520415952e-01
3.736977499999999952e-01,8.994452970732061958e-01
3.737672000000000216e-01,8.994450989061172352e-01
3.738366499999999926e-01,8.994448934609969859e-01
3.739061000000000190e-01,8.994446954301642538e-01
3.739755499999999899e-01,8.994444901215686849e-01
3.740450000000000164e-01,8.994442922261828288e-01
3.741144499999999873e-01,8.994440870524275100e-01
3.741839000000000137e-01,8.994438892917497874e-01
3.742533499999999846e-01,8.994436842529260900e-01
3.743228000000000111e-01,8.994434866148519614e-01
3.743922499999999820e-01,8.994432814040532742e-01
3.744617499999999821e-01,8.994430764923014854e-01
3.745312000000000086e-01,8.994428790955318886e-01
3.746006499999999795e-01,8.994426744134893514e-01
3.746701000000000059e-01,8.994424771414281095e-01
3.747395499999999768e-01,8.994422725909769767e-01
3.748090000000000033e-01,8.994420754521693651e-01
3.748784499999999742e-01,8.994418710349592061e-01
3.749479000000000006e-01,8.994416740284203460e-01
3.750173500000000271e-01,8.994414697426716954e-01
3.750867999999999980e-01,8.994412728545841951e-01
3.751562500000000244e-01,8.994410683929027206e-01
3.752257500000000245e-01,8.994408642291105149e-01
3.752951999999999955e-01,8.994406675786742467e-01
3.753646500000000219e-01,8.994404636432182798e-01
3.754340999999999928e-01,8.994402671161849661e-01
3.755035500000000193e-01,8.994400633110040122e-01
3.755729999999999902e-01,8.994398669161784987e-01
3.756424500000000166e-01,8.994396632440259109e-01
3.757118999999999875e-01,8.994394669822000088e-01
3.757813500000000140e-01,8.994392634432013534e-01
3.758507999999999849e-01,8.994390673145311599e-01
3.759202500000000113e-01,8.994388639084965886e-01
3.759896999999999823e-01,8.994386678997658979e-01
3.760591500000000087e-01,8.994384643188899631e-01
3.761286500000000088e-01,8.994382610358622188e-01
3.761980999999999797e-01,8.994380652649580643e-01
3.762675500000000062e-01,8.994378622100668297e-01
3.763369999999999771e-01,8.994376665623593503e-01
3.764064500000000035e-01,8.994374636373325682e-01
3.764758999999999745e-01,8.994372681210971443e-01
3.765453500000000009e-01,8.994370653277373728e-01
3.766148000000000273e-01,8.994368699429279301e-01
3.766842499999999982e-01,8.994366672809674945e-01
3.767537000000000247e-01,8.994364720151900583e-01
3.768231499999999956e-01,8.994362691780846131e-01
3.768926499999999957e-01,8.994360666387246628e-01
3.769621000000000222e-01,8.994358716096566564e-01
3.770315499999999931e-01,8.994356692956559929e-01
3.771010000000000195e-01,8.994354743860074608e-01
3.771704499999999904e-01,8.994352721981910825e-01
3.772399000000000169e-01,8.994350774175625673e-01
3.773093499999999878e-01,8.994348753606311586e-01
3.773788000000000142e-01,8.994346807113349218e-01
3.774482499999999852e-01,8.994344787860329982e-01
3.775177000000000116e-01,8.994342842680520533e-01
3.775871499999999825e-01,8.994340824736116735e-01
3.776566000000000090e-01,8.994338880735907038e-01
3.777260499999999799e-01,8.994336861022509400e-01
3.777955499999999800e-01,8.994334844272299234e-01
3.778650000000000064e-01,8.994332902603017210e-01
3.779344499999999774e-01,8.994330888087117559e-01
3.780039000000000038e-01,8.994328947598614343e-01
3.780733499999999747e-01,8.994326934334245793e-01
3.781428000000000011e-01,8.994324995124741706e-01
3.782122500000000276e-01,8.994322983156227691e-01
3.782816999999999985e-01,8.994321045248906410e-01
3.783511500000000249e-01,8.994319034588581507e-01
3.784205999999999959e-01,8.994317097991902932e-01
3.784900500000000223e-01,8.994315088639716071e-01
3.785594999999999932e-01,8.994313153216887402e-01
3.786289500000000197e-01,8.994311142083271093e-01
3.786984500000000198e-01,8.994309133904674347e-01
3.787678999999999907e-01,8.994307200788842493e-01
3.788373500000000171e-01,8.994305194830075623e-01
3.789067999999999881e-01,8.994303262883368566e-01
3.789762500000000145e-01,8.994301258166511603e-01
3.790456999999999854e-01,8.994299327488955997e-01
3.791151500000000119e-01,8.994297324056232945e-01
3.791845999999999828e-01,8.994295394667615184e-01
3.792540500000000092e-01,8.994293392521509611e-01
3.793234999999999801e-01,8.994291464288799443e-01
3.793929500000000066e-01,8.994289460348110499e-01
3.794624500000000067e-01,8.994287459356077319e-01
3.795318999999999776e-01,8.994285533414998479e-01
3.796013500000000040e-01,8.994283534638104483e-01
3.796707999999999750e-01,8.994281609866148219e-01
3.797402500000000014e-01,8.994279612336626428e-01
3.798096999999999723e-01,8.994277688843905771e-01
3.798791499999999988e-01,8.994275692609221551e-01
3.799486000000000252e-01,8.994273770413324653e-01
3.800180499999999961e-01,8.994271775476089248e-01
3.800875000000000226e-01,8.994269854573492262e-01
3.801569499999999935e-01,8.994267860922821045e-01
3.802264000000000199e-01,8.994265941171503131e-01
3.802958499999999908e-01,8.994263945715403885e-01
3.803653499999999910e-01,8.994261953200249904e-01
3.804348000000000174e-01,8.994260035713866897e-01
3.805042499999999883e-01,8.994258045390224332e-01
3.805737000000000148e-01,8.994256129052123905e-01
3.806431499999999857e-01,8.994254139956734395e-01
3.807126000000000121e-01,8.994252224881005287e-01
3.807820499999999830e-01,8.994250237066627740e-01
3.808515000000000095e-01,8.994248323269387058e-01
3.809209499999999804e-01,8.994246336720921331e-01
3.809904000000000068e-01,8.994244424051675013e-01
3.810598499999999778e-01,8.994242435681522041e-01
3.811293499999999779e-01,8.994240450254779029e-01
3.811988000000000043e-01,8.994238539856260761e-01
3.812682499999999752e-01,8.994236556635484270e-01
3.813377000000000017e-01,8.994234647391553539e-01
3.814071499999999726e-01,8.994232665395256454e-01
3.814765999999999990e-01,8.994230757400974996e-01
3.815460500000000255e-01,8.994228776671215897e-01
3.816154999999999964e-01,8.994226869950617820e-01
3.816849500000000228e-01,8.994224890497981573e-01
3.817543999999999937e-01,8.994222985051395503e-01
3.818238500000000202e-01,8.994221006865953383e-01
3.818932999999999911e-01,8.994219102553456802e-01
3.819627500000000175e-01,8.994217122553468391e-01
3.820322500000000177e-01,8.994215145500051856e-01
3.821016999999999886e-01,8.994213243466094854e-01
3.821711500000000150e-01,8.994211268623180100e-01
3.822405999999999859e-01,8.994209367750436446e-01
3.823100500000000124e-01,8.994207394134562383e-01
3.823794999999999833e-01,8.994205494504573517e-01
3.824489500000000097e-01,8.994203522133614737e-01
3.825183999999999807e-01,8.994201623742978935e-01
3.825878500000000071e-01,8.994199652614122131e-01
3.826572999999999780e-01,8.994197755472370659e-01
3.827267500000000044e-01,8.994195785597012271e-01
3.827961999999999754e-01,8.994193889583120827e-01
3.828656500000000018e-01,8.994191917887252030e-01
3.829351500000000019e-01,8.994189949128182926e-01
3.830045999999999728e-01,8.994188055366827417e-01
3.830740499999999993e-01,8.994186088794252631e-01
3.831435000000000257e-01,8.994184196171747248e-01
3.832129499999999966e-01,8.994182230809446565e-01
3.832824000000000231e-01,8.994180339416850689e-01
3.833518499999999940e-01,8.994178375286409066e-01
3.834213000000000204e-01,8.994176485117995057e-01
3.834907499999999914e-01,8.994174522203945976e-01
3.835602000000000178e-01,8.994172633128121319e-01
3.836296499999999887e-01,8.994170668374744659e-01
3.836991499999999888e-01,8.994168706565902616e-01
3.837686000000000153e-01,8.994166819756257425e-01
3.838380499999999862e-01,8.994164860148319285e-01
3.839075000000000126e-01,8.994162974478158157e-01
3.839769499999999836e-01,8.994161016066327674e-01
3.840464000000000100e-01,8.994159131606038748e-01
3.841158499999999809e-01,8.994157174413216493e-01
3.841853000000000073e-01,8.994155291175706113e-01
3.842547499999999783e-01,8.994153335211423350e-01
3.843242000000000047e-01,8.994151453206001845e-01
3.843936499999999756e-01,8.994149498473150706e-01
3.844631000000000021e-01,8.994147617572063602e-01
3.845325499999999730e-01,8.994145660999151026e-01
3.846020499999999731e-01,8.994143707360260365e-01
3.846714999999999995e-01,8.994141828697408414e-01
3.847409500000000260e-01,8.994139877237159464e-01
3.848103999999999969e-01,8.994137999698347263e-01
3.848798500000000233e-01,8.994136049423255841e-01
3.849492999999999943e-01,8.994134173086673067e-01
3.850187500000000207e-01,8.994132224021706978e-01
3.850881999999999916e-01,8.994130348900233329e-01
3.851576500000000181e-01,8.994128401055900834e-01
3.852270999999999890e-01,8.994126527036317986e-01
3.852965500000000154e-01,8.994124577358105777e-01
3.853660500000000155e-01,8.994122630620658976e-01
3.854354999999999865e-01,8.994120758856589681e-01
3.855049500000000129e-01,8.994118814302888287e-01
3.855743999999999838e-01,8.994116943660015462e-01
3.856438500000000102e-01,8.994115000287183914e-01
3.857132999999999812e-01,8.994113130845068360e-01
3.857827500000000076e-01,8.994111188685679492e-01
3.858521999999999785e-01,8.994109320458641976e-01
3.859216500000000050e-01,8.994107379514993950e-01
3.859910999999999759e-01,8.994105512502256206e-01
3.860605500000000023e-01,8.994103572770206778e-01
3.861299999999999732e-01,8.994101706844680466e-01
3.861994499999999997e-01,8.994099765260351598e-01
3.862689499999999998e-01,8.994097826604678936e-01
3.863384000000000262e-01,8.994095962898422947e-01
3.864078499999999972e-01,8.994094026398360420e-01
3.864773000000000236e-01,8.994092163788852679e-01
3.865467499999999945e-01,8.994090228451163682e-01
3.866162000000000210e-01,8.994088367030740327e-01
3.866856499999999919e-01,8.994086432901291506e-01
3.867551000000000183e-01,8.994084572699521107e-01
3.868245499999999892e-01,8.994082639796402434e-01
3.868940000000000157e-01,8.994080780820611354e-01
3.869634499999999866e-01,8.994078849138008591e-01
3.870329000000000130e-01,8.994076991250942177e-01
3.871023499999999840e-01,8.994075057709437493e-01
3.871718499999999841e-01,8.994073127092325759e-01
3.872413000000000105e-01,8.994071271413193180e-01
3.873107499999999814e-01,8.994069342954458257e-01
3.873802000000000079e-01,8.994067488384434039e-01
3.874496499999999788e-01,8.994065561103726791e-01
3.875191000000000052e-01,8.994063707733941371e-01
3.875885499999999761e-01,8.994061781665325661e-01
3.876580000000000026e-01,8.994059929509183871e-01
3.877274499999999735e-01,8.994058004649930771e-01
3.877968999999999999e-01,8.994056153571243772e-01
3.878663500000000264e-01,8.994054226841534661e-01
3.879358500000000265e-01,8.994052303027322282e-01
3.880052999999999974e-01,8.994050454133137862e-01
3.880747500000000239e-01,8.994048532455666267e-01
3.881441999999999948e-01,8.994046684646606060e-01
3.882136500000000212e-01,8.994044764124728975e-01
3.882830999999999921e-01,8.994042917501240408e-01
3.883525500000000186e-01,8.994040998183068236e-01
3.884219999999999895e-01,8.994039152765483935e-01
3.884914500000000159e-01,8.994037234652529911e-01
3.885608999999999869e-01,8.994035390433424704e-01
3.886303500000000133e-01,8.994033473510961718e-01
3.886997999999999842e-01,8.994031630350883821e-01
3.887692500000000106e-01,8.994029711541220440e-01
3.888387500000000108e-01,8.994027795641517109e-01
3.889081999999999817e-01,8.994025954649442767e-01
3.889776500000000081e-01,8.994024040884347482e-01
3.890470999999999790e-01,8.994022200980761328e-01
3.891165500000000055e-01,8.994020288377913008e-01
3.891859999999999764e-01,8.994018449663387926e-01
3.892554500000000028e-01,8.994016538261447868e-01
3.893248999999999738e-01,8.994014700745682767e-01
3.893943500000000002e-01,8.994012790537939672e-01
3.894638000000000266e-01,8.994010954210861497e-01
3.895332499999999976e-01,8.994009045189149676e-01
3.896027000000000240e-01,8.994007209922632029e-01
3.896721499999999949e-01,8.994005299018292821e-01
3.897416499999999950e-01,8.994003391025088279e-01
3.898111000000000215e-01,8.994001557928877899e-01
3.898805499999999924e-01,8.993999652064957884e-01
3.899500000000000188e-01,8.993997820049015601e-01
3.900194499999999898e-01,8.993995915337674729e-01
3.900889000000000162e-01,8.993994084498467823e-01
3.901583499999999871e-01,8.993992180972670836e-01
3.902278000000000135e-01,8.993990351316111242e-01
3.902972499999999845e-01,8.993988448963208260e-01
3.903667000000000109e-01,8.993986620346309246e-01
3.904361499999999818e-01,8.993984716090157594e-01
3.905056499999999819e-01,8.993982814742832455e-01
3.905751000000000084e-01,8.993980988287880729e-01
3.906445499999999793e-01,8.993979089080763600e-01
3.907140000000000057e-01,8.993977263720138726e-01
3.907834499999999767e-01,8.993975365675531686e-01
3.908529000000000031e-01,8.993973541495059454e-01
3.909223499999999740e-01,8.993971644637254181e-01
3.909918000000000005e-01,8.993969821642204820e-01
3.910612500000000269e-01,8.993967925969357236e-01
3.911306999999999978e-01,8.993966104157888886e-01
3.912001500000000243e-01,8.993964209665797904e-01
3.912695999999999952e-01,8.993962388909285677e-01
3.913390500000000216e-01,8.993960492528436657e-01
3.914085500000000217e-01,8.993958599056478542e-01
3.914779999999999927e-01,8.993956780458980393e-01
3.915474500000000191e-01,8.993954889107710349e-01
3.916168999999999900e-01,8.993953071579197101e-01
3.916863500000000164e-01,8.993951181362078717e-01
3.917557999999999874e-01,8.993949364988775841e-01
3.918252500000000138e-01,8.993947475935868408e-01
3.918946999999999847e-01,8.993945660726084812e-01
3.919641500000000112e-01,8.993943772832706518e-01
3.920335999999999821e-01,8.993941958657817315e-01
3.921030500000000085e-01,8.993940068862815718e-01
3.921725500000000086e-01,8.993938181976494084e-01
3.922419999999999796e-01,8.993936369958996924e-01
3.923114500000000060e-01,8.993934485193083583e-01
3.923808999999999769e-01,8.993932674236141400e-01
3.924503500000000034e-01,8.993930790592398195e-01
3.925197999999999743e-01,8.993928980781963345e-01
3.925892500000000007e-01,8.993927098305873891e-01
3.926587000000000272e-01,8.993925289675981372e-01
3.927281499999999981e-01,8.993923408388769802e-01
3.927976000000000245e-01,8.993921600946466199e-01
3.928670499999999954e-01,8.993919720839196330e-01
3.929365000000000219e-01,8.993917914446297734e-01
3.930059499999999928e-01,8.993916032445915532e-01
3.930754499999999929e-01,8.993914153356078467e-01
3.931449000000000193e-01,8.993912349126053085e-01
3.932143499999999903e-01,8.993910472155255409e-01
3.932838000000000167e-01,8.993908668980984400e-01
3.933532499999999876e-01,8.993906793123037646e-01
3.934227000000000141e-01,8.993904991080243772e-01
3.934921499999999850e-01,8.993903116369985629e-01
3.935616000000000114e-01,8.993901315488932457e-01
3.936310499999999823e-01,8.993899441954952279e-01
3.937005000000000088e-01,8.993897642256913905e-01
3.937699499999999797e-01,8.993895769903293980e-01
3.938394000000000061e-01,8.993893971250168651e-01
3.939088499999999771e-01,8.993892096985683926e-01
3.939783499999999772e-01,8.993890225611390621e-01
3.940478000000000036e-01,8.993888429065668433e-01
3.941172499999999745e-01,8.993886559773320855e-01
3.941867000000000010e-01,8.993884764262690679e-01
3.942561500000000274e-01,8.993882896079156142e-01
3.943255999999999983e-01,8.993881101705701875e-01
3.943950500000000248e-01,8.993879234674969636e-01
3.944644999999999957e-01,8.993877441460064182e-01
3.945339500000000221e-01,8.993875575591236959e-01
3.946033999999999931e-01,8.993873783415513579e-01
3.946728500000000195e-01,8.993871915646061144e-01
3.947423500000000196e-01,8.993870050778635106e-01
3.948117999999999905e-01,8.993868260740685017e-01
3.948812500000000170e-01,8.993866397966877591e-01
3.949506999999999879e-01,8.993864608962063301e-01
3.950201500000000143e-01,8.993862747284772086e-01
3.950895999999999852e-01,8.993860959406382305e-01
3.951590500000000117e-01,8.993859098880938596e-01
3.952284999999999826e-01,8.993857312169747376e-01
3.952979500000000090e-01,8.993855452819692342e-01
3.953673999999999800e-01,8.993853667279623210e-01
3.954368500000000064e-01,8.993851809090053218e-01
3.955062999999999773e-01,8.993850024574878699e-01
3.955757500000000038e-01,8.993848164460884753e-01
3.956452500000000039e-01,8.993846307236850190e-01
3.957146999999999748e-01,8.993844524826283271e-01
3.957841500000000012e-01,8.993842669685241376e-01
3.958536000000000277e-01,8.993840888306249282e-01
3.959230499999999986e-01,8.993839034268179544e-01
3.959925000000000250e-01,8.993837254022076788e-01
3.960619499999999960e-01,8.993835401139210761e-01
3.961314000000000224e-01,8.993833622060581900e-01
3.962008499999999933e-01,8.993831770346325527e-01
3.962703000000000197e-01,8.993829992304516185e-01
3.963397499999999907e-01,8.993828138676619455e-01
3.964092499999999908e-01,8.993826287940812625e-01
3.964787000000000172e-01,8.993824512012957850e-01
3.965481499999999881e-01,8.993822663368166159e-01
3.966176000000000146e-01,8.993820888481128817e-01
3.966870499999999855e-01,8.993819040947105270e-01
3.967565000000000119e-01,8.993817267196813070e-01
3.968259499999999829e-01,8.993815420812665273e-01
3.968954000000000093e-01,8.993813648215763790e-01
3.969648499999999802e-01,8.993811802985144377e-01
3.970343000000000067e-01,8.993810031536991767e-01
3.971037499999999776e-01,8.993808187448992797e-01
3.971732000000000040e-01,8.993806417013863186e-01
3.972426499999999749e-01,8.993804570993996217e-01
3.973121499999999751e-01,8.993802727861612833e-01
3.973816000000000015e-01,8.993800959520709126e-01
3.974510499999999724e-01,8.993799118464017583e-01
3.975204999999999989e-01,8.993797351149805941e-01
3.975899500000000253e-01,8.993795511189214276e-01
3.976593999999999962e-01,8.993793744998689332e-01
3.977288500000000226e-01,8.993791906180497175e-01
3.977982999999999936e-01,8.993790141137759653e-01
3.978677500000000200e-01,8.993788303468893686e-01
3.979371999999999909e-01,8.993786539571907435e-01
3.980066500000000174e-01,8.993784703044478412e-01
3.980760999999999883e-01,8.993782940161424433e-01
3.981455500000000147e-01,8.993781101707720715e-01
3.982150500000000148e-01,8.993779266148147489e-01
3.982844999999999858e-01,8.993777505380077253e-01
3.983539500000000122e-01,8.993775671912549452e-01
3.984233999999999831e-01,8.993773912182168040e-01
3.984928500000000096e-01,8.993772079816412246e-01
3.985622999999999805e-01,8.993770321210412533e-01
3.986317500000000069e-01,8.993768489981576186e-01
3.987011999999999778e-01,8.993766732514482110e-01
3.987706500000000043e-01,8.993764902419857377e-01
3.988400999999999752e-01,8.993763145955552263e-01
3.989095500000000016e-01,8.993761313919390599e-01
3.989790500000000018e-01,8.993759484770168511e-01
3.990484999999999727e-01,8.993757730397651251e-01
3.991179499999999991e-01,8.993755903328987111e-01
3.991874000000000255e-01,8.993754149982832180e-01
3.992568499999999965e-01,8.993752323999646414e-01
3.993263000000000229e-01,8.993750571756390366e-01
3.993957499999999938e-01,8.993748746887676448e-01
3.994652000000000203e-01,8.993746995765159458e-01
3.995346499999999912e-01,8.993745172025316981e-01
3.996041000000000176e-01,8.993743422034997659e-01
3.996735499999999885e-01,8.993741599424367461e-01
3.997430000000000150e-01,8.993739850435825689e-01
3.998124499999999859e-01,8.993738025884709941e-01
3.998819499999999860e-01,8.993736204220067476e-01
3.999514000000000125e-01,8.993734457321639342e-01
4.000208499999999834e-01,8.993732637733933277e-01
4.000903000000000098e-01,8.993730891859798016e-01
4.001597499999999807e-01,8.993729073359522097e-01
4.002292000000000072e-01,8.993727328592528991e-01
4.002986499999999781e-01,8.993725511209242907e-01
4.003681000000000045e-01,8.993723767563214233e-01
4.004375499999999755e-01,8.993721951302495743e-01
4.005070000000000019e-01,8.993720208654893966e-01
4.005764499999999728e-01,8.993718390455797129e-01
4.006459499999999729e-01,8.993716575147173709e-01
4.007153999999999994e-01,8.993714834600492480e-01
4.007848500000000258e-01,8.993713021372605754e-01
4.008542999999999967e-01,8.993711281846483718e-01
4.009237500000000232e-01,8.993709469694654013e-01
4.009931999999999941e-01,8.993707731262094995e-01
4.010626500000000205e-01,8.993705920217877070e-01
4.011320999999999914e-01,8.993704182903902167e-01
4.012015500000000179e-01,8.993702372989322846e-01
4.012709999999999888e-01,8.993700636807419047e-01
4.013404500000000152e-01,8.993698828022516079e-01
4.014098999999999862e-01,8.993697092841071994e-01
4.014793500000000126e-01,8.993695282114524403e-01
4.015488500000000127e-01,8.993693474273977140e-01
4.016182999999999836e-01,8.993691741182002763e-01
4.016877500000000101e-01,8.993689935414186376e-01
4.017571999999999810e-01,8.993688203339356146e-01
4.018266500000000074e-01,8.993686398650775349e-01
4.018960999999999784e-01,8.993684667678769618e-01
4.019655500000000048e-01,8.993682864113026199e-01
4.020349999999999757e-01,8.993681134279041256e-01
4.021044500000000022e-01,8.993679331863603243e-01
4.021738999999999731e-01,8.993677603180301183e-01
4.022433499999999995e-01,8.993675801906236833e-01
4.023128000000000259e-01,8.993674074224125015e-01
4.023822499999999969e-01,8.993672270997349338e-01
4.024517499999999970e-01,8.993670470644631321e-01
4.025212000000000234e-01,8.993668745019965938e-01
4.025906499999999943e-01,8.993666946720587640e-01
4.026601000000000208e-01,8.993665222099562762e-01
4.027295499999999917e-01,8.993663424869364764e-01
4.027990000000000181e-01,8.993661701340365244e-01
4.028684499999999891e-01,8.993659905217467054e-01
4.029379000000000155e-01,8.993658182805064349e-01
4.030073499999999864e-01,8.993656387801182150e-01
4.030768000000000129e-01,8.993654666381062368e-01
4.031462499999999838e-01,8.993652869422558149e-01
4.032157499999999839e-01,8.993651075336798195e-01
4.032852000000000103e-01,8.993649355967338055e-01
4.033546499999999813e-01,8.993647563925507571e-01
4.034241000000000077e-01,8.993645845551611062e-01
4.034935499999999786e-01,8.993644054577175639e-01
4.035630000000000051e-01,8.993642337303493495e-01
4.036324499999999760e-01,8.993640547454058165e-01
4.037019000000000024e-01,8.993638831317707361e-01
4.037713499999999733e-01,8.993637042611487553e-01
4.038407999999999998e-01,8.993635327611197994e-01
4.039102500000000262e-01,8.993633540026174655e-01
4.039796999999999971e-01,8.993631826009723662e-01
4.040491500000000236e-01,8.993630036462565425e-01
4.041186500000000237e-01,8.993628249790847073e-01
4.041880999999999946e-01,8.993626537831553858e-01
4.042575500000000210e-01,8.993624753212368095e-01
4.043269999999999920e-01,8.993623042252760769e-01
4.043964500000000184e-01,8.993621258699637799e-01
4.044658999999999893e-01,8.993619548832315624e-01
4.045353500000000158e-01,8.993617766394619295e-01
4.046047999999999867e-01,8.993616057657023433e-01
4.046742500000000131e-01,8.993614276351666881e-01
4.047436999999999840e-01,8.993612568734683510e-01
4.048131500000000105e-01,8.993610788529137201e-01
4.048825999999999814e-01,8.993609081869466948e-01
4.049520500000000078e-01,8.993607299673791466e-01
4.050215500000000080e-01,8.993605520342592419e-01
4.050909999999999789e-01,8.993603815709827476e-01
4.051604500000000053e-01,8.993602038427618295e-01
4.052298999999999762e-01,8.993600334801624685e-01
4.052993500000000027e-01,8.993598558595058412e-01
4.053687999999999736e-01,8.993596856066056189e-01
4.054382500000000000e-01,8.993595080967798916e-01
4.055077000000000265e-01,8.993593379550398614e-01
4.055771499999999974e-01,8.993591605559470015e-01
4.056466000000000238e-01,8.993589905116081695e-01
4.057160499999999947e-01,8.993588129151135480e-01
4.057855499999999949e-01,8.993586356053406838e-01
4.058550000000000213e-01,8.993584657644665414e-01
4.059244499999999922e-01,8.993582886591886538e-01
4.059939000000000187e-01,8.993581189185444469e-01
4.060633499999999896e-01,8.993579419207148318e-01
4.061328000000000160e-01,8.993577722903378646e-01
4.062022499999999869e-01,8.993575954042114518e-01
4.062717000000000134e-01,8.993574258857017778e-01
4.063411499999999843e-01,8.993572491110639611e-01
4.064106000000000107e-01,8.993570797030568942e-01
4.064800499999999817e-01,8.993569030381413087e-01
4.065495000000000081e-01,8.993567337270038653e-01
4.066189499999999790e-01,8.993565568649954933e-01
4.066884499999999791e-01,8.993563802903118409e-01
4.067579000000000056e-01,8.993562111840974760e-01
4.068273499999999765e-01,8.993560348143130323e-01
4.068968000000000029e-01,8.993558658077879242e-01
4.069662499999999739e-01,8.993556895442070820e-01
4.070357000000000003e-01,8.993555206463831331e-01
4.071051500000000267e-01,8.993553444931430274e-01
4.071745999999999976e-01,8.993551757063764640e-01
4.072440500000000241e-01,8.993549996638924293e-01
4.073134999999999950e-01,8.993548309745003078e-01
4.073829500000000214e-01,8.993546547345014908e-01
4.074524500000000216e-01,8.993544787814884423e-01
4.075218999999999925e-01,8.993543102961830682e-01
4.075913500000000189e-01,8.993541345485950300e-01
4.076607999999999898e-01,8.993539661644295302e-01
4.077302500000000163e-01,8.993537905246059561e-01
4.077996999999999872e-01,8.993536222499085575e-01
4.078691500000000136e-01,8.993534467201156346e-01
4.079385999999999846e-01,8.993532785554007036e-01
4.080080500000000110e-01,8.993531031359834893e-01
4.080774999999999819e-01,8.993529350816609202e-01
4.081469500000000084e-01,8.993527597722947853e-01
4.082163999999999793e-01,8.993525918148717047e-01
4.082858500000000057e-01,8.993524163075375943e-01
4.083553500000000058e-01,8.993522410863783456e-01
4.084247999999999768e-01,8.993520733308957293e-01
4.084942500000000032e-01,8.993518983124177968e-01
4.085636999999999741e-01,8.993517306548767243e-01
4.086331500000000005e-01,8.993515557412758987e-01
4.087026000000000270e-01,8.993513881912708063e-01
4.087720499999999979e-01,8.993512133869916436e-01
4.088415000000000243e-01,8.993510459471821816e-01
4.089109499999999953e-01,8.993508712538429428e-01
4.089804000000000217e-01,8.993507039250155932e-01
4.090498499999999926e-01,8.993505293422019431e-01
4.091193000000000191e-01,8.993503621107020729e-01
4.091887499999999900e-01,8.993501873305187466e-01
4.092582499999999901e-01,8.993500128369159574e-01
4.093277000000000165e-01,8.993498458083603042e-01
4.093971499999999875e-01,8.993496715179489787e-01
4.094666000000000139e-01,8.993495045878449057e-01
4.095360499999999848e-01,8.993493304028927771e-01
4.096055000000000113e-01,8.993491635810457741e-01
4.096749499999999822e-01,8.993489895062191097e-01
4.097444000000000086e-01,8.993488227950919844e-01
4.098138499999999795e-01,8.993486488305159066e-01
4.098833000000000060e-01,8.993484822162506331e-01
4.099527499999999769e-01,8.993483080536310847e-01
4.100222499999999770e-01,8.993481341772919802e-01
4.100917000000000034e-01,8.993479677648404946e-01
4.101611499999999744e-01,8.993477940905196810e-01
4.102306000000000008e-01,8.993476277745923175e-01
4.103000500000000272e-01,8.993474542030384100e-01
4.103694999999999982e-01,8.993472879923154473e-01
4.104389500000000246e-01,8.993471145283570278e-01
4.105083999999999955e-01,8.993469484272392789e-01
4.105778500000000220e-01,8.993467750742795142e-01
4.106472999999999929e-01,8.993466090843714733e-01
4.107167500000000193e-01,8.993464358416928262e-01
4.107861999999999902e-01,8.993462699479555233e-01
4.108556500000000167e-01,8.993460965062280987e-01
4.109251500000000168e-01,8.993459233501569505e-01
4.109945999999999877e-01,8.993457576568882894e-01
4.110640500000000142e-01,8.993455847028853922e-01
4.111334999999999851e-01,8.993454191071812431e-01
4.112029500000000115e-01,8.993452462577258277e-01
4.112723999999999824e-01,8.993450807692855431e-01
4.113418500000000089e-01,8.993449080291010533e-01
4.114112999999999798e-01,8.993447426511941289e-01
4.114807500000000062e-01,8.993445700217146399e-01
4.115501999999999772e-01,8.993444047412801901e-01
4.116196500000000036e-01,8.993442319139537400e-01
4.116891500000000037e-01,8.993440593724686405e-01
4.117585999999999746e-01,8.993438942927569624e-01
4.118280500000000011e-01,8.993437219529303306e-01
4.118975000000000275e-01,8.993435569706095256e-01
4.119669499999999984e-01,8.993433847355035704e-01
4.120364000000000249e-01,8.993432198607090866e-01
4.121058499999999958e-01,8.993430477348407504e-01
4.121753000000000222e-01,8.993428829700561566e-01
4.122447499999999931e-01,8.993427109544973597e-01
4.123142000000000196e-01,8.993425462995805475e-01
4.123836499999999905e-01,8.993423743927462244e-01
4.124531000000000169e-01,8.993422098330382530e-01
4.125225499999999879e-01,8.993420377269752963e-01
4.125920499999999880e-01,8.993418659069950527e-01
4.126615000000000144e-01,8.993417015484916899e-01
4.127309499999999853e-01,8.993415299311470212e-01
4.128004000000000118e-01,8.993413656706031878e-01
4.128698499999999827e-01,8.993411941581175295e-01
4.129393000000000091e-01,8.993410300053114037e-01
4.130087499999999801e-01,8.993408586026898632e-01
4.130782000000000065e-01,8.993406945609050407e-01
4.131476499999999774e-01,8.993405232695872442e-01
4.132171000000000038e-01,8.993403593378624938e-01
4.132865499999999748e-01,8.993401881547505861e-01
4.133560000000000012e-01,8.993400243174063391e-01
4.134254500000000276e-01,8.993398529345256742e-01
4.134949499999999722e-01,8.993396818378471824e-01
4.135643999999999987e-01,8.993395182023068424e-01
4.136338500000000251e-01,8.993393473092536894e-01
4.137032999999999960e-01,8.993391837719167947e-01
4.137727500000000225e-01,8.993390129826454027e-01
4.138421999999999934e-01,8.993388495506161595e-01
4.139116500000000198e-01,8.993386788678709998e-01
4.139810999999999908e-01,8.993385155430970723e-01
4.140505500000000172e-01,8.993383449677547770e-01
4.141199999999999881e-01,8.993381817374450637e-01
4.141894500000000146e-01,8.993380109615651818e-01
4.142589500000000147e-01,8.993378404706436902e-01
4.143283999999999856e-01,8.993376774385566375e-01
4.143978500000000120e-01,8.993375071490057326e-01
4.144672999999999830e-01,8.993373442149088515e-01
4.145367500000000094e-01,8.993371740310166507e-01
4.146061999999999803e-01,8.993370112051575216e-01
4.146756500000000067e-01,8.993368411301796428e-01
4.147450999999999777e-01,8.993366784124557922e-01
4.148145500000000041e-01,8.993365084450641866e-01
4.148839999999999750e-01,8.993363458346835815e-01
4.149534500000000015e-01,8.993361759744680217e-01
4.150228999999999724e-01,8.993360134590748789e-01
4.150923499999999988e-01,8.993358434004025126e-01
4.151618499999999989e-01,8.993356736282361874e-01
4.152313000000000254e-01,8.993355113152726732e-01
4.153007499999999963e-01,8.993353417459573063e-01
4.153702000000000227e-01,8.993351795304940222e-01
4.154396499999999937e-01,8.993350100648578316e-01
4.155091000000000201e-01,8.993348479553255892e-01
4.155785499999999910e-01,8.993346785968391321e-01
4.156480000000000175e-01,8.993345165946404762e-01
4.157174499999999884e-01,8.993343473427305446e-01
4.157869000000000148e-01,8.993341854334964136e-01
4.158563499999999857e-01,8.993340159799300126e-01
4.159258499999999859e-01,8.993338468114249196e-01
4.159953000000000123e-01,8.993336851004950505e-01
4.160647499999999832e-01,8.993335161341099449e-01
4.161342000000000096e-01,8.993333545215598246e-01
4.162036499999999806e-01,8.993331856598583141e-01
4.162731000000000070e-01,8.993330241528619817e-01
4.163425499999999779e-01,8.993328553964703431e-01
4.164120000000000044e-01,8.993326939948179666e-01
4.164814499999999753e-01,8.993325253450890067e-01
4.165509000000000017e-01,8.993323640513887218e-01
4.166203499999999726e-01,8.993321955101645226e-01
4.166897999999999991e-01,8.993320343123586413e-01
4.167592500000000255e-01,8.993318655720764498e-01
4.168287500000000256e-01,8.993316971179179387e-01
4.168981999999999966e-01,8.993315361209494041e-01
4.169676500000000230e-01,8.993313678693323210e-01
4.170370999999999939e-01,8.993312069705778899e-01
4.171065500000000204e-01,8.993310388235398189e-01
4.171759999999999913e-01,8.993308780305955263e-01
4.172454500000000177e-01,8.993307099898844026e-01
4.173148999999999886e-01,8.993305493035586018e-01
4.173843500000000151e-01,8.993303813704006666e-01
4.174537999999999860e-01,8.993302207926335834e-01
4.175232500000000124e-01,8.993300529682715094e-01
4.175926999999999834e-01,8.993298924868268207e-01
4.176621500000000098e-01,8.993297244641864641e-01
4.177316500000000099e-01,8.993295567270674917e-01
4.178010999999999808e-01,8.993293964452603317e-01
4.178705500000000073e-01,8.993292289081507018e-01
4.179399999999999782e-01,8.993290687216632939e-01
4.180094500000000046e-01,8.993289012870496757e-01
4.180788999999999755e-01,8.993287412058357244e-01
4.181483500000000020e-01,8.993285738781493510e-01
4.182177999999999729e-01,8.993284139046112680e-01
4.182872499999999993e-01,8.993282466845232692e-01
4.183567000000000258e-01,8.993280868057792476e-01
4.184261499999999967e-01,8.993279193863044085e-01
4.184956499999999968e-01,8.993277522528732026e-01
4.185651000000000233e-01,8.993275925750854327e-01
4.186345499999999942e-01,8.993274256440574321e-01
4.187040000000000206e-01,8.993272660637815497e-01
4.187734499999999915e-01,8.993270992363693317e-01
4.188429000000000180e-01,8.993269397615395455e-01
4.189123499999999889e-01,8.993267730407835669e-01
4.189818000000000153e-01,8.993266136732276372e-01
4.190512499999999863e-01,8.993264470603083982e-01
4.191207000000000127e-01,8.993262878004867344e-01
4.191901499999999836e-01,8.993261212941513483e-01
4.192596000000000100e-01,8.993259621272111648e-01
4.193290499999999810e-01,8.993257954190612136e-01
4.193985499999999811e-01,8.993256289956482741e-01
4.194680000000000075e-01,8.993254700257017342e-01
4.195374499999999784e-01,8.993253038022845924e-01
4.196069000000000049e-01,8.993251449278932830e-01
4.196763499999999758e-01,8.993249788066447481e-01
4.197458000000000022e-01,8.993248200368461065e-01
4.198152499999999732e-01,8.993246540220296570e-01
4.198846999999999996e-01,8.993244953599041080e-01
4.199541500000000260e-01,8.993243294535686605e-01
4.200235999999999970e-01,8.993241708996991823e-01
4.200930500000000234e-01,8.993240051004558477e-01
4.201624999999999943e-01,8.993238466395938602e-01
4.202319500000000208e-01,8.993236806383658744e-01
4.203014500000000209e-01,8.993235149220346614e-01
4.203708999999999918e-01,8.993233566589773353e-01
4.204403500000000182e-01,8.993231911440537907e-01
4.205097999999999892e-01,8.993230329783495902e-01
4.205792500000000156e-01,8.993228675676396833e-01
4.206486999999999865e-01,8.993227095081203215e-01
4.207181500000000129e-01,8.993225442044573414e-01
4.207875999999999839e-01,8.993223862521326772e-01
4.208570500000000103e-01,8.993222210550599893e-01
4.209264999999999812e-01,8.993220631957564715e-01
4.209959500000000077e-01,8.993218977966673799e-01
4.210654500000000078e-01,8.993217326817865009e-01
4.211348999999999787e-01,8.993215750180726387e-01
4.212043500000000051e-01,8.993214101019525453e-01
4.212737999999999761e-01,8.993212525331284457e-01
4.213432500000000025e-01,8.993210877193222874e-01
4.214126999999999734e-01,8.993209302558775597e-01
4.214821499999999999e-01,8.993207655491275432e-01
4.215516000000000263e-01,8.993206081931809370e-01
4.216210499999999972e-01,8.993204435938626506e-01
4.216905000000000237e-01,8.993202863444115236e-01
4.217599499999999946e-01,8.993201218504692784e-01
4.218294000000000210e-01,8.993199646931995250e-01
4.218988499999999919e-01,8.993197999974134049e-01
4.219683499999999921e-01,8.993196355869014225e-01
4.220378000000000185e-01,8.993194786279071762e-01
4.221072499999999894e-01,8.993193144183383447e-01
4.221767000000000158e-01,8.993191575555475881e-01
4.222461499999999868e-01,8.993189934483010184e-01
4.223156000000000132e-01,8.993188366900001229e-01
4.223850499999999841e-01,8.993186726888418026e-01
4.224545000000000106e-01,8.993185160376098164e-01
4.225239499999999815e-01,8.993183521437182470e-01
4.225934000000000079e-01,8.993181955865316990e-01
4.226628499999999788e-01,8.993180314915214524e-01
4.227323499999999790e-01,8.993178676812216832e-01
4.228018000000000054e-01,8.993177113212675877e-01
4.228712499999999763e-01,8.993175477116162053e-01
4.229407000000000028e-01,8.993173914488763465e-01
4.230101499999999737e-01,8.993172279436080219e-01
4.230796000000000001e-01,8.993170717869964914e-01
4.231490500000000266e-01,8.993169083875952596e-01
4.232184999999999975e-01,8.993167523360970916e-01
4.232879500000000239e-01,8.993165890421842557e-01
4.233573999999999948e-01,8.993164330967756692e-01
4.234268500000000213e-01,8.993162699093605328e-01
4.234962999999999922e-01,8.993161140579045698e-01
4.235657500000000186e-01,8.993159506698553685e-01
4.236352500000000187e-01,8.993157875664565815e-01
4.237046999999999897e-01,8.993156319121315967e-01
4.237741500000000161e-01,8.993154690080633618e-01
4.238435999999999870e-01,8.993153134491413958e-01
4.239130500000000135e-01,8.993151506477946588e-01
4.239824999999999844e-01,8.993149951942934761e-01
4.240519500000000108e-01,8.993148324998263554e-01
4.241213999999999817e-01,8.993146771533711004e-01
4.241908500000000082e-01,8.993145145659352524e-01
4.242602999999999791e-01,8.993143593263912550e-01
4.243297500000000055e-01,8.993141968454412272e-01
4.243991999999999765e-01,8.993140416998388620e-01
4.244686500000000029e-01,8.993138790190058351e-01
4.245381500000000030e-01,8.993137166236935265e-01
4.246075999999999739e-01,8.993135616768480611e-01
4.246770500000000004e-01,8.993133994804387576e-01
4.247465000000000268e-01,8.993132446266826063e-01
4.248159499999999977e-01,8.993130825293172981e-01
4.248854000000000242e-01,8.993129277772282659e-01
4.249548499999999951e-01,8.993127657840433997e-01
4.250243000000000215e-01,8.993126111379842191e-01
4.250937499999999925e-01,8.993124492512940549e-01
4.251632000000000189e-01,8.993122946984940524e-01
4.252326499999999898e-01,8.993121326100688151e-01
4.253021499999999899e-01,8.993119708059229556e-01
4.253716000000000164e-01,8.993118164490363498e-01
4.254410499999999873e-01,8.993116548439219482e-01
4.255105000000000137e-01,8.993115005821278318e-01
4.255799499999999846e-01,8.993113390785458794e-01
4.256494000000000111e-01,8.993111849197709118e-01
4.257188499999999820e-01,8.993110235200670877e-01
4.257883000000000084e-01,8.993108694658642488e-01
4.258577499999999794e-01,8.993107081722150342e-01
4.259272000000000058e-01,8.993105542255211970e-01
4.259966499999999767e-01,8.993103930398870238e-01
4.260661000000000032e-01,8.993102391883421864e-01
4.261355499999999741e-01,8.993100778025057140e-01
4.262050499999999742e-01,8.993099167010103479e-01
4.262745000000000006e-01,8.993097630455496594e-01
4.263439500000000271e-01,8.993096021420389219e-01
4.264133999999999980e-01,8.993094485804643545e-01
4.264828500000000244e-01,8.993092877781063699e-01
4.265522999999999954e-01,8.993091343202860299e-01
4.266217500000000218e-01,8.993089736231537623e-01
4.266911999999999927e-01,8.993088202711566614e-01
4.267606500000000191e-01,8.993086596796643351e-01
4.268300999999999901e-01,8.993085064204345835e-01
4.268995500000000165e-01,8.993083456273338605e-01
4.269690500000000166e-01,8.993081851186900399e-01
4.270384999999999875e-01,8.993080320556793295e-01
4.271079500000000140e-01,8.993078717452782644e-01
4.271773999999999849e-01,8.993077187757503310e-01
4.272468500000000113e-01,8.993075585654350945e-01
4.273162999999999823e-01,8.993074056983952902e-01
4.273857500000000087e-01,8.993072455924351338e-01
4.274551999999999796e-01,8.993070928312438816e-01
4.275246500000000061e-01,8.993069328324433398e-01
4.275940999999999770e-01,8.993067801787835158e-01
4.276635500000000034e-01,8.993066202869032244e-01
4.277329999999999743e-01,8.993064677262790907e-01
4.278024500000000008e-01,8.993063076321791138e-01
4.278719500000000009e-01,8.993061478222893479e-01
4.279414000000000273e-01,8.993059954573603410e-01
4.280108499999999982e-01,8.993058358466725632e-01
4.280803000000000247e-01,8.993056835770054658e-01
4.281497499999999956e-01,8.993055240685214891e-01
4.282192000000000220e-01,8.993053719033358151e-01
4.282886499999999930e-01,8.993052125004593611e-01
4.283581000000000194e-01,8.993050604415657734e-01
4.284275499999999903e-01,8.993049011458332798e-01
4.284970000000000168e-01,8.993047491944174965e-01
4.285664499999999877e-01,8.993045900057199393e-01
4.286359000000000141e-01,8.993044381474734061e-01
4.287053499999999850e-01,8.993042787567149254e-01
4.287748499999999852e-01,8.993041196500175527e-01
4.288443000000000116e-01,8.993039679870469261e-01
4.289137499999999825e-01,8.993038090788797456e-01
4.289832000000000090e-01,8.993036575104129682e-01
4.290526499999999799e-01,8.993034987033134975e-01
4.291221000000000063e-01,8.993033472379793336e-01
4.291915499999999772e-01,8.993031885350466492e-01
4.292610000000000037e-01,8.993030371744648033e-01
4.293304499999999746e-01,8.993028785765128097e-01
4.293999000000000010e-01,8.993027273083356032e-01
4.294693500000000275e-01,8.993025685087971954e-01
4.295388500000000276e-01,8.993024099938119464e-01
4.296082999999999985e-01,8.993022589224145547e-01
4.296777500000000249e-01,8.993021006070057721e-01
4.297471999999999959e-01,8.993019496312706362e-01
4.298166500000000223e-01,8.993017914184107120e-01
4.298860999999999932e-01,8.993016405473200914e-01
4.299555500000000197e-01,8.993014824396904361e-01
4.300249999999999906e-01,8.993013316733998730e-01
4.300944500000000170e-01,8.993011736701868042e-01
4.301638999999999879e-01,8.993010230077235212e-01
4.302333500000000144e-01,8.993008651078376881e-01
4.303027999999999853e-01,8.993007145358946630e-01
4.303722500000000117e-01,8.993005564327181123e-01
4.304417500000000119e-01,8.993003986139012085e-01
4.305111999999999828e-01,8.993002482375346274e-01
4.305806500000000092e-01,8.993000906175178111e-01
4.306500999999999801e-01,8.992999403356748411e-01
4.307195500000000066e-01,8.992997828165182339e-01
4.307889999999999775e-01,8.992996326373093874e-01
4.308584500000000039e-01,8.992994752218002041e-01
4.309278999999999749e-01,8.992993251467443772e-01
4.309973500000000013e-01,8.992991678352545426e-01
4.310668000000000277e-01,8.992990178510755772e-01
4.311362499999999986e-01,8.992988603361623534e-01
4.312057499999999988e-01,8.992987031053077951e-01
4.312752000000000252e-01,8.992985533160081646e-01
4.313446499999999961e-01,8.992983962843713597e-01
4.314141000000000226e-01,8.992982465911074641e-01
4.314835499999999935e-01,8.992980896623721243e-01
4.315530000000000199e-01,8.992979400734221196e-01
4.316224499999999908e-01,8.992977832487445422e-01
4.316919000000000173e-01,8.992976337632428985e-01
4.317613499999999882e-01,8.992974770424385644e-01
4.318308000000000146e-01,8.992973276613828171e-01
4.319002499999999856e-01,8.992971710456229006e-01
4.319697000000000120e-01,8.992970217572437974e-01
4.320391499999999829e-01,8.992968649395989278e-01
4.321086499999999830e-01,8.992967084062940542e-01
4.321781000000000095e-01,8.992965593134198965e-01
4.322475499999999804e-01,8.992964029780955437e-01
4.323170000000000068e-01,8.992962539793692978e-01
4.323864499999999778e-01,8.992960977450761284e-01
4.324559000000000042e-01,8.992959488493037501e-01
4.325253499999999751e-01,8.992957927187176237e-01
4.325948000000000015e-01,8.992956439266860391e-01
4.326642499999999725e-01,8.992954879003950408e-01
4.327336999999999989e-01,8.992953392132849721e-01
4.328031500000000253e-01,8.992951832922188027e-01
4.328725999999999963e-01,8.992950346981549714e-01
4.329420500000000227e-01,8.992948785761410990e-01
4.330115500000000228e-01,8.992947227385980069e-01
4.330809999999999937e-01,8.992945743406138837e-01
4.331504500000000202e-01,8.992944187005580403e-01
4.332198999999999911e-01,8.992942703953377137e-01
4.332893500000000175e-01,8.992941148549012942e-01
4.333587999999999885e-01,8.992939666521484465e-01
4.334282500000000149e-01,8.992938112163022524e-01
4.334976999999999858e-01,8.992936631191634778e-01
4.335671500000000123e-01,8.992935077887613815e-01
4.336365999999999832e-01,8.992933597840343518e-01
4.337060500000000096e-01,8.992932042514664159e-01
4.337755500000000097e-01,8.992930490033569368e-01
4.338449999999999807e-01,8.992929011947657925e-01
4.339144500000000071e-01,8.992927461460095140e-01
4.339838999999999780e-01,8.992925984326017863e-01
4.340533500000000044e-01,8.992924434851784499e-01
4.341227999999999754e-01,8.992922958742779471e-01
4.341922500000000018e-01,8.992921410297410878e-01
4.342616999999999727e-01,8.992919935220990979e-01
4.343311499999999992e-01,8.992918387820426629e-01
4.344006000000000256e-01,8.992916913802091461e-01
4.344700499999999965e-01,8.992915367463008014e-01
4.345395000000000230e-01,8.992913894373076866e-01
4.346089499999999939e-01,8.992912346008725688e-01
4.346784499999999940e-01,8.992910800476491273e-01
4.347479000000000204e-01,8.992909329315880163e-01
4.348173499999999914e-01,8.992907785750375860e-01
4.348868000000000178e-01,8.992906315525395211e-01
4.349562499999999887e-01,8.992904772972795113e-01
4.350257000000000152e-01,8.992903303786958791e-01
4.350951499999999861e-01,8.992901762283391776e-01
4.351646000000000125e-01,8.992900294147101459e-01
4.352340499999999834e-01,8.992898753695918179e-01
4.353035000000000099e-01,8.992897286616379215e-01
4.353729499999999808e-01,8.992895747222967584e-01
4.354424000000000072e-01,8.992894281068924967e-01
4.355118499999999782e-01,8.992892739649350764e-01
4.355813499999999783e-01,8.992891201062447326e-01
4.356508000000000047e-01,8.992889736834274172e-01
4.357202499999999756e-01,8.992888200201921700e-01
4.357897000000000021e-01,8.992886736892276023e-01
4.358591499999999730e-01,8.992885201255520489e-01
4.359285999999999994e-01,8.992883738974007946e-01
4.359980500000000259e-01,8.992882204382406375e-01
4.360674999999999968e-01,8.992880743149920253e-01
4.361369500000000232e-01,8.992879209598561019e-01
4.362063999999999941e-01,8.992877749267865761e-01
4.362758500000000206e-01,8.992876213671483487e-01
4.363453500000000207e-01,8.992874680908166107e-01
4.364147999999999916e-01,8.992873222504431663e-01
4.364842500000000181e-01,8.992871691712474025e-01
4.365536999999999890e-01,8.992870234242630323e-01
4.366231500000000154e-01,8.992868704453514939e-01
4.366925999999999863e-01,8.992867248007373471e-01
4.367620500000000128e-01,8.992865719254585777e-01
4.368314999999999837e-01,8.992864263855203655e-01
4.369009500000000101e-01,8.992862736158370174e-01
4.369703999999999811e-01,8.992861281817240426e-01
4.370398500000000075e-01,8.992859755172711855e-01
4.371092999999999784e-01,8.992858301743960059e-01
4.371787500000000048e-01,8.992856773058812703e-01
4.372482500000000050e-01,8.992855247207430791e-01
4.373176999999999759e-01,8.992853795708912745e-01
4.373871500000000023e-01,8.992852271837235012e-01
4.374565999999999732e-01,8.992850821285874874e-01
4.375260499999999997e-01,8.992849298428634564e-01
4.375955000000000261e-01,8.992847848908605002e-01
4.376649499999999970e-01,8.992846327083712232e-01
4.377344000000000235e-01,8.992844878593669877e-01
4.378038499999999944e-01,8.992843357799439330e-01
4.378733000000000208e-01,8.992841910214436352e-01
4.379427499999999918e-01,8.992840387388391088e-01
4.380122499999999919e-01,8.992838867402638270e-01
4.380817000000000183e-01,8.992837421761754602e-01
4.381511499999999892e-01,8.992835903748015447e-01
4.382206000000000157e-01,8.992834459038939743e-01
4.382900499999999866e-01,8.992832942026787180e-01
4.383595000000000130e-01,8.992831498346356423e-01
4.384289499999999840e-01,8.992829982374428432e-01
4.384984000000000104e-01,8.992828539735491233e-01
4.385678499999999813e-01,8.992827024806951952e-01
4.386373000000000077e-01,8.992825583207147977e-01
4.387067499999999787e-01,8.992824069313511970e-01
4.387762000000000051e-01,8.992822628621629510e-01
4.388456499999999760e-01,8.992821112695560393e-01
4.389151499999999761e-01,8.992819599612783543e-01
4.389846000000000026e-01,8.992818160871433042e-01
4.390540499999999735e-01,8.992816649770737358e-01
4.391234999999999999e-01,8.992815211971508793e-01
4.391929500000000264e-01,8.992813701876927190e-01
4.392623999999999973e-01,8.992812265105240010e-01
4.393318500000000237e-01,8.992810756051941024e-01
4.394012999999999947e-01,8.992809320324567368e-01
4.394707500000000211e-01,8.992807812321237382e-01
4.395401999999999920e-01,8.992806377645635729e-01
4.396096500000000185e-01,8.992804870689747876e-01
4.396790999999999894e-01,8.992803436931076089e-01
4.397485500000000158e-01,8.992801927946951768e-01
4.398180500000000159e-01,8.992800421805371425e-01
4.398874999999999869e-01,8.992798989994352787e-01
4.399569500000000133e-01,8.992797485824102210e-01
4.400263999999999842e-01,8.992796054938019257e-01
4.400958500000000106e-01,8.992794551753818810e-01
4.401652999999999816e-01,8.992793121869916417e-01
4.402347500000000080e-01,8.992791619703999206e-01
4.403041999999999789e-01,8.992790190851597254e-01
4.403736500000000054e-01,8.992788689724905415e-01
4.404430999999999763e-01,8.992787261792656306e-01
4.405125500000000027e-01,8.992785758646736349e-01
4.405820500000000028e-01,8.992784258344358461e-01
4.406514999999999738e-01,8.992782832365838752e-01
4.407209500000000002e-01,8.992781334037501795e-01
4.407904000000000266e-01,8.992779908991893612e-01
4.408598499999999976e-01,8.992778411662184501e-01
4.409293000000000240e-01,8.992776987629998997e-01
4.409987499999999949e-01,8.992775491319400238e-01
4.410682000000000214e-01,8.992774068303576174e-01
4.411376499999999923e-01,8.992772573013033677e-01
4.412071000000000187e-01,8.992771151027191268e-01
4.412765499999999896e-01,8.992769656775939646e-01
4.413460000000000161e-01,8.992768235711250391e-01
4.414154499999999870e-01,8.992766739439980173e-01
4.414849499999999871e-01,8.992765246006718671e-01
4.415544000000000135e-01,8.992763826879655031e-01
4.416238499999999845e-01,8.992762335399120399e-01
4.416933000000000109e-01,8.992760917180616653e-01
4.417627499999999818e-01,8.992759426683081259e-01
4.418322000000000083e-01,8.992758009476894410e-01
4.419016499999999792e-01,8.992756520009269616e-01
4.419711000000000056e-01,8.992755103840958109e-01
4.420405499999999765e-01,8.992753615409698753e-01
4.421100000000000030e-01,8.992752200150652131e-01
4.421794499999999739e-01,8.992750709686108124e-01
4.422489499999999740e-01,8.992749222062104142e-01
4.423184000000000005e-01,8.992747808745291671e-01
4.423878500000000269e-01,8.992746323091885818e-01
4.424572999999999978e-01,8.992744910700070093e-01
4.425267500000000243e-01,8.992743426035068044e-01
4.425961999999999952e-01,8.992742014651217142e-01
4.426656500000000216e-01,8.992740531009089100e-01
4.427350999999999925e-01,8.992739120659668517e-01
4.428045500000000190e-01,8.992737638065807504e-01
4.428739999999999899e-01,8.992736228773724472e-01
4.429434500000000163e-01,8.992734747234277792e-01
4.430128999999999873e-01,8.992733338860734449e-01
4.430823500000000137e-01,8.992731855284294973e-01
4.431518500000000138e-01,8.992730374533749460e-01
4.432212999999999847e-01,8.992728968073265827e-01
4.432907500000000112e-01,8.992727489282792419e-01
4.433601999999999821e-01,8.992726083749721377e-01
4.434296500000000085e-01,8.992724605962572060e-01
4.434990999999999794e-01,8.992723201455169457e-01
4.435685500000000059e-01,8.992721724699491714e-01
4.436379999999999768e-01,8.992720321226573832e-01
4.437074500000000032e-01,8.992718845511771253e-01
4.437768999999999742e-01,8.992717443088724671e-01
4.438463500000000006e-01,8.992715968428304230e-01
4.439158000000000270e-01,8.992714566925488207e-01
4.439852499999999980e-01,8.992713090232326012e-01
4.440547499999999981e-01,8.992711616365680616e-01
4.441242000000000245e-01,8.992710216773386334e-01
4.441936499999999954e-01,8.992708744855831826e-01
4.442631000000000219e-01,8.992707346183392847e-01
4.443325499999999928e-01,8.992705875263533599e-01
4.444020000000000192e-01,8.992704477622989190e-01
4.444714499999999902e-01,8.992703007748151789e-01
4.445409000000000166e-01,8.992701611152004171e-01
4.446103499999999875e-01,8.992700142312555212e-01
4.446798000000000139e-01,8.992698746616546446e-01
4.447492499999999849e-01,8.992697275740092477e-01
4.448187499999999850e-01,8.992695807702341115e-01
4.448882000000000114e-01,8.992694413948485455e-01
4.449576499999999823e-01,8.992692947885717603e-01
4.450271000000000088e-01,8.992691555061032016e-01
4.450965499999999797e-01,8.992690089989224811e-01
4.451660000000000061e-01,8.992688698178405993e-01
4.452354499999999771e-01,8.992687234134292273e-01
4.453049000000000035e-01,8.992685843362787645e-01
4.453743499999999744e-01,8.992684380367536034e-01
4.454438000000000009e-01,8.992682990641500673e-01
4.455132500000000273e-01,8.992681528681805148e-01
4.455826999999999982e-01,8.992680139850477428e-01
4.456521500000000247e-01,8.992678675832999069e-01
4.457216500000000248e-01,8.992677214645415917e-01
4.457910999999999957e-01,8.992675827726328563e-01
4.458605500000000221e-01,8.992674368507196370e-01
4.459299999999999931e-01,8.992672982529189563e-01
4.459994500000000195e-01,8.992671524320745569e-01
4.460688999999999904e-01,8.992670139368160731e-01
4.461383500000000168e-01,8.992668682185992468e-01
4.462077999999999878e-01,8.992667298255994091e-01
4.462772500000000142e-01,8.992665842097367079e-01
4.463466999999999851e-01,8.992664459066570526e-01
4.464161500000000116e-01,8.992663000869340895e-01
4.464856500000000117e-01,8.992661545507691923e-01
4.465550999999999826e-01,8.992660164399893796e-01
4.466245500000000090e-01,8.992658710985168558e-01
4.466939999999999800e-01,8.992657330787531267e-01
4.467634500000000064e-01,8.992655878355531041e-01
4.468328999999999773e-01,8.992654499172372251e-01
4.469023500000000038e-01,8.992653047772172226e-01
4.469717999999999747e-01,8.992651669621396504e-01
4.470412500000000011e-01,8.992650219248412569e-01
4.471107000000000276e-01,8.992648842115542607e-01
4.471801499999999985e-01,8.992647392760176883e-01
4.472496000000000249e-01,8.992646016525122077e-01
4.473190499999999958e-01,8.992644565133758316e-01
4.473885499999999960e-01,8.992643116588088237e-01
4.474580000000000224e-01,8.992641742302823760e-01
4.475274499999999933e-01,8.992640295728219213e-01
4.475969000000000197e-01,8.992638922366440468e-01
4.476663499999999907e-01,8.992637476775672267e-01
4.477358000000000171e-01,8.992636104419728937e-01
4.478052499999999880e-01,8.992634659851399537e-01
4.478747000000000145e-01,8.992633288524120028e-01
4.479441499999999854e-01,8.992631844993392853e-01
4.480136000000000118e-01,8.992630474706347909e-01
4.480830499999999827e-01,8.992629032209966677e-01
4.481525000000000092e-01,8.992627662829726365e-01
4.482219499999999801e-01,8.992626218299523133e-01
4.482914499999999802e-01,8.992624776609223769e-01
4.483609000000000067e-01,8.992623409168482018e-01
4.484303499999999776e-01,8.992621969445697694e-01
4.484998000000000040e-01,8.992620602928909079e-01
4.485692499999999749e-01,8.992619164191352210e-01
4.486387000000000014e-01,8.992617798674888974e-01
4.487081499999999723e-01,8.992616360952032650e-01
4.487775999999999987e-01,8.992614996460118748e-01
4.488470500000000252e-01,8.992613559767252962e-01
4.489164999999999961e-01,8.992612196187544926e-01
4.489859500000000225e-01,8.992610757468372240e-01
4.490554500000000226e-01,8.992609321589287719e-01
4.491248999999999936e-01,8.992607959949080465e-01
4.491943500000000200e-01,8.992606526029532921e-01
4.492637999999999909e-01,8.992605165307689941e-01
4.493332500000000174e-01,8.992603732374632175e-01
4.494026999999999883e-01,8.992602372661472332e-01
4.494721500000000147e-01,8.992600940751204197e-01
4.495415999999999856e-01,8.992599582060379904e-01
4.496110500000000121e-01,8.992598151174933108e-01
4.496804999999999830e-01,8.992596793518751186e-01
4.497499500000000094e-01,8.992595363669719788e-01
4.498193999999999804e-01,8.992594006925120897e-01
4.498888500000000068e-01,8.992592575050584180e-01
4.499583500000000069e-01,8.992591146011592595e-01
4.500277999999999778e-01,8.992589791200082949e-01
4.500972500000000043e-01,8.992588364114758592e-01
4.501666999999999752e-01,8.992587010216763765e-01
4.502361500000000016e-01,8.992585584119401343e-01
4.503055999999999726e-01,8.992584231235988268e-01
4.503750499999999990e-01,8.992582806170641430e-01
4.504445000000000254e-01,8.992581454328377744e-01
4.505139499999999964e-01,8.992580030303913841e-01
4.505834000000000228e-01,8.992578679503870909e-01
4.506528499999999937e-01,8.992577256523113238e-01
4.507223000000000201e-01,8.992575906634937555e-01
4.507917499999999911e-01,8.992574481621486981e-01
4.508612499999999912e-01,8.992573059438195848e-01
4.509307000000000176e-01,8.992571711467534090e-01
4.510001499999999885e-01,8.992570291225732149e-01
4.510696000000000150e-01,8.992568944154052391e-01
4.511390499999999859e-01,8.992567524886110331e-01
4.512085000000000123e-01,8.992566178824893397e-01
4.512779499999999833e-01,8.992564760588208639e-01
4.513474000000000097e-01,8.992563415571821483e-01
4.514168499999999806e-01,8.992561998380337318e-01
4.514863000000000071e-01,8.992560654268489939e-01
4.515557499999999780e-01,8.992559235032363540e-01
4.516252499999999781e-01,8.992557818622166632e-01
4.516947000000000045e-01,8.992556476418779310e-01
4.517641499999999755e-01,8.992555061958538154e-01
4.518336000000000019e-01,8.992553720668495787e-01
4.519030499999999728e-01,8.992552307193444339e-01
4.519724999999999993e-01,8.992550966912267185e-01
4.520419500000000257e-01,8.992549554452834437e-01
4.521113999999999966e-01,8.992548215194656747e-01
4.521808500000000230e-01,8.992546803766471308e-01
4.522502999999999940e-01,8.992545465541812444e-01
4.523197500000000204e-01,8.992544055147251303e-01
4.523891999999999913e-01,8.992542717821100373e-01
4.524586500000000178e-01,8.992541305372592220e-01
4.525281500000000179e-01,8.992539895745940148e-01
4.525975999999999888e-01,8.992538560314602414e-01
4.526670500000000152e-01,8.992537152636882469e-01
4.527364999999999862e-01,8.992535818127670444e-01
4.528059500000000126e-01,8.992534411449658593e-01
4.528753999999999835e-01,8.992533077971568423e-01
4.529448500000000100e-01,8.992531672330984494e-01
4.530142999999999809e-01,8.992530339878733736e-01
4.530837500000000073e-01,8.992528935253694122e-01
4.531531999999999782e-01,8.992527603687948679e-01
4.532226500000000047e-01,8.992526197014473199e-01
4.532921500000000048e-01,8.992524793177197884e-01
4.533615999999999757e-01,8.992523463540806894e-01
4.534310500000000022e-01,8.992522061665934041e-01
4.535004999999999731e-01,8.992520732944526696e-01
4.535699499999999995e-01,8.992519332048206637e-01
4.536394000000000259e-01,8.992518004336934601e-01
4.537088499999999969e-01,8.992516604470564001e-01
4.537783000000000233e-01,8.992515277798899254e-01
4.538477499999999942e-01,8.992513878978146691e-01
4.539172000000000207e-01,8.992512553340071824e-01
4.539866499999999916e-01,8.992511155537050715e-01
4.540561000000000180e-01,8.992509830779177316e-01
4.541255499999999889e-01,8.992508430914812889e-01
4.541950499999999891e-01,8.992507033884785672e-01
4.542645000000000155e-01,8.992505711046244743e-01
4.543339499999999864e-01,8.992504315987134289e-01
4.544034000000000129e-01,8.992502994087517854e-01
4.544728499999999838e-01,8.992501600026460151e-01
4.545423000000000102e-01,8.992500279141878439e-01
4.546117499999999811e-01,8.992498886104453026e-01
4.546812000000000076e-01,8.992497566241998141e-01
4.547506499999999785e-01,8.992496174236923601e-01
4.548201000000000049e-01,8.992494855412032084e-01
4.548895499999999759e-01,8.992493464439690332e-01
4.549590000000000023e-01,8.992492146514623474e-01
4.550284499999999732e-01,8.992490753488331379e-01
4.550979499999999733e-01,8.992489363292065496e-01
4.551673999999999998e-01,8.992488047273377028e-01
4.552368500000000262e-01,8.992486659032828955e-01
4.553062999999999971e-01,8.992485343944528475e-01
4.553757500000000236e-01,8.992483956708017256e-01
4.554451999999999945e-01,8.992482642635525325e-01
4.555146500000000209e-01,8.992481256416772206e-01
4.555840999999999918e-01,8.992479943355593530e-01
4.556535500000000183e-01,8.992478558144754164e-01
4.557229999999999892e-01,8.992477245974239697e-01
4.557924500000000156e-01,8.992475858721507009e-01
4.558619500000000158e-01,8.992474474314106070e-01
4.559313999999999867e-01,8.992473164084011650e-01
4.560008500000000131e-01,8.992471781634475692e-01
4.560702999999999840e-01,8.992470472318522257e-01
4.561397500000000105e-01,8.992469090847801105e-01
4.562091999999999814e-01,8.992467782532711507e-01
4.562786500000000078e-01,8.992466402087943012e-01
4.563480999999999788e-01,8.992465094805159875e-01
4.564175500000000052e-01,8.992463715392218226e-01
4.564869999999999761e-01,8.992462409137755852e-01
4.565564500000000026e-01,8.992461030739136163e-01
4.566258999999999735e-01,8.992459725373443957e-01
4.566953499999999999e-01,8.992458344931788528e-01
4.567648500000000000e-01,8.992456967326215578e-01
4.568343000000000265e-01,8.992455663893474949e-01
4.569037499999999974e-01,8.992454288249726035e-01
4.569732000000000238e-01,8.992452985726401282e-01
4.570426499999999947e-01,8.992451611057091787e-01
4.571121000000000212e-01,8.992450309525861218e-01
4.571815499999999921e-01,8.992448935864204573e-01
4.572510000000000185e-01,8.992447635359621660e-01
4.573204499999999895e-01,8.992446262728782669e-01
4.573899000000000159e-01,8.992444963131087654e-01
4.574593499999999868e-01,8.992443588461893622e-01
4.575288499999999869e-01,8.992442216620548656e-01
4.575983000000000134e-01,8.992440918928072957e-01
4.576677499999999843e-01,8.992439549018498290e-01
4.577372000000000107e-01,8.992438252218862837e-01
4.578066499999999817e-01,8.992436883282394211e-01
4.578761000000000081e-01,8.992435587482195958e-01
4.579455499999999790e-01,8.992434219560069275e-01
4.580150000000000055e-01,8.992432924782910453e-01
4.580844499999999764e-01,8.992431557887257121e-01
4.581539000000000028e-01,8.992430264143276286e-01
4.582233499999999737e-01,8.992428898282549543e-01
4.582928000000000002e-01,8.992427605449418992e-01
4.583622500000000266e-01,8.992426237563959646e-01
4.584317500000000267e-01,8.992424872509134914e-01
4.585011999999999976e-01,8.992423581597769333e-01
4.585706500000000241e-01,8.992422218484761309e-01
4.586400999999999950e-01,8.992420928471958064e-01
4.587095500000000214e-01,8.992419566333255121e-01
4.587789999999999924e-01,8.992418277330935794e-01
4.588484500000000188e-01,8.992416916224194035e-01
4.589178999999999897e-01,8.992415628265162386e-01
4.589873500000000162e-01,8.992414268200523697e-01
4.590567999999999871e-01,8.992412981278622430e-01
4.591262500000000135e-01,8.992411622246020420e-01
4.591956999999999844e-01,8.992410336218850109e-01
4.592651500000000109e-01,8.992408975140258054e-01
4.593346500000000110e-01,8.992407616889851463e-01
4.594040999999999819e-01,8.992406332770025434e-01
4.594735500000000084e-01,8.992404976458772126e-01
4.595429999999999793e-01,8.992403693240190732e-01
4.596124500000000057e-01,8.992402337902880571e-01
4.596818999999999766e-01,8.992401055695715684e-01
4.597513500000000031e-01,8.992399701390186850e-01
4.598207999999999740e-01,8.992398420225541367e-01
4.598902500000000004e-01,8.992397066957854568e-01
4.599597000000000269e-01,8.992395786690414727e-01
4.600291499999999978e-01,8.992394431377354058e-01
4.600986499999999979e-01,8.992393078889787672e-01
4.601681000000000243e-01,8.992391800530352697e-01
4.602375499999999953e-01,8.992390449992306856e-01
4.603070000000000217e-01,8.992389172543296949e-01
4.603764499999999926e-01,8.992387822982432777e-01
4.604459000000000191e-01,8.992386546539520298e-01
4.605153499999999900e-01,8.992385197998277180e-01
4.605848000000000164e-01,8.992383922585701628e-01
4.606542499999999873e-01,8.992382575080962726e-01
4.607237000000000138e-01,8.992381300703421454e-01
4.607931499999999847e-01,8.992379954233613581e-01
4.608626000000000111e-01,8.992378680749799624e-01
4.609320499999999821e-01,8.992377332221335173e-01
4.610015499999999822e-01,8.992375986518891251e-01
4.610710000000000086e-01,8.992374714929441959e-01
4.611404499999999795e-01,8.992373371168937979e-01
4.612099000000000060e-01,8.992372100495870102e-01
4.612793499999999769e-01,8.992370757725874908e-01
4.613488000000000033e-01,8.992369488078935102e-01
4.614182499999999743e-01,8.992368146340534718e-01
4.614877000000000007e-01,8.992366877714994544e-01
4.615571500000000271e-01,8.992365536996658193e-01
4.616265999999999980e-01,8.992364269253130260e-01
4.616960500000000245e-01,8.992362926477213136e-01
4.617655500000000246e-01,8.992361586536885554e-01
4.618349999999999955e-01,8.992360320708386867e-01
4.619044500000000220e-01,8.992358982715286109e-01
4.619738999999999929e-01,8.992357717793777461e-01
4.620433500000000193e-01,8.992356380770547553e-01
4.621127999999999902e-01,8.992355116854517938e-01
4.621822500000000167e-01,8.992353780856144896e-01
4.622516999999999876e-01,8.992352517973818404e-01
4.623211500000000140e-01,8.992351183018298943e-01
4.623905999999999850e-01,8.992349921156688186e-01
4.624600500000000114e-01,8.992348587205595267e-01
4.625294999999999823e-01,8.992347326224660042e-01
4.625989500000000088e-01,8.992345990211823015e-01
4.626684500000000089e-01,8.992344657042150580e-01
4.627378999999999798e-01,8.992343397988391551e-01
4.628073500000000062e-01,8.992342066782103016e-01
4.628767999999999772e-01,8.992340808650737261e-01
4.629462500000000036e-01,8.992339478419317800e-01
4.630156999999999745e-01,8.992338221272904164e-01
4.630851500000000009e-01,8.992336892041661311e-01
4.631546000000000274e-01,8.992335635898517365e-01
4.632240499999999983e-01,8.992334307687077644e-01
4.632935000000000247e-01,8.992333052573008301e-01
4.633629499999999957e-01,8.992331725377288310e-01
4.634324000000000221e-01,8.992330471153453519e-01
4.635018499999999930e-01,8.992329141909821688e-01
4.635713499999999931e-01,8.992327815496816701e-01
4.636408000000000196e-01,8.992326563190415900e-01
4.637102499999999905e-01,8.992325238740581650e-01
4.637797000000000169e-01,8.992323987362099702e-01
4.638491499999999879e-01,8.992322663905695235e-01
4.639186000000000143e-01,8.992321413527234464e-01
4.639880499999999852e-01,8.992320091077024014e-01
4.640575000000000117e-01,8.992318841708712984e-01
4.641269499999999826e-01,8.992317520267738562e-01
4.641964000000000090e-01,8.992316271797385907e-01
4.642658499999999799e-01,8.992314948326352031e-01
4.643353499999999801e-01,8.992313627699261014e-01
4.644048000000000065e-01,8.992312381171436719e-01
4.644742499999999774e-01,8.992311062497331253e-01
4.645437000000000038e-01,8.992309816875138084e-01
4.646131499999999748e-01,8.992308499173119474e-01
4.646826000000000012e-01,8.992307254545764961e-01
4.647520500000000276e-01,8.992305937861253540e-01
4.648214999999999986e-01,8.992304694256449960e-01
4.648909500000000250e-01,8.992303378590993379e-01
4.649603999999999959e-01,8.992302136001675272e-01
4.650298500000000224e-01,8.992300821342430472e-01
4.650992999999999933e-01,8.992299579637317297e-01
4.651687500000000197e-01,8.992298262937923337e-01
4.652382500000000198e-01,8.992296949080628155e-01
4.653076999999999908e-01,8.992295709322400965e-01
4.653771500000000172e-01,8.992294397429789754e-01
4.654465999999999881e-01,8.992293158578783530e-01
4.655160500000000146e-01,8.992291847655516923e-01
4.655854999999999855e-01,8.992290609787686462e-01
4.656549500000000119e-01,8.992289299869473673e-01
4.657243999999999828e-01,8.992288063030945411e-01
4.657938500000000093e-01,8.992286754145651928e-01
4.658632999999999802e-01,8.992285518343949846e-01
4.659327500000000066e-01,8.992284210490888441e-01
4.660021999999999776e-01,8.992282975581824545e-01
4.660716500000000040e-01,8.992281665679408009e-01
4.661411500000000041e-01,8.992280358605234669e-01
4.662105999999999750e-01,8.992279125613239499e-01
4.662800500000000015e-01,8.992277820497573959e-01
4.663494999999999724e-01,8.992276588412427829e-01
4.664189499999999988e-01,8.992275284271803448e-01
4.664884000000000253e-01,8.992274053184790006e-01
4.665578499999999962e-01,8.992272750040466445e-01
4.666273000000000226e-01,8.992271519965492343e-01
4.666967499999999935e-01,8.992270217844341440e-01
4.667662000000000200e-01,8.992268988665209628e-01
4.668356499999999909e-01,8.992267684505154124e-01
4.669051499999999910e-01,8.992266383168202593e-01
4.669746000000000175e-01,8.992265155896540518e-01
4.670440499999999884e-01,8.992263856497429986e-01
4.671135000000000148e-01,8.992262630119005618e-01
4.671829499999999857e-01,8.992261331697730675e-01
4.672524000000000122e-01,8.992260106335527858e-01
4.673218499999999831e-01,8.992258808943912607e-01
4.673913000000000095e-01,8.992257584624877564e-01
4.674607499999999805e-01,8.992256288263416053e-01
4.675302000000000069e-01,8.992255064956354849e-01
4.675996499999999778e-01,8.992253769608107294e-01
4.676691000000000042e-01,8.992252547177953526e-01
4.677385499999999752e-01,8.992251249774179112e-01
4.678080499999999753e-01,8.992249955203232004e-01
4.678775000000000017e-01,8.992248734684892275e-01
4.679469499999999726e-01,8.992247442058525220e-01
4.680163999999999991e-01,8.992246222445564596e-01
4.680858500000000255e-01,8.992244930791141178e-01
4.681552999999999964e-01,8.992243712199612382e-01
4.682247500000000229e-01,8.992242421580831646e-01
4.682941999999999938e-01,8.992241204021281797e-01
4.683636500000000202e-01,8.992239914431767733e-01
4.684330999999999912e-01,8.992238697744348030e-01
4.685025500000000176e-01,8.992237406073060324e-01
4.685720500000000177e-01,8.992236117216688696e-01
4.686414999999999886e-01,8.992234902401458063e-01
4.687109500000000151e-01,8.992233615485979437e-01
4.687803999999999860e-01,8.992232401581828904e-01
4.688498500000000124e-01,8.992231115642359551e-01
4.689192999999999834e-01,8.992229902751871506e-01
4.689887500000000098e-01,8.992228617834197024e-01
4.690581999999999807e-01,8.992227405961649156e-01
4.691276500000000071e-01,8.992226122075378525e-01
4.691970999999999781e-01,8.992224911233379636e-01
4.692665500000000045e-01,8.992223628371869282e-01
4.693359999999999754e-01,8.992222418420456886e-01
4.694054500000000019e-01,8.992221133501515640e-01
4.694749500000000020e-01,8.992219851417606602e-01
4.695443999999999729e-01,8.992218643372009712e-01
4.696138499999999993e-01,8.992217363235663896e-01
4.696833000000000258e-01,8.992216156122586623e-01
4.697527499999999967e-01,8.992214876989392813e-01
4.698222000000000231e-01,8.992213670901281208e-01
4.698916499999999941e-01,8.992212392804685983e-01
4.699611000000000205e-01,8.992211187739046485e-01
4.700305499999999914e-01,8.992209910659489935e-01
4.701000000000000179e-01,8.992208706605683277e-01
4.701694499999999888e-01,8.992207430532437318e-01
4.702389000000000152e-01,8.992206227364281101e-01
4.703083499999999861e-01,8.992204949234773315e-01
4.703778499999999863e-01,8.992203673937729791e-01
4.704473000000000127e-01,8.992202472673573865e-01
4.705167499999999836e-01,8.992201199316597338e-01
4.705862000000000100e-01,8.992199998967127517e-01
4.706556499999999810e-01,8.992198726602607106e-01
4.707251000000000074e-01,8.992197527264228496e-01
4.707945499999999783e-01,8.992196255924793657e-01
4.708640000000000048e-01,8.992195057605213426e-01
4.709334499999999757e-01,8.992193787265562177e-01
4.710029000000000021e-01,8.992192589814085313e-01
4.710723499999999730e-01,8.992191317405476836e-01
4.711418499999999732e-01,8.992190047835473266e-01
4.712112999999999996e-01,8.992188852296965074e-01
4.712807500000000260e-01,8.992187584683776214e-01
4.713501999999999970e-01,8.992186390073242386e-01
4.714196500000000234e-01,8.992185123442675287e-01
4.714890999999999943e-01,8.992183929824337785e-01
4.715585500000000208e-01,8.992182664206196385e-01
4.716279999999999917e-01,8.992181471605411591e-01
4.716974500000000181e-01,8.992180207014091042e-01
4.717668999999999890e-01,8.992179015439242251e-01
4.718363500000000155e-01,8.992177751856885726e-01
4.719057999999999864e-01,8.992176561166356219e-01
4.719752500000000128e-01,8.992175295527032874e-01
4.720447500000000129e-01,8.992174032716351295e-01
4.721141999999999839e-01,8.992172843935755111e-01
4.721836500000000103e-01,8.992171583081220998e-01
4.722530999999999812e-01,8.992170395212645273e-01
4.723225500000000077e-01,8.992169135333848429e-01
4.723919999999999786e-01,8.992167948449841797e-01
4.724614500000000050e-01,8.992166689569296434e-01
4.725308999999999759e-01,8.992165503691066375e-01
4.726003500000000024e-01,8.992164245819951329e-01
4.726697999999999733e-01,8.992163060846964928e-01
4.727392499999999997e-01,8.992161800940198235e-01
4.728087499999999999e-01,8.992160543872779188e-01
4.728782000000000263e-01,8.992159360822088443e-01
4.729476499999999972e-01,8.992158105689264103e-01
4.730171000000000237e-01,8.992156923530664203e-01
4.730865499999999946e-01,8.992155669366941328e-01
4.731560000000000210e-01,8.992154488195162054e-01
4.732254499999999919e-01,8.992153235048709892e-01
4.732949000000000184e-01,8.992152054902402547e-01
4.733643499999999893e-01,8.992150802773470897e-01
4.734338000000000157e-01,8.992149623655828483e-01
4.735032499999999867e-01,8.992148372543251611e-01
4.735727000000000131e-01,8.992147194315626146e-01
4.736421499999999840e-01,8.992145941178874002e-01
4.737116499999999841e-01,8.992144690871951562e-01
4.737811000000000106e-01,8.992143514580721586e-01
4.738505499999999815e-01,8.992142266223130953e-01
4.739200000000000079e-01,8.992141090805931825e-01
4.739894499999999788e-01,8.992139843388949894e-01
4.740589000000000053e-01,8.992138668950266922e-01
4.741283499999999762e-01,8.992137422534408620e-01
4.741978000000000026e-01,8.992136249129788483e-01
4.742672499999999736e-01,8.992135003750857392e-01
4.743367000000000000e-01,8.992133831378475994e-01
4.744061500000000264e-01,8.992132587028853763e-01
4.744755999999999974e-01,8.992131415531492422e-01
4.745450500000000238e-01,8.992130169122021233e-01
4.746145500000000239e-01,8.992128925545553875e-01
4.746839999999999948e-01,8.992127755961121238e-01
4.747534500000000213e-01,8.992126514334646270e-01
4.748228999999999922e-01,8.992125345665097358e-01
4.748923500000000186e-01,8.992124105005959711e-01
4.749617999999999896e-01,8.992122937331089583e-01
4.750312500000000160e-01,8.992121697683932435e-01
4.751006999999999869e-01,8.992120531042570031e-01
4.751701500000000133e-01,8.992119292449337609e-01
4.752395999999999843e-01,8.992118126723109839e-01
4.753090500000000107e-01,8.992116886105849805e-01
4.753785500000000108e-01,8.992115648314352727e-01
4.754479999999999817e-01,8.992114484495751237e-01
4.755174500000000082e-01,8.992113248628593736e-01
4.755868999999999791e-01,8.992112085702879121e-01
4.756563500000000055e-01,8.992110850802431665e-01
4.757257999999999765e-01,8.992109688882025109e-01
4.757952500000000029e-01,8.992108454994446332e-01
4.758646999999999738e-01,8.992107294093324432e-01
4.759341500000000003e-01,8.992106061228023473e-01
4.760036000000000267e-01,8.992104901337585332e-01
4.760730499999999976e-01,8.992103669489679429e-01
4.761425000000000241e-01,8.992102510492705481e-01
4.762119499999999950e-01,8.992101276598649662e-01
4.762814499999999951e-01,8.992100045543804931e-01
4.763509000000000215e-01,8.992098888455880568e-01
4.764203499999999925e-01,8.992097659323894376e-01
4.764898000000000189e-01,8.992096503129796137e-01
4.765592499999999898e-01,8.992095274959459594e-01
4.766287000000000162e-01,8.992094119765116078e-01
4.766981499999999872e-01,8.992092892621822431e-01
4.767676000000000136e-01,8.992091738462663075e-01
4.768370499999999845e-01,8.992090512353724252e-01
4.769065000000000110e-01,8.992089359069386223e-01
4.769759499999999819e-01,8.992088130886030095e-01
4.770454499999999820e-01,8.992086905533818175e-01
4.771149000000000084e-01,8.992085754149307109e-01
4.771843499999999794e-01,8.992084530747302962e-01
4.772538000000000058e-01,8.992083380290732952e-01
4.773232499999999767e-01,8.992082157877598902e-01
4.773927000000000032e-01,8.992081008424739341e-01
4.774621499999999741e-01,8.992079787004062519e-01
4.775316000000000005e-01,8.992078638543959945e-01
4.776010500000000270e-01,8.992077418142082612e-01
4.776704999999999979e-01,8.992076270694502327e-01
4.777399500000000243e-01,8.992075051300914001e-01
4.778093999999999952e-01,8.992073904741412216e-01
4.778788500000000217e-01,8.992072683286258528e-01
4.779483500000000218e-01,8.992071464662614311e-01
4.780177999999999927e-01,8.992070319997510497e-01
4.780872500000000191e-01,8.992069103323329093e-01
4.781566999999999901e-01,8.992067959598065707e-01
4.782261500000000165e-01,8.992066743917421778e-01
4.782955999999999874e-01,8.992065601203582670e-01
4.783650500000000139e-01,8.992064386545245425e-01
4.784344999999999848e-01,8.992063244819354928e-01
4.785039500000000112e-01,8.992062031156605739e-01
4.785733999999999821e-01,8.992060890435563669e-01
4.786428500000000086e-01,8.992059677774311144e-01
4.787122999999999795e-01,8.992058537961302722e-01
4.787817500000000059e-01,8.992057323265338908e-01
4.788512500000000061e-01,8.992056111410472452e-01
4.789206999999999770e-01,8.992054973523339045e-01
4.789901500000000034e-01,8.992053763617998685e-01
4.790595999999999743e-01,8.992052626645485880e-01
4.791290500000000008e-01,8.992051417724838958e-01
4.791985000000000272e-01,8.992050281743302342e-01
4.792679499999999981e-01,8.992049073847280249e-01
4.793374000000000246e-01,8.992047938874578872e-01
4.794068499999999955e-01,8.992046731948222238e-01
4.794763000000000219e-01,8.992045597850024663e-01
4.795457499999999929e-01,8.992044388863649207e-01
4.796152499999999930e-01,8.992043182711058069e-01
4.796847000000000194e-01,8.992042050523849639e-01
4.797541499999999903e-01,8.992040846331291748e-01
4.798236000000000168e-01,8.992039715067925432e-01
4.798930499999999877e-01,8.992038511848402527e-01
4.799625000000000141e-01,8.992037381550453956e-01
4.800319499999999850e-01,8.992036179336833079e-01
4.801014000000000115e-01,8.992035050052612499e-01
4.801708499999999824e-01,8.992033848846504585e-01
4.802403000000000088e-01,8.992032720595166673e-01
4.803097499999999798e-01,8.992031520410785905e-01
4.803792000000000062e-01,8.992030393047553138e-01
4.804486499999999771e-01,8.992029190827609542e-01
4.805181499999999772e-01,8.992027991441352563e-01
4.805876000000000037e-01,8.992026866024610543e-01
4.806570499999999746e-01,8.992025668622483092e-01
4.807265000000000010e-01,8.992024544124964658e-01
4.807959500000000275e-01,8.992023347710758063e-01
4.808653999999999984e-01,8.992022224208554571e-01
4.809348500000000248e-01,8.992021028780684544e-01
4.810042999999999958e-01,8.992019906284888231e-01
4.810737500000000222e-01,8.992018711866348601e-01
4.811431999999999931e-01,8.992017590402119342e-01
4.812126500000000195e-01,8.992016397025442975e-01
4.812820999999999905e-01,8.992015276448338534e-01
4.813515500000000169e-01,8.992014081029603423e-01
4.814210500000000170e-01,8.992012888431142326e-01
4.814904999999999879e-01,8.992011769762923157e-01
4.815599500000000144e-01,8.992010579106526347e-01
4.816293999999999853e-01,8.992009461331409437e-01
4.816988500000000117e-01,8.992008271640801187e-01
4.817682999999999827e-01,8.992007154866529239e-01
4.818377500000000091e-01,8.992005966161384922e-01
4.819071999999999800e-01,8.992004850384323067e-01
4.819766500000000065e-01,8.992003662693824895e-01
4.820460999999999774e-01,8.992002547796330569e-01
4.821155500000000038e-01,8.992001358062774452e-01
4.821850500000000039e-01,8.992000171160999811e-01
4.822544999999999749e-01,8.991999058195684347e-01
4.823239500000000013e-01,8.991997873245457518e-01
4.823934000000000277e-01,8.991996761160081508e-01
4.824628499999999987e-01,8.991995577166187470e-01
4.825323000000000251e-01,8.991994466085322379e-01
4.826017499999999960e-01,8.991993283098653755e-01
4.826712000000000224e-01,8.991992173055584070e-01
4.827406499999999934e-01,8.991990991119539478e-01
4.828101000000000198e-01,8.991989882103221809e-01
4.828795499999999907e-01,8.991988701176052423e-01
4.829490000000000172e-01,8.991987593019274971e-01
4.830184499999999881e-01,8.991986410026954202e-01
4.830879499999999882e-01,8.991985229858114881e-01
4.831574000000000146e-01,8.991984123602632106e-01
4.832268499999999856e-01,8.991982945384427994e-01
4.832963000000000120e-01,8.991981840029444895e-01
4.833657499999999829e-01,8.991980662761849263e-01
4.834352000000000094e-01,8.991979558403799810e-01
4.835046499999999803e-01,8.991978382142388204e-01
4.835741000000000067e-01,8.991977278809767382e-01
4.836435499999999776e-01,8.991976103601859727e-01
4.837130000000000041e-01,8.991975001170567916e-01
4.837824499999999750e-01,8.991973823908906427e-01
4.838519499999999751e-01,8.991972649449030408e-01
4.839214000000000016e-01,8.991971548882282672e-01
4.839908499999999725e-01,8.991970376354804229e-01
4.840602999999999989e-01,8.991969276689770751e-01
4.841297500000000253e-01,8.991968105145305978e-01
4.841991999999999963e-01,8.991967006516320415e-01
4.842686500000000227e-01,8.991965835986709399e-01
4.843380999999999936e-01,8.991964738377558053e-01
4.844075500000000201e-01,8.991963568875174229e-01
4.844769999999999910e-01,8.991962472273548057e-01
4.845464500000000174e-01,8.991961303812034956e-01
4.846158999999999883e-01,8.991960208110810759e-01
4.846853500000000148e-01,8.991959037587561321e-01
4.847548500000000149e-01,8.991957869905690126e-01
4.848242999999999858e-01,8.991956776094338633e-01
4.848937500000000123e-01,8.991955610323636439e-01
4.849631999999999832e-01,8.991954517422324766e-01
4.850326500000000096e-01,8.991953352617079176e-01
4.851020999999999805e-01,8.991952260731206348e-01
4.851715500000000070e-01,8.991951096969014179e-01
4.852409999999999779e-01,8.991950006096773862e-01
4.853104500000000043e-01,8.991948843363557486e-01
4.853798999999999753e-01,8.991947753498131801e-01
4.854493500000000017e-01,8.991946591749443440e-01
4.855187999999999726e-01,8.991945502766774956e-01
4.855882499999999991e-01,8.991944338944083404e-01
4.856577499999999992e-01,8.991943177976222668e-01
4.857272000000000256e-01,8.991942090911464458e-01
4.857966499999999965e-01,8.991940931881176047e-01
4.858661000000000230e-01,8.991939845729849390e-01
4.859355499999999939e-01,8.991938687694226440e-01
4.860050000000000203e-01,8.991937602541024699e-01
4.860744499999999912e-01,8.991936445533577071e-01
4.861439000000000177e-01,8.991935361419735040e-01
4.862133499999999886e-01,8.991934205461252771e-01
4.862828000000000150e-01,8.991933122262288913e-01
4.863522499999999860e-01,8.991931964222279472e-01
4.864217499999999861e-01,8.991930809023906956e-01
4.864912000000000125e-01,8.991929727702948627e-01
4.865606499999999834e-01,8.991928574426015786e-01
4.866301000000000099e-01,8.991927494027058820e-01
4.866995499999999808e-01,8.991926341754716834e-01
4.867690000000000072e-01,8.991925262365751959e-01
4.868384499999999782e-01,8.991924111109474982e-01
4.869079000000000046e-01,8.991923032693427409e-01
4.869773499999999755e-01,8.991921882420234047e-01
4.870468000000000020e-01,8.991920805028628116e-01
4.871162499999999729e-01,8.991919655771966058e-01
4.871856999999999993e-01,8.991918579287752067e-01
4.872551500000000257e-01,8.991917427991694689e-01
4.873246500000000259e-01,8.991916279521413591e-01
4.873940999999999968e-01,8.991915204922507066e-01
4.874635500000000232e-01,8.991914058358240203e-01
4.875329999999999941e-01,8.991912984643040119e-01
4.876024500000000206e-01,8.991911839078360336e-01
4.876718999999999915e-01,8.991910766369292096e-01
4.877413500000000179e-01,8.991909621799353269e-01
4.878107999999999889e-01,8.991908550096232577e-01
4.878802500000000153e-01,8.991907406532660962e-01
4.879496999999999862e-01,8.991906335718431453e-01
4.880191500000000127e-01,8.991905190100801804e-01
4.880886500000000128e-01,8.991904047342884621e-01
4.881580999999999837e-01,8.991902978492269938e-01
4.882275500000000101e-01,8.991901837692564126e-01
4.882969999999999811e-01,8.991900769716811848e-01
4.883664500000000075e-01,8.991899629866576538e-01
4.884358999999999784e-01,8.991898562864557576e-01
4.885053500000000049e-01,8.991897424002691652e-01
4.885747999999999758e-01,8.991896357984754395e-01
4.886442500000000022e-01,8.991895220139995981e-01
4.887136999999999731e-01,8.991894155180696346e-01
4.887831499999999996e-01,8.991893018347308919e-01
4.888526000000000260e-01,8.991891954250220698e-01
4.889220499999999969e-01,8.991890815383585256e-01
4.889915499999999970e-01,8.991889679361336762e-01
4.890610000000000235e-01,8.991888617199019773e-01
4.891304499999999944e-01,8.991887483097996681e-01
4.891999000000000208e-01,8.991886421834682785e-01
4.892693499999999918e-01,8.991885288722060166e-01
4.893388000000000182e-01,8.991884228429251058e-01
4.894082499999999891e-01,8.991883096289108313e-01
4.894777000000000156e-01,8.991882037012306483e-01
4.895471499999999865e-01,8.991880905905166310e-01
4.896166000000000129e-01,8.991879847674753012e-01
4.896860499999999838e-01,8.991878717595183090e-01
4.897555000000000103e-01,8.991877660260539917e-01
4.898249499999999812e-01,8.991876528180221539e-01
4.898944499999999813e-01,8.991875398895851079e-01
4.899639000000000078e-01,8.991874343457266772e-01
4.900333499999999787e-01,8.991873216117961531e-01
4.901028000000000051e-01,8.991872161593617019e-01
4.901722499999999760e-01,8.991871035226837172e-01
4.902417000000000025e-01,8.991869981684985635e-01
4.903111499999999734e-01,8.991868856321075798e-01
4.903805999999999998e-01,8.991867803846900209e-01
4.904500500000000263e-01,8.991866679502222848e-01
4.905194999999999972e-01,8.991865627862810628e-01
4.905889500000000236e-01,8.991864501499593487e-01
4.906584500000000237e-01,8.991863377968157822e-01
4.907278999999999947e-01,8.991862328257569370e-01
4.907973500000000211e-01,8.991861206632834058e-01
4.908667999999999920e-01,8.991860157809610232e-01
4.909362500000000185e-01,8.991859037145829570e-01
4.910056999999999894e-01,8.991857989289357977e-01
4.910751500000000158e-01,8.991856869593575219e-01
4.911445999999999867e-01,8.991855822794051489e-01
4.912140500000000132e-01,8.991854704184055747e-01
4.912834999999999841e-01,8.991853658401017801e-01
4.913529500000000105e-01,8.991852540800043814e-01
4.914223999999999815e-01,8.991851495916908243e-01
4.914918500000000079e-01,8.991850376287718882e-01
4.915613500000000080e-01,8.991849259483816192e-01
4.916307999999999789e-01,8.991848216516284964e-01
4.917002500000000054e-01,8.991847101690769728e-01
4.917696999999999763e-01,8.991846059665125068e-01
4.918391500000000027e-01,8.991844945764665420e-01
4.919085999999999737e-01,8.991843904695645540e-01
4.919780500000000001e-01,8.991842791828185133e-01
4.920475000000000265e-01,8.991841751821432194e-01
4.921169499999999974e-01,8.991840640006030227e-01
4.921864000000000239e-01,8.991839600876803118e-01
4.922558499999999948e-01,8.991838487011842851e-01
4.923253499999999949e-01,8.991837375963760426e-01
4.923948000000000214e-01,8.991836338687964059e-01
4.924642499999999923e-01,8.991835229531210949e-01
4.925337000000000187e-01,8.991834193209131687e-01
4.926031499999999896e-01,8.991833085064828701e-01
4.926726000000000161e-01,8.991832049717991548e-01
4.927420499999999870e-01,8.991830942531665594e-01
4.928115000000000134e-01,8.991829908185596798e-01
4.928809499999999844e-01,8.991828802033539070e-01
4.929504000000000108e-01,8.991827768669803378e-01
4.930198499999999817e-01,8.991826663514351781e-01
4.930893000000000082e-01,8.991825631098752103e-01
4.931587499999999791e-01,8.991824523912274048e-01
4.932282499999999792e-01,8.991823419520441618e-01
4.932977000000000056e-01,8.991822388947444677e-01
4.933671499999999766e-01,8.991821286522890810e-01
4.934366000000000030e-01,8.991820256912949061e-01
4.935060499999999739e-01,8.991819155455589296e-01
4.935755000000000003e-01,8.991818126823952761e-01
4.936449500000000268e-01,8.991817026439667959e-01
4.937143999999999977e-01,8.991815998835691603e-01
4.937838500000000241e-01,8.991814899403928196e-01
4.938532999999999951e-01,8.991813872808274155e-01
4.939227500000000215e-01,8.991812774413658893e-01
4.939921999999999924e-01,8.991811748706710627e-01
4.940616500000000189e-01,8.991810648235276648e-01
4.941311500000000190e-01,8.991809550600715628e-01
4.942005999999999899e-01,8.991808526814194513e-01
4.942700500000000163e-01,8.991807431156472186e-01
4.943394999999999873e-01,8.991806408251645788e-01
4.944089500000000137e-01,8.991805313537187816e-01
4.944783999999999846e-01,8.991804291648969327e-01
4.945478500000000111e-01,8.991803197955111626e-01
4.946172999999999820e-01,8.991802177050846057e-01
4.946867500000000084e-01,8.991801084359432039e-01
4.947561999999999793e-01,8.991800064376778145e-01
4.948256500000000058e-01,8.991798969647976092e-01
4.948951500000000059e-01,8.991797877701614983e-01
4.949645999999999768e-01,8.991796859563055966e-01
4.950340500000000032e-01,8.991795769592607623e-01
4.951034999999999742e-01,8.991794752430053439e-01
4.951729500000000006e-01,8.991793663443875539e-01
4.952424000000000270e-01,8.991792647263737726e-01
4.953118499999999980e-01,8.991791559325642558e-01
4.953813000000000244e-01,8.991790544141070596e-01
4.954507499999999953e-01,8.991789457141625697e-01
4.955202000000000218e-01,8.991788442978487783e-01
4.955896499999999927e-01,8.991787357060369024e-01
4.956591000000000191e-01,8.991786343844448970e-01
4.957285499999999900e-01,8.991785255876448835e-01
4.957980499999999902e-01,8.991784170714475222e-01
4.958675000000000166e-01,8.991783159371677936e-01
4.959369499999999875e-01,8.991782076163425952e-01
4.960064000000000140e-01,8.991781065715928056e-01
4.960758499999999849e-01,8.991779983514760488e-01
4.961453000000000113e-01,8.991778974120134826e-01
4.962147499999999822e-01,8.991777892934466054e-01
4.962842000000000087e-01,8.991776884498766664e-01
4.963536499999999796e-01,8.991775804244084291e-01
4.964231000000000060e-01,8.991774796819056448e-01
4.964925499999999770e-01,8.991773717642737029e-01
4.965620000000000034e-01,8.991772711107478555e-01
4.966314499999999743e-01,8.991771629884806050e-01
4.967009499999999744e-01,8.991770551493230013e-01
4.967704000000000009e-01,8.991769546883727759e-01
4.968398500000000273e-01,8.991768470423427972e-01
4.969092999999999982e-01,8.991767466691856781e-01
4.969787500000000247e-01,8.991766391222014709e-01
4.970481999999999956e-01,8.991765388575169160e-01
4.971176500000000220e-01,8.991764314115785472e-01
4.971870999999999929e-01,8.991763312460777646e-01
4.972565500000000194e-01,8.991762239032726756e-01
4.973259999999999903e-01,8.991761238265116862e-01
4.973954500000000167e-01,8.991760162808453138e-01
4.974649500000000168e-01,8.991759090156123957e-01
4.975343999999999878e-01,8.991758091311842227e-01
4.976038500000000142e-01,8.991757020653463606e-01
4.976732999999999851e-01,8.991756022681085536e-01
4.977427500000000116e-01,8.991754952936338308e-01
4.978121999999999825e-01,8.991753956000643200e-01
4.978816500000000089e-01,8.991752887277242312e-01
4.979510999999999799e-01,8.991751891344080816e-01
4.980205500000000063e-01,8.991750823621605937e-01
4.980899999999999772e-01,8.991749828679251877e-01
4.981594500000000036e-01,8.991748762033632270e-01
4.982288999999999746e-01,8.991747767985383000e-01
4.982983500000000010e-01,8.991746699234868245e-01
4.983678500000000011e-01,8.991745633327117293e-01
4.984373000000000276e-01,8.991744641138643690e-01
4.985067499999999985e-01,8.991743577134135856e-01
4.985762000000000249e-01,8.991742585843005564e-01
4.986456499999999958e-01,8.991741522756218075e-01
4.987151000000000223e-01,8.991740532529232111e-01
4.987845499999999932e-01,8.991739470537329915e-01
4.988540000000000196e-01,8.991738481273645611e-01
4.989234499999999906e-01,8.991737420282290838e-01
4.989929000000000170e-01,8.991736431917658479e-01
4.990623499999999879e-01,8.991735368879394397e-01
4.991318499999999880e-01,8.991734308689973698e-01
4.992013000000000145e-01,8.991733322232381420e-01
4.992707499999999854e-01,8.991732264007008535e-01
4.993402000000000118e-01,8.991731278473044098e-01
4.994096499999999828e-01,8.991730221085335595e-01
4.994791000000000092e-01,8.991729236529508729e-01
4.995485499999999801e-01,8.991728180249017877e-01
4.996180000000000065e-01,8.991727196727250515e-01
4.996874499999999775e-01,8.991726141466124256e-01
4.997569000000000039e-01,8.991725158738012036e-01
4.998263499999999748e-01,8.991724101058334861e-01
4.998958000000000013e-01,8.991723057247786866e-01
4.999652500000000277e-01,8.991720620400198705e-01
