/*--------------------------------*- C++ -*----------------------------------*\\
| =========                 |                                                 |
| \\      /  F ield         | OpenFOAM: The Open Source CFD Toolbox           |
|  \\    /   O peration     | Version:  v2512                                 |
|   \\  /    A nd           | Website:  www.openfoam.com                      |
|    \\/     M anipulation  |                                                 |
\*---------------------------------------------------------------------------*/
FoamFile
{
    version     2.0;
    format      ascii;
    class       dictionary;
    object      blockMeshDict;
}
// * * * * * * * * * * * * * * * * * * * * * * * * * * * * * * * * * * * * * //

scale 1;

vertices
(
    (2.500000e-04 0.000000e+00 0.000000e+00) // 0
    (1.530808e-20 2.500000e-04 0.000000e+00) // 1
    (-2.500000e-04 3.061617e-20 0.000000e+00) // 2
    (-4.592425e-20 -2.500000e-04 0.000000e+00) // 3
    (1.875000e-04 0.000000e+00 0.000000e+00) // 4
    (1.148106e-20 1.875000e-04 0.000000e+00) // 5
    (-1.875000e-04 2.296213e-20 0.000000e+00) // 6
    (-3.444319e-20 -1.875000e-04 0.000000e+00) // 7
    (2.500000e-04 0.000000e+00 2.531646e-04) // 8
    (1.530808e-20 2.500000e-04 2.531646e-04) // 9
    (-2.500000e-04 3.061617e-20 2.531646e-04) // 10
    (-4.592425e-20 -2.500000e-04 2.531646e-04) // 11
    (1.875000e-04 0.000000e+00 2.531646e-04) // 12
    (1.148106e-20 1.875000e-04 2.531646e-04) // 13
    (-1.875000e-04 2.296213e-20 2.531646e-04) // 14
    (-3.444319e-20 -1.875000e-04 2.531646e-04) // 15
    (2.500000e-04 0.000000e+00 5.063291e-04) // 16
    (1.530808e-20 2.500000e-04 5.063291e-04) // 17
    (-2.500000e-04 3.061617e-20 5.063291e-04) // 18
    (-4.592425e-20 -2.500000e-04 5.063291e-04) // 19
    (1.875000e-04 0.000000e+00 5.063291e-04) // 20
    (1.148106e-20 1.875000e-04 5.063291e-04) // 21
    (-1.875000e-04 2.296213e-20 5.063291e-04) // 22
    (-3.444319e-20 -1.875000e-04 5.063291e-04) // 23
    (2.500000e-04 0.000000e+00 7.594937e-04) // 24
    (1.530808e-20 2.500000e-04 7.594937e-04) // 25
    (-2.500000e-04 3.061617e-20 7.594937e-04) // 26
    (-4.592425e-20 -2.500000e-04 7.594937e-04) // 27
    (1.875000e-04 0.000000e+00 7.594937e-04) // 28
    (1.148106e-20 1.875000e-04 7.594937e-04) // 29
    (-1.875000e-04 2.296213e-20 7.594937e-04) // 30
    (-3.444319e-20 -1.875000e-04 7.594937e-04) // 31
    (2.500000e-04 0.000000e+00 1.012658e-03) // 32
    (1.530808e-20 2.500000e-04 1.012658e-03) // 33
    (-2.500000e-04 3.061617e-20 1.012658e-03) // 34
    (-4.592425e-20 -2.500000e-04 1.012658e-03) // 35
    (1.875000e-04 0.000000e+00 1.012658e-03) // 36
    (1.148106e-20 1.875000e-04 1.012658e-03) // 37
    (-1.875000e-04 2.296213e-20 1.012658e-03) // 38
    (-3.444319e-20 -1.875000e-04 1.012658e-03) // 39
    (2.500000e-04 0.000000e+00 1.265823e-03) // 40
    (1.530808e-20 2.500000e-04 1.265823e-03) // 41
    (-2.500000e-04 3.061617e-20 1.265823e-03) // 42
    (-4.592425e-20 -2.500000e-04 1.265823e-03) // 43
    (1.875000e-04 0.000000e+00 1.265823e-03) // 44
    (1.148106e-20 1.875000e-04 1.265823e-03) // 45
    (-1.875000e-04 2.296213e-20 1.265823e-03) // 46
    (-3.444319e-20 -1.875000e-04 1.265823e-03) // 47
    (2.500000e-04 0.000000e+00 1.518987e-03) // 48
    (1.530808e-20 2.500000e-04 1.518987e-03) // 49
    (-2.500000e-04 3.061617e-20 1.518987e-03) // 50
    (-4.592425e-20 -2.500000e-04 1.518987e-03) // 51
    (1.875000e-04 0.000000e+00 1.518987e-03) // 52
    (1.148106e-20 1.875000e-04 1.518987e-03) // 53
    (-1.875000e-04 2.296213e-20 1.518987e-03) // 54
    (-3.444319e-20 -1.875000e-04 1.518987e-03) // 55
    (2.500000e-04 0.000000e+00 1.772152e-03) // 56
    (1.530808e-20 2.500000e-04 1.772152e-03) // 57
    (-2.500000e-04 3.061617e-20 1.772152e-03) // 58
    (-4.592425e-20 -2.500000e-04 1.772152e-03) // 59
    (1.875000e-04 0.000000e+00 1.772152e-03) // 60
    (1.148106e-20 1.875000e-04 1.772152e-03) // 61
    (-1.875000e-04 2.296213e-20 1.772152e-03) // 62
    (-3.444319e-20 -1.875000e-04 1.772152e-03) // 63
    (2.500000e-04 0.000000e+00 2.025316e-03) // 64
    (1.530808e-20 2.500000e-04 2.025316e-03) // 65
    (-2.500000e-04 3.061617e-20 2.025316e-03) // 66
    (-4.592425e-20 -2.500000e-04 2.025316e-03) // 67
    (1.875000e-04 0.000000e+00 2.025316e-03) // 68
    (1.148106e-20 1.875000e-04 2.025316e-03) // 69
    (-1.875000e-04 2.296213e-20 2.025316e-03) // 70
    (-3.444319e-20 -1.875000e-04 2.025316e-03) // 71
    (2.500000e-04 0.000000e+00 2.278481e-03) // 72
    (1.530808e-20 2.500000e-04 2.278481e-03) // 73
    (-2.500000e-04 3.061617e-20 2.278481e-03) // 74
    (-4.592425e-20 -2.500000e-04 2.278481e-03) // 75
    (1.875000e-04 0.000000e+00 2.278481e-03) // 76
    (1.148106e-20 1.875000e-04 2.278481e-03) // 77
    (-1.875000e-04 2.296213e-20 2.278481e-03) // 78
    (-3.444319e-20 -1.875000e-04 2.278481e-03) // 79
    (2.500000e-04 0.000000e+00 2.531646e-03) // 80
    (1.530808e-20 2.500000e-04 2.531646e-03) // 81
    (-2.500000e-04 3.061617e-20 2.531646e-03) // 82
    (-4.592425e-20 -2.500000e-04 2.531646e-03) // 83
    (1.875000e-04 0.000000e+00 2.531646e-03) // 84
    (1.148106e-20 1.875000e-04 2.531646e-03) // 85
    (-1.875000e-04 2.296213e-20 2.531646e-03) // 86
    (-3.444319e-20 -1.875000e-04 2.531646e-03) // 87
    (2.500000e-04 0.000000e+00 2.784810e-03) // 88
    (1.530808e-20 2.500000e-04 2.784810e-03) // 89
    (-2.500000e-04 3.061617e-20 2.784810e-03) // 90
    (-4.592425e-20 -2.500000e-04 2.784810e-03) // 91
    (1.875000e-04 0.000000e+00 2.784810e-03) // 92
    (1.148106e-20 1.875000e-04 2.784810e-03) // 93
    (-1.875000e-04 2.296213e-20 2.784810e-03) // 94
    (-3.444319e-20 -1.875000e-04 2.784810e-03) // 95
    (2.500000e-04 0.000000e+00 3.037975e-03) // 96
    (1.530808e-20 2.500000e-04 3.037975e-03) // 97
    (-2.500000e-04 3.061617e-20 3.037975e-03) // 98
    (-4.592425e-20 -2.500000e-04 3.037975e-03) // 99
    (1.875000e-04 0.000000e+00 3.037975e-03) // 100
    (1.148106e-20 1.875000e-04 3.037975e-03) // 101
    (-1.875000e-04 2.296213e-20 3.037975e-03) // 102
    (-3.444319e-20 -1.875000e-04 3.037975e-03) // 103
    (2.500000e-04 0.000000e+00 3.291139e-03) // 104
    (1.530808e-20 2.500000e-04 3.291139e-03) // 105
    (-2.500000e-04 3.061617e-20 3.291139e-03) // 106
    (-4.592425e-20 -2.500000e-04 3.291139e-03) // 107
    (1.875000e-04 0.000000e+00 3.291139e-03) // 108
    (1.148106e-20 1.875000e-04 3.291139e-03) // 109
    (-1.875000e-04 2.296213e-20 3.291139e-03) // 110
    (-3.444319e-20 -1.875000e-04 3.291139e-03) // 111
    (2.500000e-04 0.000000e+00 3.544304e-03) // 112
    (1.530808e-20 2.500000e-04 3.544304e-03) // 113
    (-2.500000e-04 3.061617e-20 3.544304e-03) // 114
    (-4.592425e-20 -2.500000e-04 3.544304e-03) // 115
    (1.875000e-04 0.000000e+00 3.544304e-03) // 116
    (1.148106e-20 1.875000e-04 3.544304e-03) // 117
    (-1.875000e-04 2.296213e-20 3.544304e-03) // 118
    (-3.444319e-20 -1.875000e-04 3.544304e-03) // 119
    (2.500000e-04 0.000000e+00 3.797468e-03) // 120
    (1.530808e-20 2.500000e-04 3.797468e-03) // 121
    (-2.500000e-04 3.061617e-20 3.797468e-03) // 122
    (-4.592425e-20 -2.500000e-04 3.797468e-03) // 123
    (1.875000e-04 0.000000e+00 3.797468e-03) // 124
    (1.148106e-20 1.875000e-04 3.797468e-03) // 125
    (-1.875000e-04 2.296213e-20 3.797468e-03) // 126
    (-3.444319e-20 -1.875000e-04 3.797468e-03) // 127
    (2.500000e-04 0.000000e+00 4.050633e-03) // 128
    (1.530808e-20 2.500000e-04 4.050633e-03) // 129
    (-2.500000e-04 3.061617e-20 4.050633e-03) // 130
    (-4.592425e-20 -2.500000e-04 4.050633e-03) // 131
    (1.875000e-04 0.000000e+00 4.050633e-03) // 132
    (1.148106e-20 1.875000e-04 4.050633e-03) // 133
    (-1.875000e-04 2.296213e-20 4.050633e-03) // 134
    (-3.444319e-20 -1.875000e-04 4.050633e-03) // 135
    (2.500000e-04 0.000000e+00 4.303797e-03) // 136
    (1.530808e-20 2.500000e-04 4.303797e-03) // 137
    (-2.500000e-04 3.061617e-20 4.303797e-03) // 138
    (-4.592425e-20 -2.500000e-04 4.303797e-03) // 139
    (1.875000e-04 0.000000e+00 4.303797e-03) // 140
    (1.148106e-20 1.875000e-04 4.303797e-03) // 141
    (-1.875000e-04 2.296213e-20 4.303797e-03) // 142
    (-3.444319e-20 -1.875000e-04 4.303797e-03) // 143
    (2.500000e-04 0.000000e+00 4.556962e-03) // 144
    (1.530808e-20 2.500000e-04 4.556962e-03) // 145
    (-2.500000e-04 3.061617e-20 4.556962e-03) // 146
    (-4.592425e-20 -2.500000e-04 4.556962e-03) // 147
    (1.875000e-04 0.000000e+00 4.556962e-03) // 148
    (1.148106e-20 1.875000e-04 4.556962e-03) // 149
    (-1.875000e-04 2.296213e-20 4.556962e-03) // 150
    (-3.444319e-20 -1.875000e-04 4.556962e-03) // 151
    (2.500000e-04 0.000000e+00 4.810127e-03) // 152
    (1.530808e-20 2.500000e-04 4.810127e-03) // 153
    (-2.500000e-04 3.061617e-20 4.810127e-03) // 154
    (-4.592425e-20 -2.500000e-04 4.810127e-03) // 155
    (1.875000e-04 0.000000e+00 4.810127e-03) // 156
    (1.148106e-20 1.875000e-04 4.810127e-03) // 157
    (-1.875000e-04 2.296213e-20 4.810127e-03) // 158
    (-3.444319e-20 -1.875000e-04 4.810127e-03) // 159
    (2.500000e-04 0.000000e+00 5.063291e-03) // 160
    (1.530808e-20 2.500000e-04 5.063291e-03) // 161
    (-2.500000e-04 3.061617e-20 5.063291e-03) // 162
    (-4.592425e-20 -2.500000e-04 5.063291e-03) // 163
    (1.875000e-04 0.000000e+00 5.063291e-03) // 164
    (1.148106e-20 1.875000e-04 5.063291e-03) // 165
    (-1.875000e-04 2.296213e-20 5.063291e-03) // 166
    (-3.444319e-20 -1.875000e-04 5.063291e-03) // 167
    (2.500000e-04 0.000000e+00 5.316456e-03) // 168
    (1.530808e-20 2.500000e-04 5.316456e-03) // 169
    (-2.500000e-04 3.061617e-20 5.316456e-03) // 170
    (-4.592425e-20 -2.500000e-04 5.316456e-03) // 171
    (1.875000e-04 0.000000e+00 5.316456e-03) // 172
    (1.148106e-20 1.875000e-04 5.316456e-03) // 173
    (-1.875000e-04 2.296213e-20 5.316456e-03) // 174
    (-3.444319e-20 -1.875000e-04 5.316456e-03) // 175
    (2.500000e-04 0.000000e+00 5.569620e-03) // 176
    (1.530808e-20 2.500000e-04 5.569620e-03) // 177
    (-2.500000e-04 3.061617e-20 5.569620e-03) // 178
    (-4.592425e-20 -2.500000e-04 5.569620e-03) // 179
    (1.875000e-04 0.000000e+00 5.569620e-03) // 180
    (1.148106e-20 1.875000e-04 5.569620e-03) // 181
    (-1.875000e-04 2.296213e-20 5.569620e-03) // 182
    (-3.444319e-20 -1.875000e-04 5.569620e-03) // 183
    (2.500000e-04 0.000000e+00 5.822785e-03) // 184
    (1.530808e-20 2.500000e-04 5.822785e-03) // 185
    (-2.500000e-04 3.061617e-20 5.822785e-03) // 186
    (-4.592425e-20 -2.500000e-04 5.822785e-03) // 187
    (1.875000e-04 0.000000e+00 5.822785e-03) // 188
    (1.148106e-20 1.875000e-04 5.822785e-03) // 189
    (-1.875000e-04 2.296213e-20 5.822785e-03) // 190
    (-3.444319e-20 -1.875000e-04 5.822785e-03) // 191
    (2.500000e-04 0.000000e+00 6.075949e-03) // 192
    (1.530808e-20 2.500000e-04 6.075949e-03) // 193
    (-2.500000e-04 3.061617e-20 6.075949e-03) // 194
    (-4.592425e-20 -2.500000e-04 6.075949e-03) // 195
    (1.875000e-04 0.000000e+00 6.075949e-03) // 196
    (1.148106e-20 1.875000e-04 6.075949e-03) // 197
    (-1.875000e-04 2.296213e-20 6.075949e-03) // 198
    (-3.444319e-20 -1.875000e-04 6.075949e-03) // 199
    (2.500000e-04 0.000000e+00 6.329114e-03) // 200
    (1.530808e-20 2.500000e-04 6.329114e-03) // 201
    (-2.500000e-04 3.061617e-20 6.329114e-03) // 202
    (-4.592425e-20 -2.500000e-04 6.329114e-03) // 203
    (1.875000e-04 0.000000e+00 6.329114e-03) // 204
    (1.148106e-20 1.875000e-04 6.329114e-03) // 205
    (-1.875000e-04 2.296213e-20 6.329114e-03) // 206
    (-3.444319e-20 -1.875000e-04 6.329114e-03) // 207
    (2.500000e-04 0.000000e+00 6.582278e-03) // 208
    (1.530808e-20 2.500000e-04 6.582278e-03) // 209
    (-2.500000e-04 3.061617e-20 6.582278e-03) // 210
    (-4.592425e-20 -2.500000e-04 6.582278e-03) // 211
    (1.875000e-04 0.000000e+00 6.582278e-03) // 212
    (1.148106e-20 1.875000e-04 6.582278e-03) // 213
    (-1.875000e-04 2.296213e-20 6.582278e-03) // 214
    (-3.444319e-20 -1.875000e-04 6.582278e-03) // 215
    (2.500000e-04 0.000000e+00 6.835443e-03) // 216
    (1.530808e-20 2.500000e-04 6.835443e-03) // 217
    (-2.500000e-04 3.061617e-20 6.835443e-03) // 218
    (-4.592425e-20 -2.500000e-04 6.835443e-03) // 219
    (1.875000e-04 0.000000e+00 6.835443e-03) // 220
    (1.148106e-20 1.875000e-04 6.835443e-03) // 221
    (-1.875000e-04 2.296213e-20 6.835443e-03) // 222
    (-3.444319e-20 -1.875000e-04 6.835443e-03) // 223
    (2.500000e-04 0.000000e+00 7.088608e-03) // 224
    (1.530808e-20 2.500000e-04 7.088608e-03) // 225
    (-2.500000e-04 3.061617e-20 7.088608e-03) // 226
    (-4.592425e-20 -2.500000e-04 7.088608e-03) // 227
    (1.875000e-04 0.000000e+00 7.088608e-03) // 228
    (1.148106e-20 1.875000e-04 7.088608e-03) // 229
    (-1.875000e-04 2.296213e-20 7.088608e-03) // 230
    (-3.444319e-20 -1.875000e-04 7.088608e-03) // 231
    (2.500000e-04 0.000000e+00 7.341772e-03) // 232
    (1.530808e-20 2.500000e-04 7.341772e-03) // 233
    (-2.500000e-04 3.061617e-20 7.341772e-03) // 234
    (-4.592425e-20 -2.500000e-04 7.341772e-03) // 235
    (1.875000e-04 0.000000e+00 7.341772e-03) // 236
    (1.148106e-20 1.875000e-04 7.341772e-03) // 237
    (-1.875000e-04 2.296213e-20 7.341772e-03) // 238
    (-3.444319e-20 -1.875000e-04 7.341772e-03) // 239
    (2.500000e-04 0.000000e+00 7.594937e-03) // 240
    (1.530808e-20 2.500000e-04 7.594937e-03) // 241
    (-2.500000e-04 3.061617e-20 7.594937e-03) // 242
    (-4.592425e-20 -2.500000e-04 7.594937e-03) // 243
    (1.875000e-04 0.000000e+00 7.594937e-03) // 244
    (1.148106e-20 1.875000e-04 7.594937e-03) // 245
    (-1.875000e-04 2.296213e-20 7.594937e-03) // 246
    (-3.444319e-20 -1.875000e-04 7.594937e-03) // 247
    (2.500000e-04 0.000000e+00 7.848101e-03) // 248
    (1.530808e-20 2.500000e-04 7.848101e-03) // 249
    (-2.500000e-04 3.061617e-20 7.848101e-03) // 250
    (-4.592425e-20 -2.500000e-04 7.848101e-03) // 251
    (1.875000e-04 0.000000e+00 7.848101e-03) // 252
    (1.148106e-20 1.875000e-04 7.848101e-03) // 253
    (-1.875000e-04 2.296213e-20 7.848101e-03) // 254
    (-3.444319e-20 -1.875000e-04 7.848101e-03) // 255
    (2.500000e-04 0.000000e+00 8.101266e-03) // 256
    (1.530808e-20 2.500000e-04 8.101266e-03) // 257
    (-2.500000e-04 3.061617e-20 8.101266e-03) // 258
    (-4.592425e-20 -2.500000e-04 8.101266e-03) // 259
    (1.875000e-04 0.000000e+00 8.101266e-03) // 260
    (1.148106e-20 1.875000e-04 8.101266e-03) // 261
    (-1.875000e-04 2.296213e-20 8.101266e-03) // 262
    (-3.444319e-20 -1.875000e-04 8.101266e-03) // 263
    (2.500000e-04 0.000000e+00 8.354430e-03) // 264
    (1.530808e-20 2.500000e-04 8.354430e-03) // 265
    (-2.500000e-04 3.061617e-20 8.354430e-03) // 266
    (-4.592425e-20 -2.500000e-04 8.354430e-03) // 267
    (1.875000e-04 0.000000e+00 8.354430e-03) // 268
    (1.148106e-20 1.875000e-04 8.354430e-03) // 269
    (-1.875000e-04 2.296213e-20 8.354430e-03) // 270
    (-3.444319e-20 -1.875000e-04 8.354430e-03) // 271
    (2.500000e-04 0.000000e+00 8.607595e-03) // 272
    (1.530808e-20 2.500000e-04 8.607595e-03) // 273
    (-2.500000e-04 3.061617e-20 8.607595e-03) // 274
    (-4.592425e-20 -2.500000e-04 8.607595e-03) // 275
    (1.875000e-04 0.000000e+00 8.607595e-03) // 276
    (1.148106e-20 1.875000e-04 8.607595e-03) // 277
    (-1.875000e-04 2.296213e-20 8.607595e-03) // 278
    (-3.444319e-20 -1.875000e-04 8.607595e-03) // 279
    (2.500000e-04 0.000000e+00 8.860759e-03) // 280
    (1.530808e-20 2.500000e-04 8.860759e-03) // 281
    (-2.500000e-04 3.061617e-20 8.860759e-03) // 282
    (-4.592425e-20 -2.500000e-04 8.860759e-03) // 283
    (1.875000e-04 0.000000e+00 8.860759e-03) // 284
    (1.148106e-20 1.875000e-04 8.860759e-03) // 285
    (-1.875000e-04 2.296213e-20 8.860759e-03) // 286
    (-3.444319e-20 -1.875000e-04 8.860759e-03) // 287
    (2.500000e-04 0.000000e+00 9.113924e-03) // 288
    (1.530808e-20 2.500000e-04 9.113924e-03) // 289
    (-2.500000e-04 3.061617e-20 9.113924e-03) // 290
    (-4.592425e-20 -2.500000e-04 9.113924e-03) // 291
    (1.875000e-04 0.000000e+00 9.113924e-03) // 292
    (1.148106e-20 1.875000e-04 9.113924e-03) // 293
    (-1.875000e-04 2.296213e-20 9.113924e-03) // 294
    (-3.444319e-20 -1.875000e-04 9.113924e-03) // 295
    (2.500000e-04 0.000000e+00 9.367089e-03) // 296
    (1.530808e-20 2.500000e-04 9.367089e-03) // 297
    (-2.500000e-04 3.061617e-20 9.367089e-03) // 298
    (-4.592425e-20 -2.500000e-04 9.367089e-03) // 299
    (1.875000e-04 0.000000e+00 9.367089e-03) // 300
    (1.148106e-20 1.875000e-04 9.367089e-03) // 301
    (-1.875000e-04 2.296213e-20 9.367089e-03) // 302
    (-3.444319e-20 -1.875000e-04 9.367089e-03) // 303
    (2.500000e-04 0.000000e+00 9.620253e-03) // 304
    (1.530808e-20 2.500000e-04 9.620253e-03) // 305
    (-2.500000e-04 3.061617e-20 9.620253e-03) // 306
    (-4.592425e-20 -2.500000e-04 9.620253e-03) // 307
    (1.875000e-04 0.000000e+00 9.620253e-03) // 308
    (1.148106e-20 1.875000e-04 9.620253e-03) // 309
    (-1.875000e-04 2.296213e-20 9.620253e-03) // 310
    (-3.444319e-20 -1.875000e-04 9.620253e-03) // 311
    (2.500000e-04 0.000000e+00 9.873418e-03) // 312
    (1.530808e-20 2.500000e-04 9.873418e-03) // 313
    (-2.500000e-04 3.061617e-20 9.873418e-03) // 314
    (-4.592425e-20 -2.500000e-04 9.873418e-03) // 315
    (1.875000e-04 0.000000e+00 9.873418e-03) // 316
    (1.148106e-20 1.875000e-04 9.873418e-03) // 317
    (-1.875000e-04 2.296213e-20 9.873418e-03) // 318
    (-3.444319e-20 -1.875000e-04 9.873418e-03) // 319
    (2.500000e-04 0.000000e+00 1.012658e-02) // 320
    (1.530808e-20 2.500000e-04 1.012658e-02) // 321
    (-2.500000e-04 3.061617e-20 1.012658e-02) // 322
    (-4.592425e-20 -2.500000e-04 1.012658e-02) // 323
    (1.875000e-04 0.000000e+00 1.012658e-02) // 324
    (1.148106e-20 1.875000e-04 1.012658e-02) // 325
    (-1.875000e-04 2.296213e-20 1.012658e-02) // 326
    (-3.444319e-20 -1.875000e-04 1.012658e-02) // 327
    (2.500000e-04 0.000000e+00 1.037975e-02) // 328
    (1.530808e-20 2.500000e-04 1.037975e-02) // 329
    (-2.500000e-04 3.061617e-20 1.037975e-02) // 330
    (-4.592425e-20 -2.500000e-04 1.037975e-02) // 331
    (1.875000e-04 0.000000e+00 1.037975e-02) // 332
    (1.148106e-20 1.875000e-04 1.037975e-02) // 333
    (-1.875000e-04 2.296213e-20 1.037975e-02) // 334
    (-3.444319e-20 -1.875000e-04 1.037975e-02) // 335
    (2.500000e-04 0.000000e+00 1.063291e-02) // 336
    (1.530808e-20 2.500000e-04 1.063291e-02) // 337
    (-2.500000e-04 3.061617e-20 1.063291e-02) // 338
    (-4.592425e-20 -2.500000e-04 1.063291e-02) // 339
    (1.875000e-04 0.000000e+00 1.063291e-02) // 340
    (1.148106e-20 1.875000e-04 1.063291e-02) // 341
    (-1.875000e-04 2.296213e-20 1.063291e-02) // 342
    (-3.444319e-20 -1.875000e-04 1.063291e-02) // 343
    (2.500000e-04 0.000000e+00 1.088608e-02) // 344
    (1.530808e-20 2.500000e-04 1.088608e-02) // 345
    (-2.500000e-04 3.061617e-20 1.088608e-02) // 346
    (-4.592425e-20 -2.500000e-04 1.088608e-02) // 347
    (1.875000e-04 0.000000e+00 1.088608e-02) // 348
    (1.148106e-20 1.875000e-04 1.088608e-02) // 349
    (-1.875000e-04 2.296213e-20 1.088608e-02) // 350
    (-3.444319e-20 -1.875000e-04 1.088608e-02) // 351
    (2.500000e-04 0.000000e+00 1.113924e-02) // 352
    (1.530808e-20 2.500000e-04 1.113924e-02) // 353
    (-2.500000e-04 3.061617e-20 1.113924e-02) // 354
    (-4.592425e-20 -2.500000e-04 1.113924e-02) // 355
    (1.875000e-04 0.000000e+00 1.113924e-02) // 356
    (1.148106e-20 1.875000e-04 1.113924e-02) // 357
    (-1.875000e-04 2.296213e-20 1.113924e-02) // 358
    (-3.444319e-20 -1.875000e-04 1.113924e-02) // 359
    (2.500000e-04 0.000000e+00 1.139241e-02) // 360
    (1.530808e-20 2.500000e-04 1.139241e-02) // 361
    (-2.500000e-04 3.061617e-20 1.139241e-02) // 362
    (-4.592425e-20 -2.500000e-04 1.139241e-02) // 363
    (1.875000e-04 0.000000e+00 1.139241e-02) // 364
    (1.148106e-20 1.875000e-04 1.139241e-02) // 365
    (-1.875000e-04 2.296213e-20 1.139241e-02) // 366
    (-3.444319e-20 -1.875000e-04 1.139241e-02) // 367
    (2.500000e-04 0.000000e+00 1.164557e-02) // 368
    (1.530808e-20 2.500000e-04 1.164557e-02) // 369
    (-2.500000e-04 3.061617e-20 1.164557e-02) // 370
    (-4.592425e-20 -2.500000e-04 1.164557e-02) // 371
    (1.875000e-04 0.000000e+00 1.164557e-02) // 372
    (1.148106e-20 1.875000e-04 1.164557e-02) // 373
    (-1.875000e-04 2.296213e-20 1.164557e-02) // 374
    (-3.444319e-20 -1.875000e-04 1.164557e-02) // 375
    (2.500000e-04 0.000000e+00 1.189873e-02) // 376
    (1.530808e-20 2.500000e-04 1.189873e-02) // 377
    (-2.500000e-04 3.061617e-20 1.189873e-02) // 378
    (-4.592425e-20 -2.500000e-04 1.189873e-02) // 379
    (1.875000e-04 0.000000e+00 1.189873e-02) // 380
    (1.148106e-20 1.875000e-04 1.189873e-02) // 381
    (-1.875000e-04 2.296213e-20 1.189873e-02) // 382
    (-3.444319e-20 -1.875000e-04 1.189873e-02) // 383
    (2.500000e-04 0.000000e+00 1.215190e-02) // 384
    (1.530808e-20 2.500000e-04 1.215190e-02) // 385
    (-2.500000e-04 3.061617e-20 1.215190e-02) // 386
    (-4.592425e-20 -2.500000e-04 1.215190e-02) // 387
    (1.875000e-04 0.000000e+00 1.215190e-02) // 388
    (1.148106e-20 1.875000e-04 1.215190e-02) // 389
    (-1.875000e-04 2.296213e-20 1.215190e-02) // 390
    (-3.444319e-20 -1.875000e-04 1.215190e-02) // 391
    (2.500000e-04 0.000000e+00 1.240506e-02) // 392
    (1.530808e-20 2.500000e-04 1.240506e-02) // 393
    (-2.500000e-04 3.061617e-20 1.240506e-02) // 394
    (-4.592425e-20 -2.500000e-04 1.240506e-02) // 395
    (1.875000e-04 0.000000e+00 1.240506e-02) // 396
    (1.148106e-20 1.875000e-04 1.240506e-02) // 397
    (-1.875000e-04 2.296213e-20 1.240506e-02) // 398
    (-3.444319e-20 -1.875000e-04 1.240506e-02) // 399
    (2.500000e-04 0.000000e+00 1.265823e-02) // 400
    (1.530808e-20 2.500000e-04 1.265823e-02) // 401
    (-2.500000e-04 3.061617e-20 1.265823e-02) // 402
    (-4.592425e-20 -2.500000e-04 1.265823e-02) // 403
    (1.875000e-04 0.000000e+00 1.265823e-02) // 404
    (1.148106e-20 1.875000e-04 1.265823e-02) // 405
    (-1.875000e-04 2.296213e-20 1.265823e-02) // 406
    (-3.444319e-20 -1.875000e-04 1.265823e-02) // 407
    (2.500000e-04 0.000000e+00 1.291139e-02) // 408
    (1.530808e-20 2.500000e-04 1.291139e-02) // 409
    (-2.500000e-04 3.061617e-20 1.291139e-02) // 410
    (-4.592425e-20 -2.500000e-04 1.291139e-02) // 411
    (1.875000e-04 0.000000e+00 1.291139e-02) // 412
    (1.148106e-20 1.875000e-04 1.291139e-02) // 413
    (-1.875000e-04 2.296213e-20 1.291139e-02) // 414
    (-3.444319e-20 -1.875000e-04 1.291139e-02) // 415
    (2.500000e-04 0.000000e+00 1.316456e-02) // 416
    (1.530808e-20 2.500000e-04 1.316456e-02) // 417
    (-2.500000e-04 3.061617e-20 1.316456e-02) // 418
    (-4.592425e-20 -2.500000e-04 1.316456e-02) // 419
    (1.875000e-04 0.000000e+00 1.316456e-02) // 420
    (1.148106e-20 1.875000e-04 1.316456e-02) // 421
    (-1.875000e-04 2.296213e-20 1.316456e-02) // 422
    (-3.444319e-20 -1.875000e-04 1.316456e-02) // 423
    (2.500000e-04 0.000000e+00 1.341772e-02) // 424
    (1.530808e-20 2.500000e-04 1.341772e-02) // 425
    (-2.500000e-04 3.061617e-20 1.341772e-02) // 426
    (-4.592425e-20 -2.500000e-04 1.341772e-02) // 427
    (1.875000e-04 0.000000e+00 1.341772e-02) // 428
    (1.148106e-20 1.875000e-04 1.341772e-02) // 429
    (-1.875000e-04 2.296213e-20 1.341772e-02) // 430
    (-3.444319e-20 -1.875000e-04 1.341772e-02) // 431
    (2.500000e-04 0.000000e+00 1.367089e-02) // 432
    (1.530808e-20 2.500000e-04 1.367089e-02) // 433
    (-2.500000e-04 3.061617e-20 1.367089e-02) // 434
    (-4.592425e-20 -2.500000e-04 1.367089e-02) // 435
    (1.875000e-04 0.000000e+00 1.367089e-02) // 436
    (1.148106e-20 1.875000e-04 1.367089e-02) // 437
    (-1.875000e-04 2.296213e-20 1.367089e-02) // 438
    (-3.444319e-20 -1.875000e-04 1.367089e-02) // 439
    (2.500000e-04 0.000000e+00 1.392405e-02) // 440
    (1.530808e-20 2.500000e-04 1.392405e-02) // 441
    (-2.500000e-04 3.061617e-20 1.392405e-02) // 442
    (-4.592425e-20 -2.500000e-04 1.392405e-02) // 443
    (1.875000e-04 0.000000e+00 1.392405e-02) // 444
    (1.148106e-20 1.875000e-04 1.392405e-02) // 445
    (-1.875000e-04 2.296213e-20 1.392405e-02) // 446
    (-3.444319e-20 -1.875000e-04 1.392405e-02) // 447
    (2.500000e-04 0.000000e+00 1.417722e-02) // 448
    (1.530808e-20 2.500000e-04 1.417722e-02) // 449
    (-2.500000e-04 3.061617e-20 1.417722e-02) // 450
    (-4.592425e-20 -2.500000e-04 1.417722e-02) // 451
    (1.875000e-04 0.000000e+00 1.417722e-02) // 452
    (1.148106e-20 1.875000e-04 1.417722e-02) // 453
    (-1.875000e-04 2.296213e-20 1.417722e-02) // 454
    (-3.444319e-20 -1.875000e-04 1.417722e-02) // 455
    (2.500000e-04 0.000000e+00 1.443038e-02) // 456
    (1.530808e-20 2.500000e-04 1.443038e-02) // 457
    (-2.500000e-04 3.061617e-20 1.443038e-02) // 458
    (-4.592425e-20 -2.500000e-04 1.443038e-02) // 459
    (1.875000e-04 0.000000e+00 1.443038e-02) // 460
    (1.148106e-20 1.875000e-04 1.443038e-02) // 461
    (-1.875000e-04 2.296213e-20 1.443038e-02) // 462
    (-3.444319e-20 -1.875000e-04 1.443038e-02) // 463
    (2.500000e-04 0.000000e+00 1.468354e-02) // 464
    (1.530808e-20 2.500000e-04 1.468354e-02) // 465
    (-2.500000e-04 3.061617e-20 1.468354e-02) // 466
    (-4.592425e-20 -2.500000e-04 1.468354e-02) // 467
    (1.875000e-04 0.000000e+00 1.468354e-02) // 468
    (1.148106e-20 1.875000e-04 1.468354e-02) // 469
    (-1.875000e-04 2.296213e-20 1.468354e-02) // 470
    (-3.444319e-20 -1.875000e-04 1.468354e-02) // 471
    (2.500000e-04 0.000000e+00 1.493671e-02) // 472
    (1.530808e-20 2.500000e-04 1.493671e-02) // 473
    (-2.500000e-04 3.061617e-20 1.493671e-02) // 474
    (-4.592425e-20 -2.500000e-04 1.493671e-02) // 475
    (1.875000e-04 0.000000e+00 1.493671e-02) // 476
    (1.148106e-20 1.875000e-04 1.493671e-02) // 477
    (-1.875000e-04 2.296213e-20 1.493671e-02) // 478
    (-3.444319e-20 -1.875000e-04 1.493671e-02) // 479
    (2.500000e-04 0.000000e+00 1.518987e-02) // 480
    (1.530808e-20 2.500000e-04 1.518987e-02) // 481
    (-2.500000e-04 3.061617e-20 1.518987e-02) // 482
    (-4.592425e-20 -2.500000e-04 1.518987e-02) // 483
    (1.875000e-04 0.000000e+00 1.518987e-02) // 484
    (1.148106e-20 1.875000e-04 1.518987e-02) // 485
    (-1.875000e-04 2.296213e-20 1.518987e-02) // 486
    (-3.444319e-20 -1.875000e-04 1.518987e-02) // 487
    (2.500000e-04 0.000000e+00 1.544304e-02) // 488
    (1.530808e-20 2.500000e-04 1.544304e-02) // 489
    (-2.500000e-04 3.061617e-20 1.544304e-02) // 490
    (-4.592425e-20 -2.500000e-04 1.544304e-02) // 491
    (1.875000e-04 0.000000e+00 1.544304e-02) // 492
    (1.148106e-20 1.875000e-04 1.544304e-02) // 493
    (-1.875000e-04 2.296213e-20 1.544304e-02) // 494
    (-3.444319e-20 -1.875000e-04 1.544304e-02) // 495
    (2.500000e-04 0.000000e+00 1.569620e-02) // 496
    (1.530808e-20 2.500000e-04 1.569620e-02) // 497
    (-2.500000e-04 3.061617e-20 1.569620e-02) // 498
    (-4.592425e-20 -2.500000e-04 1.569620e-02) // 499
    (1.875000e-04 0.000000e+00 1.569620e-02) // 500
    (1.148106e-20 1.875000e-04 1.569620e-02) // 501
    (-1.875000e-04 2.296213e-20 1.569620e-02) // 502
    (-3.444319e-20 -1.875000e-04 1.569620e-02) // 503
    (2.500000e-04 0.000000e+00 1.594937e-02) // 504
    (1.530808e-20 2.500000e-04 1.594937e-02) // 505
    (-2.500000e-04 3.061617e-20 1.594937e-02) // 506
    (-4.592425e-20 -2.500000e-04 1.594937e-02) // 507
    (1.875000e-04 0.000000e+00 1.594937e-02) // 508
    (1.148106e-20 1.875000e-04 1.594937e-02) // 509
    (-1.875000e-04 2.296213e-20 1.594937e-02) // 510
    (-3.444319e-20 -1.875000e-04 1.594937e-02) // 511
    (2.500000e-04 0.000000e+00 1.620253e-02) // 512
    (1.530808e-20 2.500000e-04 1.620253e-02) // 513
    (-2.500000e-04 3.061617e-20 1.620253e-02) // 514
    (-4.592425e-20 -2.500000e-04 1.620253e-02) // 515
    (1.875000e-04 0.000000e+00 1.620253e-02) // 516
    (1.148106e-20 1.875000e-04 1.620253e-02) // 517
    (-1.875000e-04 2.296213e-20 1.620253e-02) // 518
    (-3.444319e-20 -1.875000e-04 1.620253e-02) // 519
    (2.500000e-04 0.000000e+00 1.645570e-02) // 520
    (1.530808e-20 2.500000e-04 1.645570e-02) // 521
    (-2.500000e-04 3.061617e-20 1.645570e-02) // 522
    (-4.592425e-20 -2.500000e-04 1.645570e-02) // 523
    (1.875000e-04 0.000000e+00 1.645570e-02) // 524
    (1.148106e-20 1.875000e-04 1.645570e-02) // 525
    (-1.875000e-04 2.296213e-20 1.645570e-02) // 526
    (-3.444319e-20 -1.875000e-04 1.645570e-02) // 527
    (2.500000e-04 0.000000e+00 1.670886e-02) // 528
    (1.530808e-20 2.500000e-04 1.670886e-02) // 529
    (-2.500000e-04 3.061617e-20 1.670886e-02) // 530
    (-4.592425e-20 -2.500000e-04 1.670886e-02) // 531
    (1.875000e-04 0.000000e+00 1.670886e-02) // 532
    (1.148106e-20 1.875000e-04 1.670886e-02) // 533
    (-1.875000e-04 2.296213e-20 1.670886e-02) // 534
    (-3.444319e-20 -1.875000e-04 1.670886e-02) // 535
    (2.500000e-04 0.000000e+00 1.696203e-02) // 536
    (1.530808e-20 2.500000e-04 1.696203e-02) // 537
    (-2.500000e-04 3.061617e-20 1.696203e-02) // 538
    (-4.592425e-20 -2.500000e-04 1.696203e-02) // 539
    (1.875000e-04 0.000000e+00 1.696203e-02) // 540
    (1.148106e-20 1.875000e-04 1.696203e-02) // 541
    (-1.875000e-04 2.296213e-20 1.696203e-02) // 542
    (-3.444319e-20 -1.875000e-04 1.696203e-02) // 543
    (2.500000e-04 0.000000e+00 1.721519e-02) // 544
    (1.530808e-20 2.500000e-04 1.721519e-02) // 545
    (-2.500000e-04 3.061617e-20 1.721519e-02) // 546
    (-4.592425e-20 -2.500000e-04 1.721519e-02) // 547
    (1.875000e-04 0.000000e+00 1.721519e-02) // 548
    (1.148106e-20 1.875000e-04 1.721519e-02) // 549
    (-1.875000e-04 2.296213e-20 1.721519e-02) // 550
    (-3.444319e-20 -1.875000e-04 1.721519e-02) // 551
    (2.500000e-04 0.000000e+00 1.746835e-02) // 552
    (1.530808e-20 2.500000e-04 1.746835e-02) // 553
    (-2.500000e-04 3.061617e-20 1.746835e-02) // 554
    (-4.592425e-20 -2.500000e-04 1.746835e-02) // 555
    (1.875000e-04 0.000000e+00 1.746835e-02) // 556
    (1.148106e-20 1.875000e-04 1.746835e-02) // 557
    (-1.875000e-04 2.296213e-20 1.746835e-02) // 558
    (-3.444319e-20 -1.875000e-04 1.746835e-02) // 559
    (2.500000e-04 0.000000e+00 1.772152e-02) // 560
    (1.530808e-20 2.500000e-04 1.772152e-02) // 561
    (-2.500000e-04 3.061617e-20 1.772152e-02) // 562
    (-4.592425e-20 -2.500000e-04 1.772152e-02) // 563
    (1.875000e-04 0.000000e+00 1.772152e-02) // 564
    (1.148106e-20 1.875000e-04 1.772152e-02) // 565
    (-1.875000e-04 2.296213e-20 1.772152e-02) // 566
    (-3.444319e-20 -1.875000e-04 1.772152e-02) // 567
    (2.500000e-04 0.000000e+00 1.797468e-02) // 568
    (1.530808e-20 2.500000e-04 1.797468e-02) // 569
    (-2.500000e-04 3.061617e-20 1.797468e-02) // 570
    (-4.592425e-20 -2.500000e-04 1.797468e-02) // 571
    (1.875000e-04 0.000000e+00 1.797468e-02) // 572
    (1.148106e-20 1.875000e-04 1.797468e-02) // 573
    (-1.875000e-04 2.296213e-20 1.797468e-02) // 574
    (-3.444319e-20 -1.875000e-04 1.797468e-02) // 575
    (2.500000e-04 0.000000e+00 1.822785e-02) // 576
    (1.530808e-20 2.500000e-04 1.822785e-02) // 577
    (-2.500000e-04 3.061617e-20 1.822785e-02) // 578
    (-4.592425e-20 -2.500000e-04 1.822785e-02) // 579
    (1.875000e-04 0.000000e+00 1.822785e-02) // 580
    (1.148106e-20 1.875000e-04 1.822785e-02) // 581
    (-1.875000e-04 2.296213e-20 1.822785e-02) // 582
    (-3.444319e-20 -1.875000e-04 1.822785e-02) // 583
    (2.500000e-04 0.000000e+00 1.848101e-02) // 584
    (1.530808e-20 2.500000e-04 1.848101e-02) // 585
    (-2.500000e-04 3.061617e-20 1.848101e-02) // 586
    (-4.592425e-20 -2.500000e-04 1.848101e-02) // 587
    (1.875000e-04 0.000000e+00 1.848101e-02) // 588
    (1.148106e-20 1.875000e-04 1.848101e-02) // 589
    (-1.875000e-04 2.296213e-20 1.848101e-02) // 590
    (-3.444319e-20 -1.875000e-04 1.848101e-02) // 591
    (2.500000e-04 0.000000e+00 1.873418e-02) // 592
    (1.530808e-20 2.500000e-04 1.873418e-02) // 593
    (-2.500000e-04 3.061617e-20 1.873418e-02) // 594
    (-4.592425e-20 -2.500000e-04 1.873418e-02) // 595
    (1.875000e-04 0.000000e+00 1.873418e-02) // 596
    (1.148106e-20 1.875000e-04 1.873418e-02) // 597
    (-1.875000e-04 2.296213e-20 1.873418e-02) // 598
    (-3.444319e-20 -1.875000e-04 1.873418e-02) // 599
    (2.500000e-04 0.000000e+00 1.898734e-02) // 600
    (1.530808e-20 2.500000e-04 1.898734e-02) // 601
    (-2.500000e-04 3.061617e-20 1.898734e-02) // 602
    (-4.592425e-20 -2.500000e-04 1.898734e-02) // 603
    (1.875000e-04 0.000000e+00 1.898734e-02) // 604
    (1.148106e-20 1.875000e-04 1.898734e-02) // 605
    (-1.875000e-04 2.296213e-20 1.898734e-02) // 606
    (-3.444319e-20 -1.875000e-04 1.898734e-02) // 607
    (2.500000e-04 0.000000e+00 1.924051e-02) // 608
    (1.530808e-20 2.500000e-04 1.924051e-02) // 609
    (-2.500000e-04 3.061617e-20 1.924051e-02) // 610
    (-4.592425e-20 -2.500000e-04 1.924051e-02) // 611
    (1.875000e-04 0.000000e+00 1.924051e-02) // 612
    (1.148106e-20 1.875000e-04 1.924051e-02) // 613
    (-1.875000e-04 2.296213e-20 1.924051e-02) // 614
    (-3.444319e-20 -1.875000e-04 1.924051e-02) // 615
    (2.500000e-04 0.000000e+00 1.949367e-02) // 616
    (1.530808e-20 2.500000e-04 1.949367e-02) // 617
    (-2.500000e-04 3.061617e-20 1.949367e-02) // 618
    (-4.592425e-20 -2.500000e-04 1.949367e-02) // 619
    (1.875000e-04 0.000000e+00 1.949367e-02) // 620
    (1.148106e-20 1.875000e-04 1.949367e-02) // 621
    (-1.875000e-04 2.296213e-20 1.949367e-02) // 622
    (-3.444319e-20 -1.875000e-04 1.949367e-02) // 623
    (2.500000e-04 0.000000e+00 1.974684e-02) // 624
    (1.530808e-20 2.500000e-04 1.974684e-02) // 625
    (-2.500000e-04 3.061617e-20 1.974684e-02) // 626
    (-4.592425e-20 -2.500000e-04 1.974684e-02) // 627
    (1.875000e-04 0.000000e+00 1.974684e-02) // 628
    (1.148106e-20 1.875000e-04 1.974684e-02) // 629
    (-1.875000e-04 2.296213e-20 1.974684e-02) // 630
    (-3.444319e-20 -1.875000e-04 1.974684e-02) // 631
    (2.500000e-04 0.000000e+00 2.000000e-02) // 632
    (1.530808e-20 2.500000e-04 2.000000e-02) // 633
    (-2.500000e-04 3.061617e-20 2.000000e-02) // 634
    (-4.592425e-20 -2.500000e-04 2.000000e-02) // 635
    (1.875000e-04 0.000000e+00 2.000000e-02) // 636
    (1.148106e-20 1.875000e-04 2.000000e-02) // 637
    (-1.875000e-04 2.296213e-20 2.000000e-02) // 638
    (-3.444319e-20 -1.875000e-04 2.000000e-02) // 639
);

blocks
(
hex (0 1 5 4 8 9 13 12) pipe (8 8 1)  edgeGrading (1.000000 1.000000 1.000000 1.000000 28.305195 28.305195 28.305195 28.305195 1.000000 1.000000 1.000000 1.000000)
hex (1 2 6 5 9 10 14 13) pipe (8 8 1)  edgeGrading (1.000000 1.000000 1.000000 1.000000 28.305195 28.305195 28.305195 28.305195 1.000000 1.000000 1.000000 1.000000)
hex (2 3 7 6 10 11 15 14) pipe (8 8 1)  edgeGrading (1.000000 1.000000 1.000000 1.000000 28.305195 28.305195 28.305195 28.305195 1.000000 1.000000 1.000000 1.000000)
hex (3 0 4 7 11 8 12 15) pipe (8 8 1)  edgeGrading (1.000000 1.000000 1.000000 1.000000 28.305195 28.305195 28.305195 28.305195 1.000000 1.000000 1.000000 1.000000)
hex (4 5 6 7 12 13 14 15) pipe (8 8 1)  edgeGrading (1.000000 1.000000 1.000000 1.000000 1.000000 1.000000 1.000000 1.000000 1.000000 1.000000 1.000000 1.000000)
hex (8 9 13 12 16 17 21 20) pipe (8 8 1)  edgeGrading (1.000000 1.000000 1.000000 1.000000 28.305195 28.305195 28.305195 28.305195 1.000000 1.000000 1.000000 1.000000)
hex (9 10 14 13 17 18 22 21) pipe (8 8 1)  edgeGrading (1.000000 1.000000 1.000000 1.000000 28.305195 28.305195 28.305195 28.305195 1.000000 1.000000 1.000000 1.000000)
hex (10 11 15 14 18 19 23 22) pipe (8 8 1)  edgeGrading (1.000000 1.000000 1.000000 1.000000 28.305195 28.305195 28.305195 28.305195 1.000000 1.000000 1.000000 1.000000)
hex (11 8 12 15 19 16 20 23) pipe (8 8 1)  edgeGrading (1.000000 1.000000 1.000000 1.000000 28.305195 28.305195 28.305195 28.305195 1.000000 1.000000 1.000000 1.000000)
hex (12 13 14 15 20 21 22 23) pipe (8 8 1)  edgeGrading (1.000000 1.000000 1.000000 1.000000 1.000000 1.000000 1.000000 1.000000 1.000000 1.000000 1.000000 1.000000)
hex (16 17 21 20 24 25 29 28) pipe (8 8 1)  edgeGrading (1.000000 1.000000 1.000000 1.000000 28.305195 28.305195 28.305195 28.305195 1.000000 1.000000 1.000000 1.000000)
hex (17 18 22 21 25 26 30 29) pipe (8 8 1)  edgeGrading (1.000000 1.000000 1.000000 1.000000 28.305195 28.305195 28.305195 28.305195 1.000000 1.000000 1.000000 1.000000)
hex (18 19 23 22 26 27 31 30) pipe (8 8 1)  edgeGrading (1.000000 1.000000 1.000000 1.000000 28.305195 28.305195 28.305195 28.305195 1.000000 1.000000 1.000000 1.000000)
hex (19 16 20 23 27 24 28 31) pipe (8 8 1)  edgeGrading (1.000000 1.000000 1.000000 1.000000 28.305195 28.305195 28.305195 28.305195 1.000000 1.000000 1.000000 1.000000)
hex (20 21 22 23 28 29 30 31) pipe (8 8 1)  edgeGrading (1.000000 1.000000 1.000000 1.000000 1.000000 1.000000 1.000000 1.000000 1.000000 1.000000 1.000000 1.000000)
hex (24 25 29 28 32 33 37 36) pipe (8 8 1)  edgeGrading (1.000000 1.000000 1.000000 1.000000 28.305195 28.305195 28.305195 28.305195 1.000000 1.000000 1.000000 1.000000)
hex (25 26 30 29 33 34 38 37) pipe (8 8 1)  edgeGrading (1.000000 1.000000 1.000000 1.000000 28.305195 28.305195 28.305195 28.305195 1.000000 1.000000 1.000000 1.000000)
hex (26 27 31 30 34 35 39 38) pipe (8 8 1)  edgeGrading (1.000000 1.000000 1.000000 1.000000 28.305195 28.305195 28.305195 28.305195 1.000000 1.000000 1.000000 1.000000)
hex (27 24 28 31 35 32 36 39) pipe (8 8 1)  edgeGrading (1.000000 1.000000 1.000000 1.000000 28.305195 28.305195 28.305195 28.305195 1.000000 1.000000 1.000000 1.000000)
hex (28 29 30 31 36 37 38 39) pipe (8 8 1)  edgeGrading (1.000000 1.000000 1.000000 1.000000 1.000000 1.000000 1.000000 1.000000 1.000000 1.000000 1.000000 1.000000)
hex (32 33 37 36 40 41 45 44) pipe (8 8 1)  edgeGrading (1.000000 1.000000 1.000000 1.000000 28.305195 28.305195 28.305195 28.305195 1.000000 1.000000 1.000000 1.000000)
hex (33 34 38 37 41 42 46 45) pipe (8 8 1)  edgeGrading (1.000000 1.000000 1.000000 1.000000 28.305195 28.305195 28.305195 28.305195 1.000000 1.000000 1.000000 1.000000)
hex (34 35 39 38 42 43 47 46) pipe (8 8 1)  edgeGrading (1.000000 1.000000 1.000000 1.000000 28.305195 28.305195 28.305195 28.305195 1.000000 1.000000 1.000000 1.000000)
hex (35 32 36 39 43 40 44 47) pipe (8 8 1)  edgeGrading (1.000000 1.000000 1.000000 1.000000 28.305195 28.305195 28.305195 28.305195 1.000000 1.000000 1.000000 1.000000)
hex (36 37 38 39 44 45 46 47) pipe (8 8 1)  edgeGrading (1.000000 1.000000 1.000000 1.000000 1.000000 1.000000 1.000000 1.000000 1.000000 1.000000 1.000000 1.000000)
hex (40 41 45 44 48 49 53 52) pipe (8 8 1)  edgeGrading (1.000000 1.000000 1.000000 1.000000 28.305195 28.305195 28.305195 28.305195 1.000000 1.000000 1.000000 1.000000)
hex (41 42 46 45 49 50 54 53) pipe (8 8 1)  edgeGrading (1.000000 1.000000 1.000000 1.000000 28.305195 28.305195 28.305195 28.305195 1.000000 1.000000 1.000000 1.000000)
hex (42 43 47 46 50 51 55 54) pipe (8 8 1)  edgeGrading (1.000000 1.000000 1.000000 1.000000 28.305195 28.305195 28.305195 28.305195 1.000000 1.000000 1.000000 1.000000)
hex (43 40 44 47 51 48 52 55) pipe (8 8 1)  edgeGrading (1.000000 1.000000 1.000000 1.000000 28.305195 28.305195 28.305195 28.305195 1.000000 1.000000 1.000000 1.000000)
hex (44 45 46 47 52 53 54 55) pipe (8 8 1)  edgeGrading (1.000000 1.000000 1.000000 1.000000 1.000000 1.000000 1.000000 1.000000 1.000000 1.000000 1.000000 1.000000)
hex (48 49 53 52 56 57 61 60) pipe (8 8 1)  edgeGrading (1.000000 1.000000 1.000000 1.000000 28.305195 28.305195 28.305195 28.305195 1.000000 1.000000 1.000000 1.000000)
hex (49 50 54 53 57 58 62 61) pipe (8 8 1)  edgeGrading (1.000000 1.000000 1.000000 1.000000 28.305195 28.305195 28.305195 28.305195 1.000000 1.000000 1.000000 1.000000)
hex (50 51 55 54 58 59 63 62) pipe (8 8 1)  edgeGrading (1.000000 1.000000 1.000000 1.000000 28.305195 28.305195 28.305195 28.305195 1.000000 1.000000 1.000000 1.000000)
hex (51 48 52 55 59 56 60 63) pipe (8 8 1)  edgeGrading (1.000000 1.000000 1.000000 1.000000 28.305195 28.305195 28.305195 28.305195 1.000000 1.000000 1.000000 1.000000)
hex (52 53 54 55 60 61 62 63) pipe (8 8 1)  edgeGrading (1.000000 1.000000 1.000000 1.000000 1.000000 1.000000 1.000000 1.000000 1.000000 1.000000 1.000000 1.000000)
hex (56 57 61 60 64 65 69 68) pipe (8 8 1)  edgeGrading (1.000000 1.000000 1.000000 1.000000 28.305195 28.305195 28.305195 28.305195 1.000000 1.000000 1.000000 1.000000)
hex (57 58 62 61 65 66 70 69) pipe (8 8 1)  edgeGrading (1.000000 1.000000 1.000000 1.000000 28.305195 28.305195 28.305195 28.305195 1.000000 1.000000 1.000000 1.000000)
hex (58 59 63 62 66 67 71 70) pipe (8 8 1)  edgeGrading (1.000000 1.000000 1.000000 1.000000 28.305195 28.305195 28.305195 28.305195 1.000000 1.000000 1.000000 1.000000)
hex (59 56 60 63 67 64 68 71) pipe (8 8 1)  edgeGrading (1.000000 1.000000 1.000000 1.000000 28.305195 28.305195 28.305195 28.305195 1.000000 1.000000 1.000000 1.000000)
hex (60 61 62 63 68 69 70 71) pipe (8 8 1)  edgeGrading (1.000000 1.000000 1.000000 1.000000 1.000000 1.000000 1.000000 1.000000 1.000000 1.000000 1.000000 1.000000)
hex (64 65 69 68 72 73 77 76) pipe (8 8 1)  edgeGrading (1.000000 1.000000 1.000000 1.000000 28.305195 28.305195 28.305195 28.305195 1.000000 1.000000 1.000000 1.000000)
hex (65 66 70 69 73 74 78 77) pipe (8 8 1)  edgeGrading (1.000000 1.000000 1.000000 1.000000 28.305195 28.305195 28.305195 28.305195 1.000000 1.000000 1.000000 1.000000)
hex (66 67 71 70 74 75 79 78) pipe (8 8 1)  edgeGrading (1.000000 1.000000 1.000000 1.000000 28.305195 28.305195 28.305195 28.305195 1.000000 1.000000 1.000000 1.000000)
hex (67 64 68 71 75 72 76 79) pipe (8 8 1)  edgeGrading (1.000000 1.000000 1.000000 1.000000 28.305195 28.305195 28.305195 28.305195 1.000000 1.000000 1.000000 1.000000)
hex (68 69 70 71 76 77 78 79) pipe (8 8 1)  edgeGrading (1.000000 1.000000 1.000000 1.000000 1.000000 1.000000 1.000000 1.000000 1.000000 1.000000 1.000000 1.000000)
hex (72 73 77 76 80 81 85 84) pipe (8 8 1)  edgeGrading (1.000000 1.000000 1.000000 1.000000 28.305195 28.305195 28.305195 28.305195 1.000000 1.000000 1.000000 1.000000)
hex (73 74 78 77 81 82 86 85) pipe (8 8 1)  edgeGrading (1.000000 1.000000 1.000000 1.000000 28.305195 28.305195 28.305195 28.305195 1.000000 1.000000 1.000000 1.000000)
hex (74 75 79 78 82 83 87 86) pipe (8 8 1)  edgeGrading (1.000000 1.000000 1.000000 1.000000 28.305195 28.305195 28.305195 28.305195 1.000000 1.000000 1.000000 1.000000)
hex (75 72 76 79 83 80 84 87) pipe (8 8 1)  edgeGrading (1.000000 1.000000 1.000000 1.000000 28.305195 28.305195 28.305195 28.305195 1.000000 1.000000 1.000000 1.000000)
hex (76 77 78 79 84 85 86 87) pipe (8 8 1)  edgeGrading (1.000000 1.000000 1.000000 1.000000 1.000000 1.000000 1.000000 1.000000 1.000000 1.000000 1.000000 1.000000)
hex (80 81 85 84 88 89 93 92) pipe (8 8 1)  edgeGrading (1.000000 1.000000 1.000000 1.000000 28.305195 28.305195 28.305195 28.305195 1.000000 1.000000 1.000000 1.000000)
hex (81 82 86 85 89 90 94 93) pipe (8 8 1)  edgeGrading (1.000000 1.000000 1.000000 1.000000 28.305195 28.305195 28.305195 28.305195 1.000000 1.000000 1.000000 1.000000)
hex (82 83 87 86 90 91 95 94) pipe (8 8 1)  edgeGrading (1.000000 1.000000 1.000000 1.000000 28.305195 28.305195 28.305195 28.305195 1.000000 1.000000 1.000000 1.000000)
hex (83 80 84 87 91 88 92 95) pipe (8 8 1)  edgeGrading (1.000000 1.000000 1.000000 1.000000 28.305195 28.305195 28.305195 28.305195 1.000000 1.000000 1.000000 1.000000)
hex (84 85 86 87 92 93 94 95) pipe (8 8 1)  edgeGrading (1.000000 1.000000 1.000000 1.000000 1.000000 1.000000 1.000000 1.000000 1.000000 1.000000 1.000000 1.000000)
hex (88 89 93 92 96 97 101 100) pipe (8 8 1)  edgeGrading (1.000000 1.000000 1.000000 1.000000 28.305195 28.305195 28.305195 28.305195 1.000000 1.000000 1.000000 1.000000)
hex (89 90 94 93 97 98 102 101) pipe (8 8 1)  edgeGrading (1.000000 1.000000 1.000000 1.000000 28.305195 28.305195 28.305195 28.305195 1.000000 1.000000 1.000000 1.000000)
hex (90 91 95 94 98 99 103 102) pipe (8 8 1)  edgeGrading (1.000000 1.000000 1.000000 1.000000 28.305195 28.305195 28.305195 28.305195 1.000000 1.000000 1.000000 1.000000)
hex (91 88 92 95 99 96 100 103) pipe (8 8 1)  edgeGrading (1.000000 1.000000 1.000000 1.000000 28.305195 28.305195 28.305195 28.305195 1.000000 1.000000 1.000000 1.000000)
hex (92 93 94 95 100 101 102 103) pipe (8 8 1)  edgeGrading (1.000000 1.000000 1.000000 1.000000 1.000000 1.000000 1.000000 1.000000 1.000000 1.000000 1.000000 1.000000)
hex (96 97 101 100 104 105 109 108) pipe (8 8 1)  edgeGrading (1.000000 1.000000 1.000000 1.000000 28.305195 28.305195 28.305195 28.305195 1.000000 1.000000 1.000000 1.000000)
hex (97 98 102 101 105 106 110 109) pipe (8 8 1)  edgeGrading (1.000000 1.000000 1.000000 1.000000 28.305195 28.305195 28.305195 28.305195 1.000000 1.000000 1.000000 1.000000)
hex (98 99 103 102 106 107 111 110) pipe (8 8 1)  edgeGrading (1.000000 1.000000 1.000000 1.000000 28.305195 28.305195 28.305195 28.305195 1.000000 1.000000 1.000000 1.000000)
hex (99 96 100 103 107 104 108 111) pipe (8 8 1)  edgeGrading (1.000000 1.000000 1.000000 1.000000 28.305195 28.305195 28.305195 28.305195 1.000000 1.000000 1.000000 1.000000)
hex (100 101 102 103 108 109 110 111) pipe (8 8 1)  edgeGrading (1.000000 1.000000 1.000000 1.000000 1.000000 1.000000 1.000000 1.000000 1.000000 1.000000 1.000000 1.000000)
hex (104 105 109 108 112 113 117 116) pipe (8 8 1)  edgeGrading (1.000000 1.000000 1.000000 1.000000 28.305195 28.305195 28.305195 28.305195 1.000000 1.000000 1.000000 1.000000)
hex (105 106 110 109 113 114 118 117) pipe (8 8 1)  edgeGrading (1.000000 1.000000 1.000000 1.000000 28.305195 28.305195 28.305195 28.305195 1.000000 1.000000 1.000000 1.000000)
hex (106 107 111 110 114 115 119 118) pipe (8 8 1)  edgeGrading (1.000000 1.000000 1.000000 1.000000 28.305195 28.305195 28.305195 28.305195 1.000000 1.000000 1.000000 1.000000)
hex (107 104 108 111 115 112 116 119) pipe (8 8 1)  edgeGrading (1.000000 1.000000 1.000000 1.000000 28.305195 28.305195 28.305195 28.305195 1.000000 1.000000 1.000000 1.000000)
hex (108 109 110 111 116 117 118 119) pipe (8 8 1)  edgeGrading (1.000000 1.000000 1.000000 1.000000 1.000000 1.000000 1.000000 1.000000 1.000000 1.000000 1.000000 1.000000)
hex (112 113 117 116 120 121 125 124) pipe (8 8 1)  edgeGrading (1.000000 1.000000 1.000000 1.000000 28.305195 28.305195 28.305195 28.305195 1.000000 1.000000 1.000000 1.000000)
hex (113 114 118 117 121 122 126 125) pipe (8 8 1)  edgeGrading (1.000000 1.000000 1.000000 1.000000 28.305195 28.305195 28.305195 28.305195 1.000000 1.000000 1.000000 1.000000)
hex (114 115 119 118 122 123 127 126) pipe (8 8 1)  edgeGrading (1.000000 1.000000 1.000000 1.000000 28.305195 28.305195 28.305195 28.305195 1.000000 1.000000 1.000000 1.000000)
hex (115 112 116 119 123 120 124 127) pipe (8 8 1)  edgeGrading (1.000000 1.000000 1.000000 1.000000 28.305195 28.305195 28.305195 28.305195 1.000000 1.000000 1.000000 1.000000)
hex (116 117 118 119 124 125 126 127) pipe (8 8 1)  edgeGrading (1.000000 1.000000 1.000000 1.000000 1.000000 1.000000 1.000000 1.000000 1.000000 1.000000 1.000000 1.000000)
hex (120 121 125 124 128 129 133 132) pipe (8 8 1)  edgeGrading (1.000000 1.000000 1.000000 1.000000 28.305195 28.305195 28.305195 28.305195 1.000000 1.000000 1.000000 1.000000)
hex (121 122 126 125 129 130 134 133) pipe (8 8 1)  edgeGrading (1.000000 1.000000 1.000000 1.000000 28.305195 28.305195 28.305195 28.305195 1.000000 1.000000 1.000000 1.000000)
hex (122 123 127 126 130 131 135 134) pipe (8 8 1)  edgeGrading (1.000000 1.000000 1.000000 1.000000 28.305195 28.305195 28.305195 28.305195 1.000000 1.000000 1.000000 1.000000)
hex (123 120 124 127 131 128 132 135) pipe (8 8 1)  edgeGrading (1.000000 1.000000 1.000000 1.000000 28.305195 28.305195 28.305195 28.305195 1.000000 1.000000 1.000000 1.000000)
hex (124 125 126 127 132 133 134 135) pipe (8 8 1)  edgeGrading (1.000000 1.000000 1.000000 1.000000 1.000000 1.000000 1.000000 1.000000 1.000000 1.000000 1.000000 1.000000)
hex (128 129 133 132 136 137 141 140) pipe (8 8 1)  edgeGrading (1.000000 1.000000 1.000000 1.000000 28.305195 28.305195 28.305195 28.305195 1.000000 1.000000 1.000000 1.000000)
hex (129 130 134 133 137 138 142 141) pipe (8 8 1)  edgeGrading (1.000000 1.000000 1.000000 1.000000 28.305195 28.305195 28.305195 28.305195 1.000000 1.000000 1.000000 1.000000)
hex (130 131 135 134 138 139 143 142) pipe (8 8 1)  edgeGrading (1.000000 1.000000 1.000000 1.000000 28.305195 28.305195 28.305195 28.305195 1.000000 1.000000 1.000000 1.000000)
hex (131 128 132 135 139 136 140 143) pipe (8 8 1)  edgeGrading (1.000000 1.000000 1.000000 1.000000 28.305195 28.305195 28.305195 28.305195 1.000000 1.000000 1.000000 1.000000)
hex (132 133 134 135 140 141 142 143) pipe (8 8 1)  edgeGrading (1.000000 1.000000 1.000000 1.000000 1.000000 1.000000 1.000000 1.000000 1.000000 1.000000 1.000000 1.000000)
hex (136 137 141 140 144 145 149 148) pipe (8 8 1)  edgeGrading (1.000000 1.000000 1.000000 1.000000 28.305195 28.305195 28.305195 28.305195 1.000000 1.000000 1.000000 1.000000)
hex (137 138 142 141 145 146 150 149) pipe (8 8 1)  edgeGrading (1.000000 1.000000 1.000000 1.000000 28.305195 28.305195 28.305195 28.305195 1.000000 1.000000 1.000000 1.000000)
hex (138 139 143 142 146 147 151 150) pipe (8 8 1)  edgeGrading (1.000000 1.000000 1.000000 1.000000 28.305195 28.305195 28.305195 28.305195 1.000000 1.000000 1.000000 1.000000)
hex (139 136 140 143 147 144 148 151) pipe (8 8 1)  edgeGrading (1.000000 1.000000 1.000000 1.000000 28.305195 28.305195 28.305195 28.305195 1.000000 1.000000 1.000000 1.000000)
hex (140 141 142 143 148 149 150 151) pipe (8 8 1)  edgeGrading (1.000000 1.000000 1.000000 1.000000 1.000000 1.000000 1.000000 1.000000 1.000000 1.000000 1.000000 1.000000)
hex (144 145 149 148 152 153 157 156) pipe (8 8 1)  edgeGrading (1.000000 1.000000 1.000000 1.000000 28.305195 28.305195 28.305195 28.305195 1.000000 1.000000 1.000000 1.000000)
hex (145 146 150 149 153 154 158 157) pipe (8 8 1)  edgeGrading (1.000000 1.000000 1.000000 1.000000 28.305195 28.305195 28.305195 28.305195 1.000000 1.000000 1.000000 1.000000)
hex (146 147 151 150 154 155 159 158) pipe (8 8 1)  edgeGrading (1.000000 1.000000 1.000000 1.000000 28.305195 28.305195 28.305195 28.305195 1.000000 1.000000 1.000000 1.000000)
hex (147 144 148 151 155 152 156 159) pipe (8 8 1)  edgeGrading (1.000000 1.000000 1.000000 1.000000 28.305195 28.305195 28.305195 28.305195 1.000000 1.000000 1.000000 1.000000)
hex (148 149 150 151 156 157 158 159) pipe (8 8 1)  edgeGrading (1.000000 1.000000 1.000000 1.000000 1.000000 1.000000 1.000000 1.000000 1.000000 1.000000 1.000000 1.000000)
hex (152 153 157 156 160 161 165 164) pipe (8 8 1)  edgeGrading (1.000000 1.000000 1.000000 1.000000 28.305195 28.305195 28.305195 28.305195 1.000000 1.000000 1.000000 1.000000)
hex (153 154 158 157 161 162 166 165) pipe (8 8 1)  edgeGrading (1.000000 1.000000 1.000000 1.000000 28.305195 28.305195 28.305195 28.305195 1.000000 1.000000 1.000000 1.000000)
hex (154 155 159 158 162 163 167 166) pipe (8 8 1)  edgeGrading (1.000000 1.000000 1.000000 1.000000 28.305195 28.305195 28.305195 28.305195 1.000000 1.000000 1.000000 1.000000)
hex (155 152 156 159 163 160 164 167) pipe (8 8 1)  edgeGrading (1.000000 1.000000 1.000000 1.000000 28.305195 28.305195 28.305195 28.305195 1.000000 1.000000 1.000000 1.000000)
hex (156 157 158 159 164 165 166 167) pipe (8 8 1)  edgeGrading (1.000000 1.000000 1.000000 1.000000 1.000000 1.000000 1.000000 1.000000 1.000000 1.000000 1.000000 1.000000)
hex (160 161 165 164 168 169 173 172) pipe (8 8 1)  edgeGrading (1.000000 1.000000 1.000000 1.000000 28.305195 28.305195 28.305195 28.305195 1.000000 1.000000 1.000000 1.000000)
hex (161 162 166 165 169 170 174 173) pipe (8 8 1)  edgeGrading (1.000000 1.000000 1.000000 1.000000 28.305195 28.305195 28.305195 28.305195 1.000000 1.000000 1.000000 1.000000)
hex (162 163 167 166 170 171 175 174) pipe (8 8 1)  edgeGrading (1.000000 1.000000 1.000000 1.000000 28.305195 28.305195 28.305195 28.305195 1.000000 1.000000 1.000000 1.000000)
hex (163 160 164 167 171 168 172 175) pipe (8 8 1)  edgeGrading (1.000000 1.000000 1.000000 1.000000 28.305195 28.305195 28.305195 28.305195 1.000000 1.000000 1.000000 1.000000)
hex (164 165 166 167 172 173 174 175) pipe (8 8 1)  edgeGrading (1.000000 1.000000 1.000000 1.000000 1.000000 1.000000 1.000000 1.000000 1.000000 1.000000 1.000000 1.000000)
hex (168 169 173 172 176 177 181 180) pipe (8 8 1)  edgeGrading (1.000000 1.000000 1.000000 1.000000 28.305195 28.305195 28.305195 28.305195 1.000000 1.000000 1.000000 1.000000)
hex (169 170 174 173 177 178 182 181) pipe (8 8 1)  edgeGrading (1.000000 1.000000 1.000000 1.000000 28.305195 28.305195 28.305195 28.305195 1.000000 1.000000 1.000000 1.000000)
hex (170 171 175 174 178 179 183 182) pipe (8 8 1)  edgeGrading (1.000000 1.000000 1.000000 1.000000 28.305195 28.305195 28.305195 28.305195 1.000000 1.000000 1.000000 1.000000)
hex (171 168 172 175 179 176 180 183) pipe (8 8 1)  edgeGrading (1.000000 1.000000 1.000000 1.000000 28.305195 28.305195 28.305195 28.305195 1.000000 1.000000 1.000000 1.000000)
hex (172 173 174 175 180 181 182 183) pipe (8 8 1)  edgeGrading (1.000000 1.000000 1.000000 1.000000 1.000000 1.000000 1.000000 1.000000 1.000000 1.000000 1.000000 1.000000)
hex (176 177 181 180 184 185 189 188) pipe (8 8 1)  edgeGrading (1.000000 1.000000 1.000000 1.000000 28.305195 28.305195 28.305195 28.305195 1.000000 1.000000 1.000000 1.000000)
hex (177 178 182 181 185 186 190 189) pipe (8 8 1)  edgeGrading (1.000000 1.000000 1.000000 1.000000 28.305195 28.305195 28.305195 28.305195 1.000000 1.000000 1.000000 1.000000)
hex (178 179 183 182 186 187 191 190) pipe (8 8 1)  edgeGrading (1.000000 1.000000 1.000000 1.000000 28.305195 28.305195 28.305195 28.305195 1.000000 1.000000 1.000000 1.000000)
hex (179 176 180 183 187 184 188 191) pipe (8 8 1)  edgeGrading (1.000000 1.000000 1.000000 1.000000 28.305195 28.305195 28.305195 28.305195 1.000000 1.000000 1.000000 1.000000)
hex (180 181 182 183 188 189 190 191) pipe (8 8 1)  edgeGrading (1.000000 1.000000 1.000000 1.000000 1.000000 1.000000 1.000000 1.000000 1.000000 1.000000 1.000000 1.000000)
hex (184 185 189 188 192 193 197 196) pipe (8 8 1)  edgeGrading (1.000000 1.000000 1.000000 1.000000 28.305195 28.305195 28.305195 28.305195 1.000000 1.000000 1.000000 1.000000)
hex (185 186 190 189 193 194 198 197) pipe (8 8 1)  edgeGrading (1.000000 1.000000 1.000000 1.000000 28.305195 28.305195 28.305195 28.305195 1.000000 1.000000 1.000000 1.000000)
hex (186 187 191 190 194 195 199 198) pipe (8 8 1)  edgeGrading (1.000000 1.000000 1.000000 1.000000 28.305195 28.305195 28.305195 28.305195 1.000000 1.000000 1.000000 1.000000)
hex (187 184 188 191 195 192 196 199) pipe (8 8 1)  edgeGrading (1.000000 1.000000 1.000000 1.000000 28.305195 28.305195 28.305195 28.305195 1.000000 1.000000 1.000000 1.000000)
hex (188 189 190 191 196 197 198 199) pipe (8 8 1)  edgeGrading (1.000000 1.000000 1.000000 1.000000 1.000000 1.000000 1.000000 1.000000 1.000000 1.000000 1.000000 1.000000)
hex (192 193 197 196 200 201 205 204) pipe (8 8 1)  edgeGrading (1.000000 1.000000 1.000000 1.000000 28.305195 28.305195 28.305195 28.305195 1.000000 1.000000 1.000000 1.000000)
hex (193 194 198 197 201 202 206 205) pipe (8 8 1)  edgeGrading (1.000000 1.000000 1.000000 1.000000 28.305195 28.305195 28.305195 28.305195 1.000000 1.000000 1.000000 1.000000)
hex (194 195 199 198 202 203 207 206) pipe (8 8 1)  edgeGrading (1.000000 1.000000 1.000000 1.000000 28.305195 28.305195 28.305195 28.305195 1.000000 1.000000 1.000000 1.000000)
hex (195 192 196 199 203 200 204 207) pipe (8 8 1)  edgeGrading (1.000000 1.000000 1.000000 1.000000 28.305195 28.305195 28.305195 28.305195 1.000000 1.000000 1.000000 1.000000)
hex (196 197 198 199 204 205 206 207) pipe (8 8 1)  edgeGrading (1.000000 1.000000 1.000000 1.000000 1.000000 1.000000 1.000000 1.000000 1.000000 1.000000 1.000000 1.000000)
hex (200 201 205 204 208 209 213 212) pipe (8 8 1)  edgeGrading (1.000000 1.000000 1.000000 1.000000 28.305195 28.305195 28.305195 28.305195 1.000000 1.000000 1.000000 1.000000)
hex (201 202 206 205 209 210 214 213) pipe (8 8 1)  edgeGrading (1.000000 1.000000 1.000000 1.000000 28.305195 28.305195 28.305195 28.305195 1.000000 1.000000 1.000000 1.000000)
hex (202 203 207 206 210 211 215 214) pipe (8 8 1)  edgeGrading (1.000000 1.000000 1.000000 1.000000 28.305195 28.305195 28.305195 28.305195 1.000000 1.000000 1.000000 1.000000)
hex (203 200 204 207 211 208 212 215) pipe (8 8 1)  edgeGrading (1.000000 1.000000 1.000000 1.000000 28.305195 28.305195 28.305195 28.305195 1.000000 1.000000 1.000000 1.000000)
hex (204 205 206 207 212 213 214 215) pipe (8 8 1)  edgeGrading (1.000000 1.000000 1.000000 1.000000 1.000000 1.000000 1.000000 1.000000 1.000000 1.000000 1.000000 1.000000)
hex (208 209 213 212 216 217 221 220) pipe (8 8 1)  edgeGrading (1.000000 1.000000 1.000000 1.000000 28.305195 28.305195 28.305195 28.305195 1.000000 1.000000 1.000000 1.000000)
hex (209 210 214 213 217 218 222 221) pipe (8 8 1)  edgeGrading (1.000000 1.000000 1.000000 1.000000 28.305195 28.305195 28.305195 28.305195 1.000000 1.000000 1.000000 1.000000)
hex (210 211 215 214 218 219 223 222) pipe (8 8 1)  edgeGrading (1.000000 1.000000 1.000000 1.000000 28.305195 28.305195 28.305195 28.305195 1.000000 1.000000 1.000000 1.000000)
hex (211 208 212 215 219 216 220 223) pipe (8 8 1)  edgeGrading (1.000000 1.000000 1.000000 1.000000 28.305195 28.305195 28.305195 28.305195 1.000000 1.000000 1.000000 1.000000)
hex (212 213 214 215 220 221 222 223) pipe (8 8 1)  edgeGrading (1.000000 1.000000 1.000000 1.000000 1.000000 1.000000 1.000000 1.000000 1.000000 1.000000 1.000000 1.000000)
hex (216 217 221 220 224 225 229 228) pipe (8 8 1)  edgeGrading (1.000000 1.000000 1.000000 1.000000 28.305195 28.305195 28.305195 28.305195 1.000000 1.000000 1.000000 1.000000)
hex (217 218 222 221 225 226 230 229) pipe (8 8 1)  edgeGrading (1.000000 1.000000 1.000000 1.000000 28.305195 28.305195 28.305195 28.305195 1.000000 1.000000 1.000000 1.000000)
hex (218 219 223 222 226 227 231 230) pipe (8 8 1)  edgeGrading (1.000000 1.000000 1.000000 1.000000 28.305195 28.305195 28.305195 28.305195 1.000000 1.000000 1.000000 1.000000)
hex (219 216 220 223 227 224 228 231) pipe (8 8 1)  edgeGrading (1.000000 1.000000 1.000000 1.000000 28.305195 28.305195 28.305195 28.305195 1.000000 1.000000 1.000000 1.000000)
hex (220 221 222 223 228 229 230 231) pipe (8 8 1)  edgeGrading (1.000000 1.000000 1.000000 1.000000 1.000000 1.000000 1.000000 1.000000 1.000000 1.000000 1.000000 1.000000)
hex (224 225 229 228 232 233 237 236) pipe (8 8 1)  edgeGrading (1.000000 1.000000 1.000000 1.000000 28.305195 28.305195 28.305195 28.305195 1.000000 1.000000 1.000000 1.000000)
hex (225 226 230 229 233 234 238 237) pipe (8 8 1)  edgeGrading (1.000000 1.000000 1.000000 1.000000 28.305195 28.305195 28.305195 28.305195 1.000000 1.000000 1.000000 1.000000)
hex (226 227 231 230 234 235 239 238) pipe (8 8 1)  edgeGrading (1.000000 1.000000 1.000000 1.000000 28.305195 28.305195 28.305195 28.305195 1.000000 1.000000 1.000000 1.000000)
hex (227 224 228 231 235 232 236 239) pipe (8 8 1)  edgeGrading (1.000000 1.000000 1.000000 1.000000 28.305195 28.305195 28.305195 28.305195 1.000000 1.000000 1.000000 1.000000)
hex (228 229 230 231 236 237 238 239) pipe (8 8 1)  edgeGrading (1.000000 1.000000 1.000000 1.000000 1.000000 1.000000 1.000000 1.000000 1.000000 1.000000 1.000000 1.000000)
hex (232 233 237 236 240 241 245 244) pipe (8 8 1)  edgeGrading (1.000000 1.000000 1.000000 1.000000 28.305195 28.305195 28.305195 28.305195 1.000000 1.000000 1.000000 1.000000)
hex (233 234 238 237 241 242 246 245) pipe (8 8 1)  edgeGrading (1.000000 1.000000 1.000000 1.000000 28.305195 28.305195 28.305195 28.305195 1.000000 1.000000 1.000000 1.000000)
hex (234 235 239 238 242 243 247 246) pipe (8 8 1)  edgeGrading (1.000000 1.000000 1.000000 1.000000 28.305195 28.305195 28.305195 28.305195 1.000000 1.000000 1.000000 1.000000)
hex (235 232 236 239 243 240 244 247) pipe (8 8 1)  edgeGrading (1.000000 1.000000 1.000000 1.000000 28.305195 28.305195 28.305195 28.305195 1.000000 1.000000 1.000000 1.000000)
hex (236 237 238 239 244 245 246 247) pipe (8 8 1)  edgeGrading (1.000000 1.000000 1.000000 1.000000 1.000000 1.000000 1.000000 1.000000 1.000000 1.000000 1.000000 1.000000)
hex (240 241 245 244 248 249 253 252) pipe (8 8 1)  edgeGrading (1.000000 1.000000 1.000000 1.000000 28.305195 28.305195 28.305195 28.305195 1.000000 1.000000 1.000000 1.000000)
hex (241 242 246 245 249 250 254 253) pipe (8 8 1)  edgeGrading (1.000000 1.000000 1.000000 1.000000 28.305195 28.305195 28.305195 28.305195 1.000000 1.000000 1.000000 1.000000)
hex (242 243 247 246 250 251 255 254) pipe (8 8 1)  edgeGrading (1.000000 1.000000 1.000000 1.000000 28.305195 28.305195 28.305195 28.305195 1.000000 1.000000 1.000000 1.000000)
hex (243 240 244 247 251 248 252 255) pipe (8 8 1)  edgeGrading (1.000000 1.000000 1.000000 1.000000 28.305195 28.305195 28.305195 28.305195 1.000000 1.000000 1.000000 1.000000)
hex (244 245 246 247 252 253 254 255) pipe (8 8 1)  edgeGrading (1.000000 1.000000 1.000000 1.000000 1.000000 1.000000 1.000000 1.000000 1.000000 1.000000 1.000000 1.000000)
hex (248 249 253 252 256 257 261 260) pipe (8 8 1)  edgeGrading (1.000000 1.000000 1.000000 1.000000 28.305195 28.305195 28.305195 28.305195 1.000000 1.000000 1.000000 1.000000)
hex (249 250 254 253 257 258 262 261) pipe (8 8 1)  edgeGrading (1.000000 1.000000 1.000000 1.000000 28.305195 28.305195 28.305195 28.305195 1.000000 1.000000 1.000000 1.000000)
hex (250 251 255 254 258 259 263 262) pipe (8 8 1)  edgeGrading (1.000000 1.000000 1.000000 1.000000 28.305195 28.305195 28.305195 28.305195 1.000000 1.000000 1.000000 1.000000)
hex (251 248 252 255 259 256 260 263) pipe (8 8 1)  edgeGrading (1.000000 1.000000 1.000000 1.000000 28.305195 28.305195 28.305195 28.305195 1.000000 1.000000 1.000000 1.000000)
hex (252 253 254 255 260 261 262 263) pipe (8 8 1)  edgeGrading (1.000000 1.000000 1.000000 1.000000 1.000000 1.000000 1.000000 1.000000 1.000000 1.000000 1.000000 1.000000)
hex (256 257 261 260 264 265 269 268) pipe (8 8 1)  edgeGrading (1.000000 1.000000 1.000000 1.000000 28.305195 28.305195 28.305195 28.305195 1.000000 1.000000 1.000000 1.000000)
hex (257 258 262 261 265 266 270 269) pipe (8 8 1)  edgeGrading (1.000000 1.000000 1.000000 1.000000 28.305195 28.305195 28.305195 28.305195 1.000000 1.000000 1.000000 1.000000)
hex (258 259 263 262 266 267 271 270) pipe (8 8 1)  edgeGrading (1.000000 1.000000 1.000000 1.000000 28.305195 28.305195 28.305195 28.305195 1.000000 1.000000 1.000000 1.000000)
hex (259 256 260 263 267 264 268 271) pipe (8 8 1)  edgeGrading (1.000000 1.000000 1.000000 1.000000 28.305195 28.305195 28.305195 28.305195 1.000000 1.000000 1.000000 1.000000)
hex (260 261 262 263 268 269 270 271) pipe (8 8 1)  edgeGrading (1.000000 1.000000 1.000000 1.000000 1.000000 1.000000 1.000000 1.000000 1.000000 1.000000 1.000000 1.000000)
hex (264 265 269 268 272 273 277 276) pipe (8 8 1)  edgeGrading (1.000000 1.000000 1.000000 1.000000 28.305195 28.305195 28.305195 28.305195 1.000000 1.000000 1.000000 1.000000)
hex (265 266 270 269 273 274 278 277) pipe (8 8 1)  edgeGrading (1.000000 1.000000 1.000000 1.000000 28.305195 28.305195 28.305195 28.305195 1.000000 1.000000 1.000000 1.000000)
hex (266 267 271 270 274 275 279 278) pipe (8 8 1)  edgeGrading (1.000000 1.000000 1.000000 1.000000 28.305195 28.305195 28.305195 28.305195 1.000000 1.000000 1.000000 1.000000)
hex (267 264 268 271 275 272 276 279) pipe (8 8 1)  edgeGrading (1.000000 1.000000 1.000000 1.000000 28.305195 28.305195 28.305195 28.305195 1.000000 1.000000 1.000000 1.000000)
hex (268 269 270 271 276 277 278 279) pipe (8 8 1)  edgeGrading (1.000000 1.000000 1.000000 1.000000 1.000000 1.000000 1.000000 1.000000 1.000000 1.000000 1.000000 1.000000)
hex (272 273 277 276 280 281 285 284) pipe (8 8 1)  edgeGrading (1.000000 1.000000 1.000000 1.000000 28.305195 28.305195 28.305195 28.305195 1.000000 1.000000 1.000000 1.000000)
hex (273 274 278 277 281 282 286 285) pipe (8 8 1)  edgeGrading (1.000000 1.000000 1.000000 1.000000 28.305195 28.305195 28.305195 28.305195 1.000000 1.000000 1.000000 1.000000)
hex (274 275 279 278 282 283 287 286) pipe (8 8 1)  edgeGrading (1.000000 1.000000 1.000000 1.000000 28.305195 28.305195 28.305195 28.305195 1.000000 1.000000 1.000000 1.000000)
hex (275 272 276 279 283 280 284 287) pipe (8 8 1)  edgeGrading (1.000000 1.000000 1.000000 1.000000 28.305195 28.305195 28.305195 28.305195 1.000000 1.000000 1.000000 1.000000)
hex (276 277 278 279 284 285 286 287) pipe (8 8 1)  edgeGrading (1.000000 1.000000 1.000000 1.000000 1.000000 1.000000 1.000000 1.000000 1.000000 1.000000 1.000000 1.000000)
hex (280 281 285 284 288 289 293 292) pipe (8 8 1)  edgeGrading (1.000000 1.000000 1.000000 1.000000 28.305195 28.305195 28.305195 28.305195 1.000000 1.000000 1.000000 1.000000)
hex (281 282 286 285 289 290 294 293) pipe (8 8 1)  edgeGrading (1.000000 1.000000 1.000000 1.000000 28.305195 28.305195 28.305195 28.305195 1.000000 1.000000 1.000000 1.000000)
hex (282 283 287 286 290 291 295 294) pipe (8 8 1)  edgeGrading (1.000000 1.000000 1.000000 1.000000 28.305195 28.305195 28.305195 28.305195 1.000000 1.000000 1.000000 1.000000)
hex (283 280 284 287 291 288 292 295) pipe (8 8 1)  edgeGrading (1.000000 1.000000 1.000000 1.000000 28.305195 28.305195 28.305195 28.305195 1.000000 1.000000 1.000000 1.000000)
hex (284 285 286 287 292 293 294 295) pipe (8 8 1)  edgeGrading (1.000000 1.000000 1.000000 1.000000 1.000000 1.000000 1.000000 1.000000 1.000000 1.000000 1.000000 1.000000)
hex (288 289 293 292 296 297 301 300) pipe (8 8 1)  edgeGrading (1.000000 1.000000 1.000000 1.000000 28.305195 28.305195 28.305195 28.305195 1.000000 1.000000 1.000000 1.000000)
hex (289 290 294 293 297 298 302 301) pipe (8 8 1)  edgeGrading (1.000000 1.000000 1.000000 1.000000 28.305195 28.305195 28.305195 28.305195 1.000000 1.000000 1.000000 1.000000)
hex (290 291 295 294 298 299 303 302) pipe (8 8 1)  edgeGrading (1.000000 1.000000 1.000000 1.000000 28.305195 28.305195 28.305195 28.305195 1.000000 1.000000 1.000000 1.000000)
hex (291 288 292 295 299 296 300 303) pipe (8 8 1)  edgeGrading (1.000000 1.000000 1.000000 1.000000 28.305195 28.305195 28.305195 28.305195 1.000000 1.000000 1.000000 1.000000)
hex (292 293 294 295 300 301 302 303) pipe (8 8 1)  edgeGrading (1.000000 1.000000 1.000000 1.000000 1.000000 1.000000 1.000000 1.000000 1.000000 1.000000 1.000000 1.000000)
hex (296 297 301 300 304 305 309 308) pipe (8 8 1)  edgeGrading (1.000000 1.000000 1.000000 1.000000 28.305195 28.305195 28.305195 28.305195 1.000000 1.000000 1.000000 1.000000)
hex (297 298 302 301 305 306 310 309) pipe (8 8 1)  edgeGrading (1.000000 1.000000 1.000000 1.000000 28.305195 28.305195 28.305195 28.305195 1.000000 1.000000 1.000000 1.000000)
hex (298 299 303 302 306 307 311 310) pipe (8 8 1)  edgeGrading (1.000000 1.000000 1.000000 1.000000 28.305195 28.305195 28.305195 28.305195 1.000000 1.000000 1.000000 1.000000)
hex (299 296 300 303 307 304 308 311) pipe (8 8 1)  edgeGrading (1.000000 1.000000 1.000000 1.000000 28.305195 28.305195 28.305195 28.305195 1.000000 1.000000 1.000000 1.000000)
hex (300 301 302 303 308 309 310 311) pipe (8 8 1)  edgeGrading (1.000000 1.000000 1.000000 1.000000 1.000000 1.000000 1.000000 1.000000 1.000000 1.000000 1.000000 1.000000)
hex (304 305 309 308 312 313 317 316) pipe (8 8 1)  edgeGrading (1.000000 1.000000 1.000000 1.000000 28.305195 28.305195 28.305195 28.305195 1.000000 1.000000 1.000000 1.000000)
hex (305 306 310 309 313 314 318 317) pipe (8 8 1)  edgeGrading (1.000000 1.000000 1.000000 1.000000 28.305195 28.305195 28.305195 28.305195 1.000000 1.000000 1.000000 1.000000)
hex (306 307 311 310 314 315 319 318) pipe (8 8 1)  edgeGrading (1.000000 1.000000 1.000000 1.000000 28.305195 28.305195 28.305195 28.305195 1.000000 1.000000 1.000000 1.000000)
hex (307 304 308 311 315 312 316 319) pipe (8 8 1)  edgeGrading (1.000000 1.000000 1.000000 1.000000 28.305195 28.305195 28.305195 28.305195 1.000000 1.000000 1.000000 1.000000)
hex (308 309 310 311 316 317 318 319) pipe (8 8 1)  edgeGrading (1.000000 1.000000 1.000000 1.000000 1.000000 1.000000 1.000000 1.000000 1.000000 1.000000 1.000000 1.000000)
hex (312 313 317 316 320 321 325 324) pipe (8 8 1)  edgeGrading (1.000000 1.000000 1.000000 1.000000 28.305195 28.305195 28.305195 28.305195 1.000000 1.000000 1.000000 1.000000)
hex (313 314 318 317 321 322 326 325) pipe (8 8 1)  edgeGrading (1.000000 1.000000 1.000000 1.000000 28.305195 28.305195 28.305195 28.305195 1.000000 1.000000 1.000000 1.000000)
hex (314 315 319 318 322 323 327 326) pipe (8 8 1)  edgeGrading (1.000000 1.000000 1.000000 1.000000 28.305195 28.305195 28.305195 28.305195 1.000000 1.000000 1.000000 1.000000)
hex (315 312 316 319 323 320 324 327) pipe (8 8 1)  edgeGrading (1.000000 1.000000 1.000000 1.000000 28.305195 28.305195 28.305195 28.305195 1.000000 1.000000 1.000000 1.000000)
hex (316 317 318 319 324 325 326 327) pipe (8 8 1)  edgeGrading (1.000000 1.000000 1.000000 1.000000 1.000000 1.000000 1.000000 1.000000 1.000000 1.000000 1.000000 1.000000)
hex (320 321 325 324 328 329 333 332) pipe (8 8 1)  edgeGrading (1.000000 1.000000 1.000000 1.000000 28.305195 28.305195 28.305195 28.305195 1.000000 1.000000 1.000000 1.000000)
hex (321 322 326 325 329 330 334 333) pipe (8 8 1)  edgeGrading (1.000000 1.000000 1.000000 1.000000 28.305195 28.305195 28.305195 28.305195 1.000000 1.000000 1.000000 1.000000)
hex (322 323 327 326 330 331 335 334) pipe (8 8 1)  edgeGrading (1.000000 1.000000 1.000000 1.000000 28.305195 28.305195 28.305195 28.305195 1.000000 1.000000 1.000000 1.000000)
hex (323 320 324 327 331 328 332 335) pipe (8 8 1)  edgeGrading (1.000000 1.000000 1.000000 1.000000 28.305195 28.305195 28.305195 28.305195 1.000000 1.000000 1.000000 1.000000)
hex (324 325 326 327 332 333 334 335) pipe (8 8 1)  edgeGrading (1.000000 1.000000 1.000000 1.000000 1.000000 1.000000 1.000000 1.000000 1.000000 1.000000 1.000000 1.000000)
hex (328 329 333 332 336 337 341 340) pipe (8 8 1)  edgeGrading (1.000000 1.000000 1.000000 1.000000 28.305195 28.305195 28.305195 28.305195 1.000000 1.000000 1.000000 1.000000)
hex (329 330 334 333 337 338 342 341) pipe (8 8 1)  edgeGrading (1.000000 1.000000 1.000000 1.000000 28.305195 28.305195 28.305195 28.305195 1.000000 1.000000 1.000000 1.000000)
hex (330 331 335 334 338 339 343 342) pipe (8 8 1)  edgeGrading (1.000000 1.000000 1.000000 1.000000 28.305195 28.305195 28.305195 28.305195 1.000000 1.000000 1.000000 1.000000)
hex (331 328 332 335 339 336 340 343) pipe (8 8 1)  edgeGrading (1.000000 1.000000 1.000000 1.000000 28.305195 28.305195 28.305195 28.305195 1.000000 1.000000 1.000000 1.000000)
hex (332 333 334 335 340 341 342 343) pipe (8 8 1)  edgeGrading (1.000000 1.000000 1.000000 1.000000 1.000000 1.000000 1.000000 1.000000 1.000000 1.000000 1.000000 1.000000)
hex (336 337 341 340 344 345 349 348) pipe (8 8 1)  edgeGrading (1.000000 1.000000 1.000000 1.000000 28.305195 28.305195 28.305195 28.305195 1.000000 1.000000 1.000000 1.000000)
hex (337 338 342 341 345 346 350 349) pipe (8 8 1)  edgeGrading (1.000000 1.000000 1.000000 1.000000 28.305195 28.305195 28.305195 28.305195 1.000000 1.000000 1.000000 1.000000)
hex (338 339 343 342 346 347 351 350) pipe (8 8 1)  edgeGrading (1.000000 1.000000 1.000000 1.000000 28.305195 28.305195 28.305195 28.305195 1.000000 1.000000 1.000000 1.000000)
hex (339 336 340 343 347 344 348 351) pipe (8 8 1)  edgeGrading (1.000000 1.000000 1.000000 1.000000 28.305195 28.305195 28.305195 28.305195 1.000000 1.000000 1.000000 1.000000)
hex (340 341 342 343 348 349 350 351) pipe (8 8 1)  edgeGrading (1.000000 1.000000 1.000000 1.000000 1.000000 1.000000 1.000000 1.000000 1.000000 1.000000 1.000000 1.000000)
hex (344 345 349 348 352 353 357 356) pipe (8 8 1)  edgeGrading (1.000000 1.000000 1.000000 1.000000 28.305195 28.305195 28.305195 28.305195 1.000000 1.000000 1.000000 1.000000)
hex (345 346 350 349 353 354 358 357) pipe (8 8 1)  edgeGrading (1.000000 1.000000 1.000000 1.000000 28.305195 28.305195 28.305195 28.305195 1.000000 1.000000 1.000000 1.000000)
hex (346 347 351 350 354 355 359 358) pipe (8 8 1)  edgeGrading (1.000000 1.000000 1.000000 1.000000 28.305195 28.305195 28.305195 28.305195 1.000000 1.000000 1.000000 1.000000)
hex (347 344 348 351 355 352 356 359) pipe (8 8 1)  edgeGrading (1.000000 1.000000 1.000000 1.000000 28.305195 28.305195 28.305195 28.305195 1.000000 1.000000 1.000000 1.000000)
hex (348 349 350 351 356 357 358 359) pipe (8 8 1)  edgeGrading (1.000000 1.000000 1.000000 1.000000 1.000000 1.000000 1.000000 1.000000 1.000000 1.000000 1.000000 1.000000)
hex (352 353 357 356 360 361 365 364) pipe (8 8 1)  edgeGrading (1.000000 1.000000 1.000000 1.000000 28.305195 28.305195 28.305195 28.305195 1.000000 1.000000 1.000000 1.000000)
hex (353 354 358 357 361 362 366 365) pipe (8 8 1)  edgeGrading (1.000000 1.000000 1.000000 1.000000 28.305195 28.305195 28.305195 28.305195 1.000000 1.000000 1.000000 1.000000)
hex (354 355 359 358 362 363 367 366) pipe (8 8 1)  edgeGrading (1.000000 1.000000 1.000000 1.000000 28.305195 28.305195 28.305195 28.305195 1.000000 1.000000 1.000000 1.000000)
hex (355 352 356 359 363 360 364 367) pipe (8 8 1)  edgeGrading (1.000000 1.000000 1.000000 1.000000 28.305195 28.305195 28.305195 28.305195 1.000000 1.000000 1.000000 1.000000)
hex (356 357 358 359 364 365 366 367) pipe (8 8 1)  edgeGrading (1.000000 1.000000 1.000000 1.000000 1.000000 1.000000 1.000000 1.000000 1.000000 1.000000 1.000000 1.000000)
hex (360 361 365 364 368 369 373 372) pipe (8 8 1)  edgeGrading (1.000000 1.000000 1.000000 1.000000 28.305195 28.305195 28.305195 28.305195 1.000000 1.000000 1.000000 1.000000)
hex (361 362 366 365 369 370 374 373) pipe (8 8 1)  edgeGrading (1.000000 1.000000 1.000000 1.000000 28.305195 28.305195 28.305195 28.305195 1.000000 1.000000 1.000000 1.000000)
hex (362 363 367 366 370 371 375 374) pipe (8 8 1)  edgeGrading (1.000000 1.000000 1.000000 1.000000 28.305195 28.305195 28.305195 28.305195 1.000000 1.000000 1.000000 1.000000)
hex (363 360 364 367 371 368 372 375) pipe (8 8 1)  edgeGrading (1.000000 1.000000 1.000000 1.000000 28.305195 28.305195 28.305195 28.305195 1.000000 1.000000 1.000000 1.000000)
hex (364 365 366 367 372 373 374 375) pipe (8 8 1)  edgeGrading (1.000000 1.000000 1.000000 1.000000 1.000000 1.000000 1.000000 1.000000 1.000000 1.000000 1.000000 1.000000)
hex (368 369 373 372 376 377 381 380) pipe (8 8 1)  edgeGrading (1.000000 1.000000 1.000000 1.000000 28.305195 28.305195 28.305195 28.305195 1.000000 1.000000 1.000000 1.000000)
hex (369 370 374 373 377 378 382 381) pipe (8 8 1)  edgeGrading (1.000000 1.000000 1.000000 1.000000 28.305195 28.305195 28.305195 28.305195 1.000000 1.000000 1.000000 1.000000)
hex (370 371 375 374 378 379 383 382) pipe (8 8 1)  edgeGrading (1.000000 1.000000 1.000000 1.000000 28.305195 28.305195 28.305195 28.305195 1.000000 1.000000 1.000000 1.000000)
hex (371 368 372 375 379 376 380 383) pipe (8 8 1)  edgeGrading (1.000000 1.000000 1.000000 1.000000 28.305195 28.305195 28.305195 28.305195 1.000000 1.000000 1.000000 1.000000)
hex (372 373 374 375 380 381 382 383) pipe (8 8 1)  edgeGrading (1.000000 1.000000 1.000000 1.000000 1.000000 1.000000 1.000000 1.000000 1.000000 1.000000 1.000000 1.000000)
hex (376 377 381 380 384 385 389 388) pipe (8 8 1)  edgeGrading (1.000000 1.000000 1.000000 1.000000 28.305195 28.305195 28.305195 28.305195 1.000000 1.000000 1.000000 1.000000)
hex (377 378 382 381 385 386 390 389) pipe (8 8 1)  edgeGrading (1.000000 1.000000 1.000000 1.000000 28.305195 28.305195 28.305195 28.305195 1.000000 1.000000 1.000000 1.000000)
hex (378 379 383 382 386 387 391 390) pipe (8 8 1)  edgeGrading (1.000000 1.000000 1.000000 1.000000 28.305195 28.305195 28.305195 28.305195 1.000000 1.000000 1.000000 1.000000)
hex (379 376 380 383 387 384 388 391) pipe (8 8 1)  edgeGrading (1.000000 1.000000 1.000000 1.000000 28.305195 28.305195 28.305195 28.305195 1.000000 1.000000 1.000000 1.000000)
hex (380 381 382 383 388 389 390 391) pipe (8 8 1)  edgeGrading (1.000000 1.000000 1.000000 1.000000 1.000000 1.000000 1.000000 1.000000 1.000000 1.000000 1.000000 1.000000)
hex (384 385 389 388 392 393 397 396) pipe (8 8 1)  edgeGrading (1.000000 1.000000 1.000000 1.000000 28.305195 28.305195 28.305195 28.305195 1.000000 1.000000 1.000000 1.000000)
hex (385 386 390 389 393 394 398 397) pipe (8 8 1)  edgeGrading (1.000000 1.000000 1.000000 1.000000 28.305195 28.305195 28.305195 28.305195 1.000000 1.000000 1.000000 1.000000)
hex (386 387 391 390 394 395 399 398) pipe (8 8 1)  edgeGrading (1.000000 1.000000 1.000000 1.000000 28.305195 28.305195 28.305195 28.305195 1.000000 1.000000 1.000000 1.000000)
hex (387 384 388 391 395 392 396 399) pipe (8 8 1)  edgeGrading (1.000000 1.000000 1.000000 1.000000 28.305195 28.305195 28.305195 28.305195 1.000000 1.000000 1.000000 1.000000)
hex (388 389 390 391 396 397 398 399) pipe (8 8 1)  edgeGrading (1.000000 1.000000 1.000000 1.000000 1.000000 1.000000 1.000000 1.000000 1.000000 1.000000 1.000000 1.000000)
hex (392 393 397 396 400 401 405 404) pipe (8 8 1)  edgeGrading (1.000000 1.000000 1.000000 1.000000 28.305195 28.305195 28.305195 28.305195 1.000000 1.000000 1.000000 1.000000)
hex (393 394 398 397 401 402 406 405) pipe (8 8 1)  edgeGrading (1.000000 1.000000 1.000000 1.000000 28.305195 28.305195 28.305195 28.305195 1.000000 1.000000 1.000000 1.000000)
hex (394 395 399 398 402 403 407 406) pipe (8 8 1)  edgeGrading (1.000000 1.000000 1.000000 1.000000 28.305195 28.305195 28.305195 28.305195 1.000000 1.000000 1.000000 1.000000)
hex (395 392 396 399 403 400 404 407) pipe (8 8 1)  edgeGrading (1.000000 1.000000 1.000000 1.000000 28.305195 28.305195 28.305195 28.305195 1.000000 1.000000 1.000000 1.000000)
hex (396 397 398 399 404 405 406 407) pipe (8 8 1)  edgeGrading (1.000000 1.000000 1.000000 1.000000 1.000000 1.000000 1.000000 1.000000 1.000000 1.000000 1.000000 1.000000)
hex (400 401 405 404 408 409 413 412) pipe (8 8 1)  edgeGrading (1.000000 1.000000 1.000000 1.000000 28.305195 28.305195 28.305195 28.305195 1.000000 1.000000 1.000000 1.000000)
hex (401 402 406 405 409 410 414 413) pipe (8 8 1)  edgeGrading (1.000000 1.000000 1.000000 1.000000 28.305195 28.305195 28.305195 28.305195 1.000000 1.000000 1.000000 1.000000)
hex (402 403 407 406 410 411 415 414) pipe (8 8 1)  edgeGrading (1.000000 1.000000 1.000000 1.000000 28.305195 28.305195 28.305195 28.305195 1.000000 1.000000 1.000000 1.000000)
hex (403 400 404 407 411 408 412 415) pipe (8 8 1)  edgeGrading (1.000000 1.000000 1.000000 1.000000 28.305195 28.305195 28.305195 28.305195 1.000000 1.000000 1.000000 1.000000)
hex (404 405 406 407 412 413 414 415) pipe (8 8 1)  edgeGrading (1.000000 1.000000 1.000000 1.000000 1.000000 1.000000 1.000000 1.000000 1.000000 1.000000 1.000000 1.000000)
hex (408 409 413 412 416 417 421 420) pipe (8 8 1)  edgeGrading (1.000000 1.000000 1.000000 1.000000 28.305195 28.305195 28.305195 28.305195 1.000000 1.000000 1.000000 1.000000)
hex (409 410 414 413 417 418 422 421) pipe (8 8 1)  edgeGrading (1.000000 1.000000 1.000000 1.000000 28.305195 28.305195 28.305195 28.305195 1.000000 1.000000 1.000000 1.000000)
hex (410 411 415 414 418 419 423 422) pipe (8 8 1)  edgeGrading (1.000000 1.000000 1.000000 1.000000 28.305195 28.305195 28.305195 28.305195 1.000000 1.000000 1.000000 1.000000)
hex (411 408 412 415 419 416 420 423) pipe (8 8 1)  edgeGrading (1.000000 1.000000 1.000000 1.000000 28.305195 28.305195 28.305195 28.305195 1.000000 1.000000 1.000000 1.000000)
hex (412 413 414 415 420 421 422 423) pipe (8 8 1)  edgeGrading (1.000000 1.000000 1.000000 1.000000 1.000000 1.000000 1.000000 1.000000 1.000000 1.000000 1.000000 1.000000)
hex (416 417 421 420 424 425 429 428) pipe (8 8 1)  edgeGrading (1.000000 1.000000 1.000000 1.000000 28.305195 28.305195 28.305195 28.305195 1.000000 1.000000 1.000000 1.000000)
hex (417 418 422 421 425 426 430 429) pipe (8 8 1)  edgeGrading (1.000000 1.000000 1.000000 1.000000 28.305195 28.305195 28.305195 28.305195 1.000000 1.000000 1.000000 1.000000)
hex (418 419 423 422 426 427 431 430) pipe (8 8 1)  edgeGrading (1.000000 1.000000 1.000000 1.000000 28.305195 28.305195 28.305195 28.305195 1.000000 1.000000 1.000000 1.000000)
hex (419 416 420 423 427 424 428 431) pipe (8 8 1)  edgeGrading (1.000000 1.000000 1.000000 1.000000 28.305195 28.305195 28.305195 28.305195 1.000000 1.000000 1.000000 1.000000)
hex (420 421 422 423 428 429 430 431) pipe (8 8 1)  edgeGrading (1.000000 1.000000 1.000000 1.000000 1.000000 1.000000 1.000000 1.000000 1.000000 1.000000 1.000000 1.000000)
hex (424 425 429 428 432 433 437 436) pipe (8 8 1)  edgeGrading (1.000000 1.000000 1.000000 1.000000 28.305195 28.305195 28.305195 28.305195 1.000000 1.000000 1.000000 1.000000)
hex (425 426 430 429 433 434 438 437) pipe (8 8 1)  edgeGrading (1.000000 1.000000 1.000000 1.000000 28.305195 28.305195 28.305195 28.305195 1.000000 1.000000 1.000000 1.000000)
hex (426 427 431 430 434 435 439 438) pipe (8 8 1)  edgeGrading (1.000000 1.000000 1.000000 1.000000 28.305195 28.305195 28.305195 28.305195 1.000000 1.000000 1.000000 1.000000)
hex (427 424 428 431 435 432 436 439) pipe (8 8 1)  edgeGrading (1.000000 1.000000 1.000000 1.000000 28.305195 28.305195 28.305195 28.305195 1.000000 1.000000 1.000000 1.000000)
hex (428 429 430 431 436 437 438 439) pipe (8 8 1)  edgeGrading (1.000000 1.000000 1.000000 1.000000 1.000000 1.000000 1.000000 1.000000 1.000000 1.000000 1.000000 1.000000)
hex (432 433 437 436 440 441 445 444) pipe (8 8 1)  edgeGrading (1.000000 1.000000 1.000000 1.000000 28.305195 28.305195 28.305195 28.305195 1.000000 1.000000 1.000000 1.000000)
hex (433 434 438 437 441 442 446 445) pipe (8 8 1)  edgeGrading (1.000000 1.000000 1.000000 1.000000 28.305195 28.305195 28.305195 28.305195 1.000000 1.000000 1.000000 1.000000)
hex (434 435 439 438 442 443 447 446) pipe (8 8 1)  edgeGrading (1.000000 1.000000 1.000000 1.000000 28.305195 28.305195 28.305195 28.305195 1.000000 1.000000 1.000000 1.000000)
hex (435 432 436 439 443 440 444 447) pipe (8 8 1)  edgeGrading (1.000000 1.000000 1.000000 1.000000 28.305195 28.305195 28.305195 28.305195 1.000000 1.000000 1.000000 1.000000)
hex (436 437 438 439 444 445 446 447) pipe (8 8 1)  edgeGrading (1.000000 1.000000 1.000000 1.000000 1.000000 1.000000 1.000000 1.000000 1.000000 1.000000 1.000000 1.000000)
hex (440 441 445 444 448 449 453 452) pipe (8 8 1)  edgeGrading (1.000000 1.000000 1.000000 1.000000 28.305195 28.305195 28.305195 28.305195 1.000000 1.000000 1.000000 1.000000)
hex (441 442 446 445 449 450 454 453) pipe (8 8 1)  edgeGrading (1.000000 1.000000 1.000000 1.000000 28.305195 28.305195 28.305195 28.305195 1.000000 1.000000 1.000000 1.000000)
hex (442 443 447 446 450 451 455 454) pipe (8 8 1)  edgeGrading (1.000000 1.000000 1.000000 1.000000 28.305195 28.305195 28.305195 28.305195 1.000000 1.000000 1.000000 1.000000)
hex (443 440 444 447 451 448 452 455) pipe (8 8 1)  edgeGrading (1.000000 1.000000 1.000000 1.000000 28.305195 28.305195 28.305195 28.305195 1.000000 1.000000 1.000000 1.000000)
hex (444 445 446 447 452 453 454 455) pipe (8 8 1)  edgeGrading (1.000000 1.000000 1.000000 1.000000 1.000000 1.000000 1.000000 1.000000 1.000000 1.000000 1.000000 1.000000)
hex (448 449 453 452 456 457 461 460) pipe (8 8 1)  edgeGrading (1.000000 1.000000 1.000000 1.000000 28.305195 28.305195 28.305195 28.305195 1.000000 1.000000 1.000000 1.000000)
hex (449 450 454 453 457 458 462 461) pipe (8 8 1)  edgeGrading (1.000000 1.000000 1.000000 1.000000 28.305195 28.305195 28.305195 28.305195 1.000000 1.000000 1.000000 1.000000)
hex (450 451 455 454 458 459 463 462) pipe (8 8 1)  edgeGrading (1.000000 1.000000 1.000000 1.000000 28.305195 28.305195 28.305195 28.305195 1.000000 1.000000 1.000000 1.000000)
hex (451 448 452 455 459 456 460 463) pipe (8 8 1)  edgeGrading (1.000000 1.000000 1.000000 1.000000 28.305195 28.305195 28.305195 28.305195 1.000000 1.000000 1.000000 1.000000)
hex (452 453 454 455 460 461 462 463) pipe (8 8 1)  edgeGrading (1.000000 1.000000 1.000000 1.000000 1.000000 1.000000 1.000000 1.000000 1.000000 1.000000 1.000000 1.000000)
hex (456 457 461 460 464 465 469 468) pipe (8 8 1)  edgeGrading (1.000000 1.000000 1.000000 1.000000 28.305195 28.305195 28.305195 28.305195 1.000000 1.000000 1.000000 1.000000)
hex (457 458 462 461 465 466 470 469) pipe (8 8 1)  edgeGrading (1.000000 1.000000 1.000000 1.000000 28.305195 28.305195 28.305195 28.305195 1.000000 1.000000 1.000000 1.000000)
hex (458 459 463 462 466 467 471 470) pipe (8 8 1)  edgeGrading (1.000000 1.000000 1.000000 1.000000 28.305195 28.305195 28.305195 28.305195 1.000000 1.000000 1.000000 1.000000)
hex (459 456 460 463 467 464 468 471) pipe (8 8 1)  edgeGrading (1.000000 1.000000 1.000000 1.000000 28.305195 28.305195 28.305195 28.305195 1.000000 1.000000 1.000000 1.000000)
hex (460 461 462 463 468 469 470 471) pipe (8 8 1)  edgeGrading (1.000000 1.000000 1.000000 1.000000 1.000000 1.000000 1.000000 1.000000 1.000000 1.000000 1.000000 1.000000)
hex (464 465 469 468 472 473 477 476) pipe (8 8 1)  edgeGrading (1.000000 1.000000 1.000000 1.000000 28.305195 28.305195 28.305195 28.305195 1.000000 1.000000 1.000000 1.000000)
hex (465 466 470 469 473 474 478 477) pipe (8 8 1)  edgeGrading (1.000000 1.000000 1.000000 1.000000 28.305195 28.305195 28.305195 28.305195 1.000000 1.000000 1.000000 1.000000)
hex (466 467 471 470 474 475 479 478) pipe (8 8 1)  edgeGrading (1.000000 1.000000 1.000000 1.000000 28.305195 28.305195 28.305195 28.305195 1.000000 1.000000 1.000000 1.000000)
hex (467 464 468 471 475 472 476 479) pipe (8 8 1)  edgeGrading (1.000000 1.000000 1.000000 1.000000 28.305195 28.305195 28.305195 28.305195 1.000000 1.000000 1.000000 1.000000)
hex (468 469 470 471 476 477 478 479) pipe (8 8 1)  edgeGrading (1.000000 1.000000 1.000000 1.000000 1.000000 1.000000 1.000000 1.000000 1.000000 1.000000 1.000000 1.000000)
hex (472 473 477 476 480 481 485 484) pipe (8 8 1)  edgeGrading (1.000000 1.000000 1.000000 1.000000 28.305195 28.305195 28.305195 28.305195 1.000000 1.000000 1.000000 1.000000)
hex (473 474 478 477 481 482 486 485) pipe (8 8 1)  edgeGrading (1.000000 1.000000 1.000000 1.000000 28.305195 28.305195 28.305195 28.305195 1.000000 1.000000 1.000000 1.000000)
hex (474 475 479 478 482 483 487 486) pipe (8 8 1)  edgeGrading (1.000000 1.000000 1.000000 1.000000 28.305195 28.305195 28.305195 28.305195 1.000000 1.000000 1.000000 1.000000)
hex (475 472 476 479 483 480 484 487) pipe (8 8 1)  edgeGrading (1.000000 1.000000 1.000000 1.000000 28.305195 28.305195 28.305195 28.305195 1.000000 1.000000 1.000000 1.000000)
hex (476 477 478 479 484 485 486 487) pipe (8 8 1)  edgeGrading (1.000000 1.000000 1.000000 1.000000 1.000000 1.000000 1.000000 1.000000 1.000000 1.000000 1.000000 1.000000)
hex (480 481 485 484 488 489 493 492) pipe (8 8 1)  edgeGrading (1.000000 1.000000 1.000000 1.000000 28.305195 28.305195 28.305195 28.305195 1.000000 1.000000 1.000000 1.000000)
hex (481 482 486 485 489 490 494 493) pipe (8 8 1)  edgeGrading (1.000000 1.000000 1.000000 1.000000 28.305195 28.305195 28.305195 28.305195 1.000000 1.000000 1.000000 1.000000)
hex (482 483 487 486 490 491 495 494) pipe (8 8 1)  edgeGrading (1.000000 1.000000 1.000000 1.000000 28.305195 28.305195 28.305195 28.305195 1.000000 1.000000 1.000000 1.000000)
hex (483 480 484 487 491 488 492 495) pipe (8 8 1)  edgeGrading (1.000000 1.000000 1.000000 1.000000 28.305195 28.305195 28.305195 28.305195 1.000000 1.000000 1.000000 1.000000)
hex (484 485 486 487 492 493 494 495) pipe (8 8 1)  edgeGrading (1.000000 1.000000 1.000000 1.000000 1.000000 1.000000 1.000000 1.000000 1.000000 1.000000 1.000000 1.000000)
hex (488 489 493 492 496 497 501 500) pipe (8 8 1)  edgeGrading (1.000000 1.000000 1.000000 1.000000 28.305195 28.305195 28.305195 28.305195 1.000000 1.000000 1.000000 1.000000)
hex (489 490 494 493 497 498 502 501) pipe (8 8 1)  edgeGrading (1.000000 1.000000 1.000000 1.000000 28.305195 28.305195 28.305195 28.305195 1.000000 1.000000 1.000000 1.000000)
hex (490 491 495 494 498 499 503 502) pipe (8 8 1)  edgeGrading (1.000000 1.000000 1.000000 1.000000 28.305195 28.305195 28.305195 28.305195 1.000000 1.000000 1.000000 1.000000)
hex (491 488 492 495 499 496 500 503) pipe (8 8 1)  edgeGrading (1.000000 1.000000 1.000000 1.000000 28.305195 28.305195 28.305195 28.305195 1.000000 1.000000 1.000000 1.000000)
hex (492 493 494 495 500 501 502 503) pipe (8 8 1)  edgeGrading (1.000000 1.000000 1.000000 1.000000 1.000000 1.000000 1.000000 1.000000 1.000000 1.000000 1.000000 1.000000)
hex (496 497 501 500 504 505 509 508) pipe (8 8 1)  edgeGrading (1.000000 1.000000 1.000000 1.000000 28.305195 28.305195 28.305195 28.305195 1.000000 1.000000 1.000000 1.000000)
hex (497 498 502 501 505 506 510 509) pipe (8 8 1)  edgeGrading (1.000000 1.000000 1.000000 1.000000 28.305195 28.305195 28.305195 28.305195 1.000000 1.000000 1.000000 1.000000)
hex (498 499 503 502 506 507 511 510) pipe (8 8 1)  edgeGrading (1.000000 1.000000 1.000000 1.000000 28.305195 28.305195 28.305195 28.305195 1.000000 1.000000 1.000000 1.000000)
hex (499 496 500 503 507 504 508 511) pipe (8 8 1)  edgeGrading (1.000000 1.000000 1.000000 1.000000 28.305195 28.305195 28.305195 28.305195 1.000000 1.000000 1.000000 1.000000)
hex (500 501 502 503 508 509 510 511) pipe (8 8 1)  edgeGrading (1.000000 1.000000 1.000000 1.000000 1.000000 1.000000 1.000000 1.000000 1.000000 1.000000 1.000000 1.000000)
hex (504 505 509 508 512 513 517 516) pipe (8 8 1)  edgeGrading (1.000000 1.000000 1.000000 1.000000 28.305195 28.305195 28.305195 28.305195 1.000000 1.000000 1.000000 1.000000)
hex (505 506 510 509 513 514 518 517) pipe (8 8 1)  edgeGrading (1.000000 1.000000 1.000000 1.000000 28.305195 28.305195 28.305195 28.305195 1.000000 1.000000 1.000000 1.000000)
hex (506 507 511 510 514 515 519 518) pipe (8 8 1)  edgeGrading (1.000000 1.000000 1.000000 1.000000 28.305195 28.305195 28.305195 28.305195 1.000000 1.000000 1.000000 1.000000)
hex (507 504 508 511 515 512 516 519) pipe (8 8 1)  edgeGrading (1.000000 1.000000 1.000000 1.000000 28.305195 28.305195 28.305195 28.305195 1.000000 1.000000 1.000000 1.000000)
hex (508 509 510 511 516 517 518 519) pipe (8 8 1)  edgeGrading (1.000000 1.000000 1.000000 1.000000 1.000000 1.000000 1.000000 1.000000 1.000000 1.000000 1.000000 1.000000)
hex (512 513 517 516 520 521 525 524) pipe (8 8 1)  edgeGrading (1.000000 1.000000 1.000000 1.000000 28.305195 28.305195 28.305195 28.305195 1.000000 1.000000 1.000000 1.000000)
hex (513 514 518 517 521 522 526 525) pipe (8 8 1)  edgeGrading (1.000000 1.000000 1.000000 1.000000 28.305195 28.305195 28.305195 28.305195 1.000000 1.000000 1.000000 1.000000)
hex (514 515 519 518 522 523 527 526) pipe (8 8 1)  edgeGrading (1.000000 1.000000 1.000000 1.000000 28.305195 28.305195 28.305195 28.305195 1.000000 1.000000 1.000000 1.000000)
hex (515 512 516 519 523 520 524 527) pipe (8 8 1)  edgeGrading (1.000000 1.000000 1.000000 1.000000 28.305195 28.305195 28.305195 28.305195 1.000000 1.000000 1.000000 1.000000)
hex (516 517 518 519 524 525 526 527) pipe (8 8 1)  edgeGrading (1.000000 1.000000 1.000000 1.000000 1.000000 1.000000 1.000000 1.000000 1.000000 1.000000 1.000000 1.000000)
hex (520 521 525 524 528 529 533 532) pipe (8 8 1)  edgeGrading (1.000000 1.000000 1.000000 1.000000 28.305195 28.305195 28.305195 28.305195 1.000000 1.000000 1.000000 1.000000)
hex (521 522 526 525 529 530 534 533) pipe (8 8 1)  edgeGrading (1.000000 1.000000 1.000000 1.000000 28.305195 28.305195 28.305195 28.305195 1.000000 1.000000 1.000000 1.000000)
hex (522 523 527 526 530 531 535 534) pipe (8 8 1)  edgeGrading (1.000000 1.000000 1.000000 1.000000 28.305195 28.305195 28.305195 28.305195 1.000000 1.000000 1.000000 1.000000)
hex (523 520 524 527 531 528 532 535) pipe (8 8 1)  edgeGrading (1.000000 1.000000 1.000000 1.000000 28.305195 28.305195 28.305195 28.305195 1.000000 1.000000 1.000000 1.000000)
hex (524 525 526 527 532 533 534 535) pipe (8 8 1)  edgeGrading (1.000000 1.000000 1.000000 1.000000 1.000000 1.000000 1.000000 1.000000 1.000000 1.000000 1.000000 1.000000)
hex (528 529 533 532 536 537 541 540) pipe (8 8 1)  edgeGrading (1.000000 1.000000 1.000000 1.000000 28.305195 28.305195 28.305195 28.305195 1.000000 1.000000 1.000000 1.000000)
hex (529 530 534 533 537 538 542 541) pipe (8 8 1)  edgeGrading (1.000000 1.000000 1.000000 1.000000 28.305195 28.305195 28.305195 28.305195 1.000000 1.000000 1.000000 1.000000)
hex (530 531 535 534 538 539 543 542) pipe (8 8 1)  edgeGrading (1.000000 1.000000 1.000000 1.000000 28.305195 28.305195 28.305195 28.305195 1.000000 1.000000 1.000000 1.000000)
hex (531 528 532 535 539 536 540 543) pipe (8 8 1)  edgeGrading (1.000000 1.000000 1.000000 1.000000 28.305195 28.305195 28.305195 28.305195 1.000000 1.000000 1.000000 1.000000)
hex (532 533 534 535 540 541 542 543) pipe (8 8 1)  edgeGrading (1.000000 1.000000 1.000000 1.000000 1.000000 1.000000 1.000000 1.000000 1.000000 1.000000 1.000000 1.000000)
hex (536 537 541 540 544 545 549 548) pipe (8 8 1)  edgeGrading (1.000000 1.000000 1.000000 1.000000 28.305195 28.305195 28.305195 28.305195 1.000000 1.000000 1.000000 1.000000)
hex (537 538 542 541 545 546 550 549) pipe (8 8 1)  edgeGrading (1.000000 1.000000 1.000000 1.000000 28.305195 28.305195 28.305195 28.305195 1.000000 1.000000 1.000000 1.000000)
hex (538 539 543 542 546 547 551 550) pipe (8 8 1)  edgeGrading (1.000000 1.000000 1.000000 1.000000 28.305195 28.305195 28.305195 28.305195 1.000000 1.000000 1.000000 1.000000)
hex (539 536 540 543 547 544 548 551) pipe (8 8 1)  edgeGrading (1.000000 1.000000 1.000000 1.000000 28.305195 28.305195 28.305195 28.305195 1.000000 1.000000 1.000000 1.000000)
hex (540 541 542 543 548 549 550 551) pipe (8 8 1)  edgeGrading (1.000000 1.000000 1.000000 1.000000 1.000000 1.000000 1.000000 1.000000 1.000000 1.000000 1.000000 1.000000)
hex (544 545 549 548 552 553 557 556) pipe (8 8 1)  edgeGrading (1.000000 1.000000 1.000000 1.000000 28.305195 28.305195 28.305195 28.305195 1.000000 1.000000 1.000000 1.000000)
hex (545 546 550 549 553 554 558 557) pipe (8 8 1)  edgeGrading (1.000000 1.000000 1.000000 1.000000 28.305195 28.305195 28.305195 28.305195 1.000000 1.000000 1.000000 1.000000)
hex (546 547 551 550 554 555 559 558) pipe (8 8 1)  edgeGrading (1.000000 1.000000 1.000000 1.000000 28.305195 28.305195 28.305195 28.305195 1.000000 1.000000 1.000000 1.000000)
hex (547 544 548 551 555 552 556 559) pipe (8 8 1)  edgeGrading (1.000000 1.000000 1.000000 1.000000 28.305195 28.305195 28.305195 28.305195 1.000000 1.000000 1.000000 1.000000)
hex (548 549 550 551 556 557 558 559) pipe (8 8 1)  edgeGrading (1.000000 1.000000 1.000000 1.000000 1.000000 1.000000 1.000000 1.000000 1.000000 1.000000 1.000000 1.000000)
hex (552 553 557 556 560 561 565 564) pipe (8 8 1)  edgeGrading (1.000000 1.000000 1.000000 1.000000 28.305195 28.305195 28.305195 28.305195 1.000000 1.000000 1.000000 1.000000)
hex (553 554 558 557 561 562 566 565) pipe (8 8 1)  edgeGrading (1.000000 1.000000 1.000000 1.000000 28.305195 28.305195 28.305195 28.305195 1.000000 1.000000 1.000000 1.000000)
hex (554 555 559 558 562 563 567 566) pipe (8 8 1)  edgeGrading (1.000000 1.000000 1.000000 1.000000 28.305195 28.305195 28.305195 28.305195 1.000000 1.000000 1.000000 1.000000)
hex (555 552 556 559 563 560 564 567) pipe (8 8 1)  edgeGrading (1.000000 1.000000 1.000000 1.000000 28.305195 28.305195 28.305195 28.305195 1.000000 1.000000 1.000000 1.000000)
hex (556 557 558 559 564 565 566 567) pipe (8 8 1)  edgeGrading (1.000000 1.000000 1.000000 1.000000 1.000000 1.000000 1.000000 1.000000 1.000000 1.000000 1.000000 1.000000)
hex (560 561 565 564 568 569 573 572) pipe (8 8 1)  edgeGrading (1.000000 1.000000 1.000000 1.000000 28.305195 28.305195 28.305195 28.305195 1.000000 1.000000 1.000000 1.000000)
hex (561 562 566 565 569 570 574 573) pipe (8 8 1)  edgeGrading (1.000000 1.000000 1.000000 1.000000 28.305195 28.305195 28.305195 28.305195 1.000000 1.000000 1.000000 1.000000)
hex (562 563 567 566 570 571 575 574) pipe (8 8 1)  edgeGrading (1.000000 1.000000 1.000000 1.000000 28.305195 28.305195 28.305195 28.305195 1.000000 1.000000 1.000000 1.000000)
hex (563 560 564 567 571 568 572 575) pipe (8 8 1)  edgeGrading (1.000000 1.000000 1.000000 1.000000 28.305195 28.305195 28.305195 28.305195 1.000000 1.000000 1.000000 1.000000)
hex (564 565 566 567 572 573 574 575) pipe (8 8 1)  edgeGrading (1.000000 1.000000 1.000000 1.000000 1.000000 1.000000 1.000000 1.000000 1.000000 1.000000 1.000000 1.000000)
hex (568 569 573 572 576 577 581 580) pipe (8 8 1)  edgeGrading (1.000000 1.000000 1.000000 1.000000 28.305195 28.305195 28.305195 28.305195 1.000000 1.000000 1.000000 1.000000)
hex (569 570 574 573 577 578 582 581) pipe (8 8 1)  edgeGrading (1.000000 1.000000 1.000000 1.000000 28.305195 28.305195 28.305195 28.305195 1.000000 1.000000 1.000000 1.000000)
hex (570 571 575 574 578 579 583 582) pipe (8 8 1)  edgeGrading (1.000000 1.000000 1.000000 1.000000 28.305195 28.305195 28.305195 28.305195 1.000000 1.000000 1.000000 1.000000)
hex (571 568 572 575 579 576 580 583) pipe (8 8 1)  edgeGrading (1.000000 1.000000 1.000000 1.000000 28.305195 28.305195 28.305195 28.305195 1.000000 1.000000 1.000000 1.000000)
hex (572 573 574 575 580 581 582 583) pipe (8 8 1)  edgeGrading (1.000000 1.000000 1.000000 1.000000 1.000000 1.000000 1.000000 1.000000 1.000000 1.000000 1.000000 1.000000)
hex (576 577 581 580 584 585 589 588) pipe (8 8 1)  edgeGrading (1.000000 1.000000 1.000000 1.000000 28.305195 28.305195 28.305195 28.305195 1.000000 1.000000 1.000000 1.000000)
hex (577 578 582 581 585 586 590 589) pipe (8 8 1)  edgeGrading (1.000000 1.000000 1.000000 1.000000 28.305195 28.305195 28.305195 28.305195 1.000000 1.000000 1.000000 1.000000)
hex (578 579 583 582 586 587 591 590) pipe (8 8 1)  edgeGrading (1.000000 1.000000 1.000000 1.000000 28.305195 28.305195 28.305195 28.305195 1.000000 1.000000 1.000000 1.000000)
hex (579 576 580 583 587 584 588 591) pipe (8 8 1)  edgeGrading (1.000000 1.000000 1.000000 1.000000 28.305195 28.305195 28.305195 28.305195 1.000000 1.000000 1.000000 1.000000)
hex (580 581 582 583 588 589 590 591) pipe (8 8 1)  edgeGrading (1.000000 1.000000 1.000000 1.000000 1.000000 1.000000 1.000000 1.000000 1.000000 1.000000 1.000000 1.000000)
hex (584 585 589 588 592 593 597 596) pipe (8 8 1)  edgeGrading (1.000000 1.000000 1.000000 1.000000 28.305195 28.305195 28.305195 28.305195 1.000000 1.000000 1.000000 1.000000)
hex (585 586 590 589 593 594 598 597) pipe (8 8 1)  edgeGrading (1.000000 1.000000 1.000000 1.000000 28.305195 28.305195 28.305195 28.305195 1.000000 1.000000 1.000000 1.000000)
hex (586 587 591 590 594 595 599 598) pipe (8 8 1)  edgeGrading (1.000000 1.000000 1.000000 1.000000 28.305195 28.305195 28.305195 28.305195 1.000000 1.000000 1.000000 1.000000)
hex (587 584 588 591 595 592 596 599) pipe (8 8 1)  edgeGrading (1.000000 1.000000 1.000000 1.000000 28.305195 28.305195 28.305195 28.305195 1.000000 1.000000 1.000000 1.000000)
hex (588 589 590 591 596 597 598 599) pipe (8 8 1)  edgeGrading (1.000000 1.000000 1.000000 1.000000 1.000000 1.000000 1.000000 1.000000 1.000000 1.000000 1.000000 1.000000)
hex (592 593 597 596 600 601 605 604) pipe (8 8 1)  edgeGrading (1.000000 1.000000 1.000000 1.000000 28.305195 28.305195 28.305195 28.305195 1.000000 1.000000 1.000000 1.000000)
hex (593 594 598 597 601 602 606 605) pipe (8 8 1)  edgeGrading (1.000000 1.000000 1.000000 1.000000 28.305195 28.305195 28.305195 28.305195 1.000000 1.000000 1.000000 1.000000)
hex (594 595 599 598 602 603 607 606) pipe (8 8 1)  edgeGrading (1.000000 1.000000 1.000000 1.000000 28.305195 28.305195 28.305195 28.305195 1.000000 1.000000 1.000000 1.000000)
hex (595 592 596 599 603 600 604 607) pipe (8 8 1)  edgeGrading (1.000000 1.000000 1.000000 1.000000 28.305195 28.305195 28.305195 28.305195 1.000000 1.000000 1.000000 1.000000)
hex (596 597 598 599 604 605 606 607) pipe (8 8 1)  edgeGrading (1.000000 1.000000 1.000000 1.000000 1.000000 1.000000 1.000000 1.000000 1.000000 1.000000 1.000000 1.000000)
hex (600 601 605 604 608 609 613 612) pipe (8 8 1)  edgeGrading (1.000000 1.000000 1.000000 1.000000 28.305195 28.305195 28.305195 28.305195 1.000000 1.000000 1.000000 1.000000)
hex (601 602 606 605 609 610 614 613) pipe (8 8 1)  edgeGrading (1.000000 1.000000 1.000000 1.000000 28.305195 28.305195 28.305195 28.305195 1.000000 1.000000 1.000000 1.000000)
hex (602 603 607 606 610 611 615 614) pipe (8 8 1)  edgeGrading (1.000000 1.000000 1.000000 1.000000 28.305195 28.305195 28.305195 28.305195 1.000000 1.000000 1.000000 1.000000)
hex (603 600 604 607 611 608 612 615) pipe (8 8 1)  edgeGrading (1.000000 1.000000 1.000000 1.000000 28.305195 28.305195 28.305195 28.305195 1.000000 1.000000 1.000000 1.000000)
hex (604 605 606 607 612 613 614 615) pipe (8 8 1)  edgeGrading (1.000000 1.000000 1.000000 1.000000 1.000000 1.000000 1.000000 1.000000 1.000000 1.000000 1.000000 1.000000)
hex (608 609 613 612 616 617 621 620) pipe (8 8 1)  edgeGrading (1.000000 1.000000 1.000000 1.000000 28.305195 28.305195 28.305195 28.305195 1.000000 1.000000 1.000000 1.000000)
hex (609 610 614 613 617 618 622 621) pipe (8 8 1)  edgeGrading (1.000000 1.000000 1.000000 1.000000 28.305195 28.305195 28.305195 28.305195 1.000000 1.000000 1.000000 1.000000)
hex (610 611 615 614 618 619 623 622) pipe (8 8 1)  edgeGrading (1.000000 1.000000 1.000000 1.000000 28.305195 28.305195 28.305195 28.305195 1.000000 1.000000 1.000000 1.000000)
hex (611 608 612 615 619 616 620 623) pipe (8 8 1)  edgeGrading (1.000000 1.000000 1.000000 1.000000 28.305195 28.305195 28.305195 28.305195 1.000000 1.000000 1.000000 1.000000)
hex (612 613 614 615 620 621 622 623) pipe (8 8 1)  edgeGrading (1.000000 1.000000 1.000000 1.000000 1.000000 1.000000 1.000000 1.000000 1.000000 1.000000 1.000000 1.000000)
hex (616 617 621 620 624 625 629 628) pipe (8 8 1)  edgeGrading (1.000000 1.000000 1.000000 1.000000 28.305195 28.305195 28.305195 28.305195 1.000000 1.000000 1.000000 1.000000)
hex (617 618 622 621 625 626 630 629) pipe (8 8 1)  edgeGrading (1.000000 1.000000 1.000000 1.000000 28.305195 28.305195 28.305195 28.305195 1.000000 1.000000 1.000000 1.000000)
hex (618 619 623 622 626 627 631 630) pipe (8 8 1)  edgeGrading (1.000000 1.000000 1.000000 1.000000 28.305195 28.305195 28.305195 28.305195 1.000000 1.000000 1.000000 1.000000)
hex (619 616 620 623 627 624 628 631) pipe (8 8 1)  edgeGrading (1.000000 1.000000 1.000000 1.000000 28.305195 28.305195 28.305195 28.305195 1.000000 1.000000 1.000000 1.000000)
hex (620 621 622 623 628 629 630 631) pipe (8 8 1)  edgeGrading (1.000000 1.000000 1.000000 1.000000 1.000000 1.000000 1.000000 1.000000 1.000000 1.000000 1.000000 1.000000)
hex (624 625 629 628 632 633 637 636) pipe (8 8 1)  edgeGrading (1.000000 1.000000 1.000000 1.000000 28.305195 28.305195 28.305195 28.305195 1.000000 1.000000 1.000000 1.000000)
hex (625 626 630 629 633 634 638 637) pipe (8 8 1)  edgeGrading (1.000000 1.000000 1.000000 1.000000 28.305195 28.305195 28.305195 28.305195 1.000000 1.000000 1.000000 1.000000)
hex (626 627 631 630 634 635 639 638) pipe (8 8 1)  edgeGrading (1.000000 1.000000 1.000000 1.000000 28.305195 28.305195 28.305195 28.305195 1.000000 1.000000 1.000000 1.000000)
hex (627 624 628 631 635 632 636 639) pipe (8 8 1)  edgeGrading (1.000000 1.000000 1.000000 1.000000 28.305195 28.305195 28.305195 28.305195 1.000000 1.000000 1.000000 1.000000)
hex (628 629 630 631 636 637 638 639) pipe (8 8 1)  edgeGrading (1.000000 1.000000 1.000000 1.000000 1.000000 1.000000 1.000000 1.000000 1.000000 1.000000 1.000000 1.000000)
);

edges
(
arc 0 1 (1.767767e-04 1.767767e-04 0.000000e+00) 
arc 1 2 (-1.767767e-04 1.767767e-04 0.000000e+00) 
arc 2 3 (-1.767767e-04 -1.767767e-04 0.000000e+00) 
arc 3 0 (1.767767e-04 -1.767767e-04 0.000000e+00) 
arc 4 5 (1.237437e-04 1.237437e-04 0.000000e+00) 
arc 5 6 (-1.237437e-04 1.237437e-04 0.000000e+00) 
arc 6 7 (-1.237437e-04 -1.237437e-04 0.000000e+00) 
arc 7 4 (1.237437e-04 -1.237437e-04 0.000000e+00) 
arc 8 9 (1.767767e-04 1.767767e-04 2.531646e-04) 
arc 9 10 (-1.767767e-04 1.767767e-04 2.531646e-04) 
arc 10 11 (-1.767767e-04 -1.767767e-04 2.531646e-04) 
arc 11 8 (1.767767e-04 -1.767767e-04 2.531646e-04) 
arc 12 13 (1.237437e-04 1.237437e-04 2.531646e-04) 
arc 13 14 (-1.237437e-04 1.237437e-04 2.531646e-04) 
arc 14 15 (-1.237437e-04 -1.237437e-04 2.531646e-04) 
arc 15 12 (1.237437e-04 -1.237437e-04 2.531646e-04) 
arc 16 17 (1.767767e-04 1.767767e-04 5.063291e-04) 
arc 17 18 (-1.767767e-04 1.767767e-04 5.063291e-04) 
arc 18 19 (-1.767767e-04 -1.767767e-04 5.063291e-04) 
arc 19 16 (1.767767e-04 -1.767767e-04 5.063291e-04) 
arc 20 21 (1.237437e-04 1.237437e-04 5.063291e-04) 
arc 21 22 (-1.237437e-04 1.237437e-04 5.063291e-04) 
arc 22 23 (-1.237437e-04 -1.237437e-04 5.063291e-04) 
arc 23 20 (1.237437e-04 -1.237437e-04 5.063291e-04) 
arc 24 25 (1.767767e-04 1.767767e-04 7.594937e-04) 
arc 25 26 (-1.767767e-04 1.767767e-04 7.594937e-04) 
arc 26 27 (-1.767767e-04 -1.767767e-04 7.594937e-04) 
arc 27 24 (1.767767e-04 -1.767767e-04 7.594937e-04) 
arc 28 29 (1.237437e-04 1.237437e-04 7.594937e-04) 
arc 29 30 (-1.237437e-04 1.237437e-04 7.594937e-04) 
arc 30 31 (-1.237437e-04 -1.237437e-04 7.594937e-04) 
arc 31 28 (1.237437e-04 -1.237437e-04 7.594937e-04) 
arc 32 33 (1.767767e-04 1.767767e-04 1.012658e-03) 
arc 33 34 (-1.767767e-04 1.767767e-04 1.012658e-03) 
arc 34 35 (-1.767767e-04 -1.767767e-04 1.012658e-03) 
arc 35 32 (1.767767e-04 -1.767767e-04 1.012658e-03) 
arc 36 37 (1.237437e-04 1.237437e-04 1.012658e-03) 
arc 37 38 (-1.237437e-04 1.237437e-04 1.012658e-03) 
arc 38 39 (-1.237437e-04 -1.237437e-04 1.012658e-03) 
arc 39 36 (1.237437e-04 -1.237437e-04 1.012658e-03) 
arc 40 41 (1.767767e-04 1.767767e-04 1.265823e-03) 
arc 41 42 (-1.767767e-04 1.767767e-04 1.265823e-03) 
arc 42 43 (-1.767767e-04 -1.767767e-04 1.265823e-03) 
arc 43 40 (1.767767e-04 -1.767767e-04 1.265823e-03) 
arc 44 45 (1.237437e-04 1.237437e-04 1.265823e-03) 
arc 45 46 (-1.237437e-04 1.237437e-04 1.265823e-03) 
arc 46 47 (-1.237437e-04 -1.237437e-04 1.265823e-03) 
arc 47 44 (1.237437e-04 -1.237437e-04 1.265823e-03) 
arc 48 49 (1.767767e-04 1.767767e-04 1.518987e-03) 
arc 49 50 (-1.767767e-04 1.767767e-04 1.518987e-03) 
arc 50 51 (-1.767767e-04 -1.767767e-04 1.518987e-03) 
arc 51 48 (1.767767e-04 -1.767767e-04 1.518987e-03) 
arc 52 53 (1.237437e-04 1.237437e-04 1.518987e-03) 
arc 53 54 (-1.237437e-04 1.237437e-04 1.518987e-03) 
arc 54 55 (-1.237437e-04 -1.237437e-04 1.518987e-03) 
arc 55 52 (1.237437e-04 -1.237437e-04 1.518987e-03) 
arc 56 57 (1.767767e-04 1.767767e-04 1.772152e-03) 
arc 57 58 (-1.767767e-04 1.767767e-04 1.772152e-03) 
arc 58 59 (-1.767767e-04 -1.767767e-04 1.772152e-03) 
arc 59 56 (1.767767e-04 -1.767767e-04 1.772152e-03) 
arc 60 61 (1.237437e-04 1.237437e-04 1.772152e-03) 
arc 61 62 (-1.237437e-04 1.237437e-04 1.772152e-03) 
arc 62 63 (-1.237437e-04 -1.237437e-04 1.772152e-03) 
arc 63 60 (1.237437e-04 -1.237437e-04 1.772152e-03) 
arc 64 65 (1.767767e-04 1.767767e-04 2.025316e-03) 
arc 65 66 (-1.767767e-04 1.767767e-04 2.025316e-03) 
arc 66 67 (-1.767767e-04 -1.767767e-04 2.025316e-03) 
arc 67 64 (1.767767e-04 -1.767767e-04 2.025316e-03) 
arc 68 69 (1.237437e-04 1.237437e-04 2.025316e-03) 
arc 69 70 (-1.237437e-04 1.237437e-04 2.025316e-03) 
arc 70 71 (-1.237437e-04 -1.237437e-04 2.025316e-03) 
arc 71 68 (1.237437e-04 -1.237437e-04 2.025316e-03) 
arc 72 73 (1.767767e-04 1.767767e-04 2.278481e-03) 
arc 73 74 (-1.767767e-04 1.767767e-04 2.278481e-03) 
arc 74 75 (-1.767767e-04 -1.767767e-04 2.278481e-03) 
arc 75 72 (1.767767e-04 -1.767767e-04 2.278481e-03) 
arc 76 77 (1.237437e-04 1.237437e-04 2.278481e-03) 
arc 77 78 (-1.237437e-04 1.237437e-04 2.278481e-03) 
arc 78 79 (-1.237437e-04 -1.237437e-04 2.278481e-03) 
arc 79 76 (1.237437e-04 -1.237437e-04 2.278481e-03) 
arc 80 81 (1.767767e-04 1.767767e-04 2.531646e-03) 
arc 81 82 (-1.767767e-04 1.767767e-04 2.531646e-03) 
arc 82 83 (-1.767767e-04 -1.767767e-04 2.531646e-03) 
arc 83 80 (1.767767e-04 -1.767767e-04 2.531646e-03) 
arc 84 85 (1.237437e-04 1.237437e-04 2.531646e-03) 
arc 85 86 (-1.237437e-04 1.237437e-04 2.531646e-03) 
arc 86 87 (-1.237437e-04 -1.237437e-04 2.531646e-03) 
arc 87 84 (1.237437e-04 -1.237437e-04 2.531646e-03) 
arc 88 89 (1.767767e-04 1.767767e-04 2.784810e-03) 
arc 89 90 (-1.767767e-04 1.767767e-04 2.784810e-03) 
arc 90 91 (-1.767767e-04 -1.767767e-04 2.784810e-03) 
arc 91 88 (1.767767e-04 -1.767767e-04 2.784810e-03) 
arc 92 93 (1.237437e-04 1.237437e-04 2.784810e-03) 
arc 93 94 (-1.237437e-04 1.237437e-04 2.784810e-03) 
arc 94 95 (-1.237437e-04 -1.237437e-04 2.784810e-03) 
arc 95 92 (1.237437e-04 -1.237437e-04 2.784810e-03) 
arc 96 97 (1.767767e-04 1.767767e-04 3.037975e-03) 
arc 97 98 (-1.767767e-04 1.767767e-04 3.037975e-03) 
arc 98 99 (-1.767767e-04 -1.767767e-04 3.037975e-03) 
arc 99 96 (1.767767e-04 -1.767767e-04 3.037975e-03) 
arc 100 101 (1.237437e-04 1.237437e-04 3.037975e-03) 
arc 101 102 (-1.237437e-04 1.237437e-04 3.037975e-03) 
arc 102 103 (-1.237437e-04 -1.237437e-04 3.037975e-03) 
arc 103 100 (1.237437e-04 -1.237437e-04 3.037975e-03) 
arc 104 105 (1.767767e-04 1.767767e-04 3.291139e-03) 
arc 105 106 (-1.767767e-04 1.767767e-04 3.291139e-03) 
arc 106 107 (-1.767767e-04 -1.767767e-04 3.291139e-03) 
arc 107 104 (1.767767e-04 -1.767767e-04 3.291139e-03) 
arc 108 109 (1.237437e-04 1.237437e-04 3.291139e-03) 
arc 109 110 (-1.237437e-04 1.237437e-04 3.291139e-03) 
arc 110 111 (-1.237437e-04 -1.237437e-04 3.291139e-03) 
arc 111 108 (1.237437e-04 -1.237437e-04 3.291139e-03) 
arc 112 113 (1.767767e-04 1.767767e-04 3.544304e-03) 
arc 113 114 (-1.767767e-04 1.767767e-04 3.544304e-03) 
arc 114 115 (-1.767767e-04 -1.767767e-04 3.544304e-03) 
arc 115 112 (1.767767e-04 -1.767767e-04 3.544304e-03) 
arc 116 117 (1.237437e-04 1.237437e-04 3.544304e-03) 
arc 117 118 (-1.237437e-04 1.237437e-04 3.544304e-03) 
arc 118 119 (-1.237437e-04 -1.237437e-04 3.544304e-03) 
arc 119 116 (1.237437e-04 -1.237437e-04 3.544304e-03) 
arc 120 121 (1.767767e-04 1.767767e-04 3.797468e-03) 
arc 121 122 (-1.767767e-04 1.767767e-04 3.797468e-03) 
arc 122 123 (-1.767767e-04 -1.767767e-04 3.797468e-03) 
arc 123 120 (1.767767e-04 -1.767767e-04 3.797468e-03) 
arc 124 125 (1.237437e-04 1.237437e-04 3.797468e-03) 
arc 125 126 (-1.237437e-04 1.237437e-04 3.797468e-03) 
arc 126 127 (-1.237437e-04 -1.237437e-04 3.797468e-03) 
arc 127 124 (1.237437e-04 -1.237437e-04 3.797468e-03) 
arc 128 129 (1.767767e-04 1.767767e-04 4.050633e-03) 
arc 129 130 (-1.767767e-04 1.767767e-04 4.050633e-03) 
arc 130 131 (-1.767767e-04 -1.767767e-04 4.050633e-03) 
arc 131 128 (1.767767e-04 -1.767767e-04 4.050633e-03) 
arc 132 133 (1.237437e-04 1.237437e-04 4.050633e-03) 
arc 133 134 (-1.237437e-04 1.237437e-04 4.050633e-03) 
arc 134 135 (-1.237437e-04 -1.237437e-04 4.050633e-03) 
arc 135 132 (1.237437e-04 -1.237437e-04 4.050633e-03) 
arc 136 137 (1.767767e-04 1.767767e-04 4.303797e-03) 
arc 137 138 (-1.767767e-04 1.767767e-04 4.303797e-03) 
arc 138 139 (-1.767767e-04 -1.767767e-04 4.303797e-03) 
arc 139 136 (1.767767e-04 -1.767767e-04 4.303797e-03) 
arc 140 141 (1.237437e-04 1.237437e-04 4.303797e-03) 
arc 141 142 (-1.237437e-04 1.237437e-04 4.303797e-03) 
arc 142 143 (-1.237437e-04 -1.237437e-04 4.303797e-03) 
arc 143 140 (1.237437e-04 -1.237437e-04 4.303797e-03) 
arc 144 145 (1.767767e-04 1.767767e-04 4.556962e-03) 
arc 145 146 (-1.767767e-04 1.767767e-04 4.556962e-03) 
arc 146 147 (-1.767767e-04 -1.767767e-04 4.556962e-03) 
arc 147 144 (1.767767e-04 -1.767767e-04 4.556962e-03) 
arc 148 149 (1.237437e-04 1.237437e-04 4.556962e-03) 
arc 149 150 (-1.237437e-04 1.237437e-04 4.556962e-03) 
arc 150 151 (-1.237437e-04 -1.237437e-04 4.556962e-03) 
arc 151 148 (1.237437e-04 -1.237437e-04 4.556962e-03) 
arc 152 153 (1.767767e-04 1.767767e-04 4.810127e-03) 
arc 153 154 (-1.767767e-04 1.767767e-04 4.810127e-03) 
arc 154 155 (-1.767767e-04 -1.767767e-04 4.810127e-03) 
arc 155 152 (1.767767e-04 -1.767767e-04 4.810127e-03) 
arc 156 157 (1.237437e-04 1.237437e-04 4.810127e-03) 
arc 157 158 (-1.237437e-04 1.237437e-04 4.810127e-03) 
arc 158 159 (-1.237437e-04 -1.237437e-04 4.810127e-03) 
arc 159 156 (1.237437e-04 -1.237437e-04 4.810127e-03) 
arc 160 161 (1.767767e-04 1.767767e-04 5.063291e-03) 
arc 161 162 (-1.767767e-04 1.767767e-04 5.063291e-03) 
arc 162 163 (-1.767767e-04 -1.767767e-04 5.063291e-03) 
arc 163 160 (1.767767e-04 -1.767767e-04 5.063291e-03) 
arc 164 165 (1.237437e-04 1.237437e-04 5.063291e-03) 
arc 165 166 (-1.237437e-04 1.237437e-04 5.063291e-03) 
arc 166 167 (-1.237437e-04 -1.237437e-04 5.063291e-03) 
arc 167 164 (1.237437e-04 -1.237437e-04 5.063291e-03) 
arc 168 169 (1.767767e-04 1.767767e-04 5.316456e-03) 
arc 169 170 (-1.767767e-04 1.767767e-04 5.316456e-03) 
arc 170 171 (-1.767767e-04 -1.767767e-04 5.316456e-03) 
arc 171 168 (1.767767e-04 -1.767767e-04 5.316456e-03) 
arc 172 173 (1.237437e-04 1.237437e-04 5.316456e-03) 
arc 173 174 (-1.237437e-04 1.237437e-04 5.316456e-03) 
arc 174 175 (-1.237437e-04 -1.237437e-04 5.316456e-03) 
arc 175 172 (1.237437e-04 -1.237437e-04 5.316456e-03) 
arc 176 177 (1.767767e-04 1.767767e-04 5.569620e-03) 
arc 177 178 (-1.767767e-04 1.767767e-04 5.569620e-03) 
arc 178 179 (-1.767767e-04 -1.767767e-04 5.569620e-03) 
arc 179 176 (1.767767e-04 -1.767767e-04 5.569620e-03) 
arc 180 181 (1.237437e-04 1.237437e-04 5.569620e-03) 
arc 181 182 (-1.237437e-04 1.237437e-04 5.569620e-03) 
arc 182 183 (-1.237437e-04 -1.237437e-04 5.569620e-03) 
arc 183 180 (1.237437e-04 -1.237437e-04 5.569620e-03) 
arc 184 185 (1.767767e-04 1.767767e-04 5.822785e-03) 
arc 185 186 (-1.767767e-04 1.767767e-04 5.822785e-03) 
arc 186 187 (-1.767767e-04 -1.767767e-04 5.822785e-03) 
arc 187 184 (1.767767e-04 -1.767767e-04 5.822785e-03) 
arc 188 189 (1.237437e-04 1.237437e-04 5.822785e-03) 
arc 189 190 (-1.237437e-04 1.237437e-04 5.822785e-03) 
arc 190 191 (-1.237437e-04 -1.237437e-04 5.822785e-03) 
arc 191 188 (1.237437e-04 -1.237437e-04 5.822785e-03) 
arc 192 193 (1.767767e-04 1.767767e-04 6.075949e-03) 
arc 193 194 (-1.767767e-04 1.767767e-04 6.075949e-03) 
arc 194 195 (-1.767767e-04 -1.767767e-04 6.075949e-03) 
arc 195 192 (1.767767e-04 -1.767767e-04 6.075949e-03) 
arc 196 197 (1.237437e-04 1.237437e-04 6.075949e-03) 
arc 197 198 (-1.237437e-04 1.237437e-04 6.075949e-03) 
arc 198 199 (-1.237437e-04 -1.237437e-04 6.075949e-03) 
arc 199 196 (1.237437e-04 -1.237437e-04 6.075949e-03) 
arc 200 201 (1.767767e-04 1.767767e-04 6.329114e-03) 
arc 201 202 (-1.767767e-04 1.767767e-04 6.329114e-03) 
arc 202 203 (-1.767767e-04 -1.767767e-04 6.329114e-03) 
arc 203 200 (1.767767e-04 -1.767767e-04 6.329114e-03) 
arc 204 205 (1.237437e-04 1.237437e-04 6.329114e-03) 
arc 205 206 (-1.237437e-04 1.237437e-04 6.329114e-03) 
arc 206 207 (-1.237437e-04 -1.237437e-04 6.329114e-03) 
arc 207 204 (1.237437e-04 -1.237437e-04 6.329114e-03) 
arc 208 209 (1.767767e-04 1.767767e-04 6.582278e-03) 
arc 209 210 (-1.767767e-04 1.767767e-04 6.582278e-03) 
arc 210 211 (-1.767767e-04 -1.767767e-04 6.582278e-03) 
arc 211 208 (1.767767e-04 -1.767767e-04 6.582278e-03) 
arc 212 213 (1.237437e-04 1.237437e-04 6.582278e-03) 
arc 213 214 (-1.237437e-04 1.237437e-04 6.582278e-03) 
arc 214 215 (-1.237437e-04 -1.237437e-04 6.582278e-03) 
arc 215 212 (1.237437e-04 -1.237437e-04 6.582278e-03) 
arc 216 217 (1.767767e-04 1.767767e-04 6.835443e-03) 
arc 217 218 (-1.767767e-04 1.767767e-04 6.835443e-03) 
arc 218 219 (-1.767767e-04 -1.767767e-04 6.835443e-03) 
arc 219 216 (1.767767e-04 -1.767767e-04 6.835443e-03) 
arc 220 221 (1.237437e-04 1.237437e-04 6.835443e-03) 
arc 221 222 (-1.237437e-04 1.237437e-04 6.835443e-03) 
arc 222 223 (-1.237437e-04 -1.237437e-04 6.835443e-03) 
arc 223 220 (1.237437e-04 -1.237437e-04 6.835443e-03) 
arc 224 225 (1.767767e-04 1.767767e-04 7.088608e-03) 
arc 225 226 (-1.767767e-04 1.767767e-04 7.088608e-03) 
arc 226 227 (-1.767767e-04 -1.767767e-04 7.088608e-03) 
arc 227 224 (1.767767e-04 -1.767767e-04 7.088608e-03) 
arc 228 229 (1.237437e-04 1.237437e-04 7.088608e-03) 
arc 229 230 (-1.237437e-04 1.237437e-04 7.088608e-03) 
arc 230 231 (-1.237437e-04 -1.237437e-04 7.088608e-03) 
arc 231 228 (1.237437e-04 -1.237437e-04 7.088608e-03) 
arc 232 233 (1.767767e-04 1.767767e-04 7.341772e-03) 
arc 233 234 (-1.767767e-04 1.767767e-04 7.341772e-03) 
arc 234 235 (-1.767767e-04 -1.767767e-04 7.341772e-03) 
arc 235 232 (1.767767e-04 -1.767767e-04 7.341772e-03) 
arc 236 237 (1.237437e-04 1.237437e-04 7.341772e-03) 
arc 237 238 (-1.237437e-04 1.237437e-04 7.341772e-03) 
arc 238 239 (-1.237437e-04 -1.237437e-04 7.341772e-03) 
arc 239 236 (1.237437e-04 -1.237437e-04 7.341772e-03) 
arc 240 241 (1.767767e-04 1.767767e-04 7.594937e-03) 
arc 241 242 (-1.767767e-04 1.767767e-04 7.594937e-03) 
arc 242 243 (-1.767767e-04 -1.767767e-04 7.594937e-03) 
arc 243 240 (1.767767e-04 -1.767767e-04 7.594937e-03) 
arc 244 245 (1.237437e-04 1.237437e-04 7.594937e-03) 
arc 245 246 (-1.237437e-04 1.237437e-04 7.594937e-03) 
arc 246 247 (-1.237437e-04 -1.237437e-04 7.594937e-03) 
arc 247 244 (1.237437e-04 -1.237437e-04 7.594937e-03) 
arc 248 249 (1.767767e-04 1.767767e-04 7.848101e-03) 
arc 249 250 (-1.767767e-04 1.767767e-04 7.848101e-03) 
arc 250 251 (-1.767767e-04 -1.767767e-04 7.848101e-03) 
arc 251 248 (1.767767e-04 -1.767767e-04 7.848101e-03) 
arc 252 253 (1.237437e-04 1.237437e-04 7.848101e-03) 
arc 253 254 (-1.237437e-04 1.237437e-04 7.848101e-03) 
arc 254 255 (-1.237437e-04 -1.237437e-04 7.848101e-03) 
arc 255 252 (1.237437e-04 -1.237437e-04 7.848101e-03) 
arc 256 257 (1.767767e-04 1.767767e-04 8.101266e-03) 
arc 257 258 (-1.767767e-04 1.767767e-04 8.101266e-03) 
arc 258 259 (-1.767767e-04 -1.767767e-04 8.101266e-03) 
arc 259 256 (1.767767e-04 -1.767767e-04 8.101266e-03) 
arc 260 261 (1.237437e-04 1.237437e-04 8.101266e-03) 
arc 261 262 (-1.237437e-04 1.237437e-04 8.101266e-03) 
arc 262 263 (-1.237437e-04 -1.237437e-04 8.101266e-03) 
arc 263 260 (1.237437e-04 -1.237437e-04 8.101266e-03) 
arc 264 265 (1.767767e-04 1.767767e-04 8.354430e-03) 
arc 265 266 (-1.767767e-04 1.767767e-04 8.354430e-03) 
arc 266 267 (-1.767767e-04 -1.767767e-04 8.354430e-03) 
arc 267 264 (1.767767e-04 -1.767767e-04 8.354430e-03) 
arc 268 269 (1.237437e-04 1.237437e-04 8.354430e-03) 
arc 269 270 (-1.237437e-04 1.237437e-04 8.354430e-03) 
arc 270 271 (-1.237437e-04 -1.237437e-04 8.354430e-03) 
arc 271 268 (1.237437e-04 -1.237437e-04 8.354430e-03) 
arc 272 273 (1.767767e-04 1.767767e-04 8.607595e-03) 
arc 273 274 (-1.767767e-04 1.767767e-04 8.607595e-03) 
arc 274 275 (-1.767767e-04 -1.767767e-04 8.607595e-03) 
arc 275 272 (1.767767e-04 -1.767767e-04 8.607595e-03) 
arc 276 277 (1.237437e-04 1.237437e-04 8.607595e-03) 
arc 277 278 (-1.237437e-04 1.237437e-04 8.607595e-03) 
arc 278 279 (-1.237437e-04 -1.237437e-04 8.607595e-03) 
arc 279 276 (1.237437e-04 -1.237437e-04 8.607595e-03) 
arc 280 281 (1.767767e-04 1.767767e-04 8.860759e-03) 
arc 281 282 (-1.767767e-04 1.767767e-04 8.860759e-03) 
arc 282 283 (-1.767767e-04 -1.767767e-04 8.860759e-03) 
arc 283 280 (1.767767e-04 -1.767767e-04 8.860759e-03) 
arc 284 285 (1.237437e-04 1.237437e-04 8.860759e-03) 
arc 285 286 (-1.237437e-04 1.237437e-04 8.860759e-03) 
arc 286 287 (-1.237437e-04 -1.237437e-04 8.860759e-03) 
arc 287 284 (1.237437e-04 -1.237437e-04 8.860759e-03) 
arc 288 289 (1.767767e-04 1.767767e-04 9.113924e-03) 
arc 289 290 (-1.767767e-04 1.767767e-04 9.113924e-03) 
arc 290 291 (-1.767767e-04 -1.767767e-04 9.113924e-03) 
arc 291 288 (1.767767e-04 -1.767767e-04 9.113924e-03) 
arc 292 293 (1.237437e-04 1.237437e-04 9.113924e-03) 
arc 293 294 (-1.237437e-04 1.237437e-04 9.113924e-03) 
arc 294 295 (-1.237437e-04 -1.237437e-04 9.113924e-03) 
arc 295 292 (1.237437e-04 -1.237437e-04 9.113924e-03) 
arc 296 297 (1.767767e-04 1.767767e-04 9.367089e-03) 
arc 297 298 (-1.767767e-04 1.767767e-04 9.367089e-03) 
arc 298 299 (-1.767767e-04 -1.767767e-04 9.367089e-03) 
arc 299 296 (1.767767e-04 -1.767767e-04 9.367089e-03) 
arc 300 301 (1.237437e-04 1.237437e-04 9.367089e-03) 
arc 301 302 (-1.237437e-04 1.237437e-04 9.367089e-03) 
arc 302 303 (-1.237437e-04 -1.237437e-04 9.367089e-03) 
arc 303 300 (1.237437e-04 -1.237437e-04 9.367089e-03) 
arc 304 305 (1.767767e-04 1.767767e-04 9.620253e-03) 
arc 305 306 (-1.767767e-04 1.767767e-04 9.620253e-03) 
arc 306 307 (-1.767767e-04 -1.767767e-04 9.620253e-03) 
arc 307 304 (1.767767e-04 -1.767767e-04 9.620253e-03) 
arc 308 309 (1.237437e-04 1.237437e-04 9.620253e-03) 
arc 309 310 (-1.237437e-04 1.237437e-04 9.620253e-03) 
arc 310 311 (-1.237437e-04 -1.237437e-04 9.620253e-03) 
arc 311 308 (1.237437e-04 -1.237437e-04 9.620253e-03) 
arc 312 313 (1.767767e-04 1.767767e-04 9.873418e-03) 
arc 313 314 (-1.767767e-04 1.767767e-04 9.873418e-03) 
arc 314 315 (-1.767767e-04 -1.767767e-04 9.873418e-03) 
arc 315 312 (1.767767e-04 -1.767767e-04 9.873418e-03) 
arc 316 317 (1.237437e-04 1.237437e-04 9.873418e-03) 
arc 317 318 (-1.237437e-04 1.237437e-04 9.873418e-03) 
arc 318 319 (-1.237437e-04 -1.237437e-04 9.873418e-03) 
arc 319 316 (1.237437e-04 -1.237437e-04 9.873418e-03) 
arc 320 321 (1.767767e-04 1.767767e-04 1.012658e-02) 
arc 321 322 (-1.767767e-04 1.767767e-04 1.012658e-02) 
arc 322 323 (-1.767767e-04 -1.767767e-04 1.012658e-02) 
arc 323 320 (1.767767e-04 -1.767767e-04 1.012658e-02) 
arc 324 325 (1.237437e-04 1.237437e-04 1.012658e-02) 
arc 325 326 (-1.237437e-04 1.237437e-04 1.012658e-02) 
arc 326 327 (-1.237437e-04 -1.237437e-04 1.012658e-02) 
arc 327 324 (1.237437e-04 -1.237437e-04 1.012658e-02) 
arc 328 329 (1.767767e-04 1.767767e-04 1.037975e-02) 
arc 329 330 (-1.767767e-04 1.767767e-04 1.037975e-02) 
arc 330 331 (-1.767767e-04 -1.767767e-04 1.037975e-02) 
arc 331 328 (1.767767e-04 -1.767767e-04 1.037975e-02) 
arc 332 333 (1.237437e-04 1.237437e-04 1.037975e-02) 
arc 333 334 (-1.237437e-04 1.237437e-04 1.037975e-02) 
arc 334 335 (-1.237437e-04 -1.237437e-04 1.037975e-02) 
arc 335 332 (1.237437e-04 -1.237437e-04 1.037975e-02) 
arc 336 337 (1.767767e-04 1.767767e-04 1.063291e-02) 
arc 337 338 (-1.767767e-04 1.767767e-04 1.063291e-02) 
arc 338 339 (-1.767767e-04 -1.767767e-04 1.063291e-02) 
arc 339 336 (1.767767e-04 -1.767767e-04 1.063291e-02) 
arc 340 341 (1.237437e-04 1.237437e-04 1.063291e-02) 
arc 341 342 (-1.237437e-04 1.237437e-04 1.063291e-02) 
arc 342 343 (-1.237437e-04 -1.237437e-04 1.063291e-02) 
arc 343 340 (1.237437e-04 -1.237437e-04 1.063291e-02) 
arc 344 345 (1.767767e-04 1.767767e-04 1.088608e-02) 
arc 345 346 (-1.767767e-04 1.767767e-04 1.088608e-02) 
arc 346 347 (-1.767767e-04 -1.767767e-04 1.088608e-02) 
arc 347 344 (1.767767e-04 -1.767767e-04 1.088608e-02) 
arc 348 349 (1.237437e-04 1.237437e-04 1.088608e-02) 
arc 349 350 (-1.237437e-04 1.237437e-04 1.088608e-02) 
arc 350 351 (-1.237437e-04 -1.237437e-04 1.088608e-02) 
arc 351 348 (1.237437e-04 -1.237437e-04 1.088608e-02) 
arc 352 353 (1.767767e-04 1.767767e-04 1.113924e-02) 
arc 353 354 (-1.767767e-04 1.767767e-04 1.113924e-02) 
arc 354 355 (-1.767767e-04 -1.767767e-04 1.113924e-02) 
arc 355 352 (1.767767e-04 -1.767767e-04 1.113924e-02) 
arc 356 357 (1.237437e-04 1.237437e-04 1.113924e-02) 
arc 357 358 (-1.237437e-04 1.237437e-04 1.113924e-02) 
arc 358 359 (-1.237437e-04 -1.237437e-04 1.113924e-02) 
arc 359 356 (1.237437e-04 -1.237437e-04 1.113924e-02) 
arc 360 361 (1.767767e-04 1.767767e-04 1.139241e-02) 
arc 361 362 (-1.767767e-04 1.767767e-04 1.139241e-02) 
arc 362 363 (-1.767767e-04 -1.767767e-04 1.139241e-02) 
arc 363 360 (1.767767e-04 -1.767767e-04 1.139241e-02) 
arc 364 365 (1.237437e-04 1.237437e-04 1.139241e-02) 
arc 365 366 (-1.237437e-04 1.237437e-04 1.139241e-02) 
arc 366 367 (-1.237437e-04 -1.237437e-04 1.139241e-02) 
arc 367 364 (1.237437e-04 -1.237437e-04 1.139241e-02) 
arc 368 369 (1.767767e-04 1.767767e-04 1.164557e-02) 
arc 369 370 (-1.767767e-04 1.767767e-04 1.164557e-02) 
arc 370 371 (-1.767767e-04 -1.767767e-04 1.164557e-02) 
arc 371 368 (1.767767e-04 -1.767767e-04 1.164557e-02) 
arc 372 373 (1.237437e-04 1.237437e-04 1.164557e-02) 
arc 373 374 (-1.237437e-04 1.237437e-04 1.164557e-02) 
arc 374 375 (-1.237437e-04 -1.237437e-04 1.164557e-02) 
arc 375 372 (1.237437e-04 -1.237437e-04 1.164557e-02) 
arc 376 377 (1.767767e-04 1.767767e-04 1.189873e-02) 
arc 377 378 (-1.767767e-04 1.767767e-04 1.189873e-02) 
arc 378 379 (-1.767767e-04 -1.767767e-04 1.189873e-02) 
arc 379 376 (1.767767e-04 -1.767767e-04 1.189873e-02) 
arc 380 381 (1.237437e-04 1.237437e-04 1.189873e-02) 
arc 381 382 (-1.237437e-04 1.237437e-04 1.189873e-02) 
arc 382 383 (-1.237437e-04 -1.237437e-04 1.189873e-02) 
arc 383 380 (1.237437e-04 -1.237437e-04 1.189873e-02) 
arc 384 385 (1.767767e-04 1.767767e-04 1.215190e-02) 
arc 385 386 (-1.767767e-04 1.767767e-04 1.215190e-02) 
arc 386 387 (-1.767767e-04 -1.767767e-04 1.215190e-02) 
arc 387 384 (1.767767e-04 -1.767767e-04 1.215190e-02) 
arc 388 389 (1.237437e-04 1.237437e-04 1.215190e-02) 
arc 389 390 (-1.237437e-04 1.237437e-04 1.215190e-02) 
arc 390 391 (-1.237437e-04 -1.237437e-04 1.215190e-02) 
arc 391 388 (1.237437e-04 -1.237437e-04 1.215190e-02) 
arc 392 393 (1.767767e-04 1.767767e-04 1.240506e-02) 
arc 393 394 (-1.767767e-04 1.767767e-04 1.240506e-02) 
arc 394 395 (-1.767767e-04 -1.767767e-04 1.240506e-02) 
arc 395 392 (1.767767e-04 -1.767767e-04 1.240506e-02) 
arc 396 397 (1.237437e-04 1.237437e-04 1.240506e-02) 
arc 397 398 (-1.237437e-04 1.237437e-04 1.240506e-02) 
arc 398 399 (-1.237437e-04 -1.237437e-04 1.240506e-02) 
arc 399 396 (1.237437e-04 -1.237437e-04 1.240506e-02) 
arc 400 401 (1.767767e-04 1.767767e-04 1.265823e-02) 
arc 401 402 (-1.767767e-04 1.767767e-04 1.265823e-02) 
arc 402 403 (-1.767767e-04 -1.767767e-04 1.265823e-02) 
arc 403 400 (1.767767e-04 -1.767767e-04 1.265823e-02) 
arc 404 405 (1.237437e-04 1.237437e-04 1.265823e-02) 
arc 405 406 (-1.237437e-04 1.237437e-04 1.265823e-02) 
arc 406 407 (-1.237437e-04 -1.237437e-04 1.265823e-02) 
arc 407 404 (1.237437e-04 -1.237437e-04 1.265823e-02) 
arc 408 409 (1.767767e-04 1.767767e-04 1.291139e-02) 
arc 409 410 (-1.767767e-04 1.767767e-04 1.291139e-02) 
arc 410 411 (-1.767767e-04 -1.767767e-04 1.291139e-02) 
arc 411 408 (1.767767e-04 -1.767767e-04 1.291139e-02) 
arc 412 413 (1.237437e-04 1.237437e-04 1.291139e-02) 
arc 413 414 (-1.237437e-04 1.237437e-04 1.291139e-02) 
arc 414 415 (-1.237437e-04 -1.237437e-04 1.291139e-02) 
arc 415 412 (1.237437e-04 -1.237437e-04 1.291139e-02) 
arc 416 417 (1.767767e-04 1.767767e-04 1.316456e-02) 
arc 417 418 (-1.767767e-04 1.767767e-04 1.316456e-02) 
arc 418 419 (-1.767767e-04 -1.767767e-04 1.316456e-02) 
arc 419 416 (1.767767e-04 -1.767767e-04 1.316456e-02) 
arc 420 421 (1.237437e-04 1.237437e-04 1.316456e-02) 
arc 421 422 (-1.237437e-04 1.237437e-04 1.316456e-02) 
arc 422 423 (-1.237437e-04 -1.237437e-04 1.316456e-02) 
arc 423 420 (1.237437e-04 -1.237437e-04 1.316456e-02) 
arc 424 425 (1.767767e-04 1.767767e-04 1.341772e-02) 
arc 425 426 (-1.767767e-04 1.767767e-04 1.341772e-02) 
arc 426 427 (-1.767767e-04 -1.767767e-04 1.341772e-02) 
arc 427 424 (1.767767e-04 -1.767767e-04 1.341772e-02) 
arc 428 429 (1.237437e-04 1.237437e-04 1.341772e-02) 
arc 429 430 (-1.237437e-04 1.237437e-04 1.341772e-02) 
arc 430 431 (-1.237437e-04 -1.237437e-04 1.341772e-02) 
arc 431 428 (1.237437e-04 -1.237437e-04 1.341772e-02) 
arc 432 433 (1.767767e-04 1.767767e-04 1.367089e-02) 
arc 433 434 (-1.767767e-04 1.767767e-04 1.367089e-02) 
arc 434 435 (-1.767767e-04 -1.767767e-04 1.367089e-02) 
arc 435 432 (1.767767e-04 -1.767767e-04 1.367089e-02) 
arc 436 437 (1.237437e-04 1.237437e-04 1.367089e-02) 
arc 437 438 (-1.237437e-04 1.237437e-04 1.367089e-02) 
arc 438 439 (-1.237437e-04 -1.237437e-04 1.367089e-02) 
arc 439 436 (1.237437e-04 -1.237437e-04 1.367089e-02) 
arc 440 441 (1.767767e-04 1.767767e-04 1.392405e-02) 
arc 441 442 (-1.767767e-04 1.767767e-04 1.392405e-02) 
arc 442 443 (-1.767767e-04 -1.767767e-04 1.392405e-02) 
arc 443 440 (1.767767e-04 -1.767767e-04 1.392405e-02) 
arc 444 445 (1.237437e-04 1.237437e-04 1.392405e-02) 
arc 445 446 (-1.237437e-04 1.237437e-04 1.392405e-02) 
arc 446 447 (-1.237437e-04 -1.237437e-04 1.392405e-02) 
arc 447 444 (1.237437e-04 -1.237437e-04 1.392405e-02) 
arc 448 449 (1.767767e-04 1.767767e-04 1.417722e-02) 
arc 449 450 (-1.767767e-04 1.767767e-04 1.417722e-02) 
arc 450 451 (-1.767767e-04 -1.767767e-04 1.417722e-02) 
arc 451 448 (1.767767e-04 -1.767767e-04 1.417722e-02) 
arc 452 453 (1.237437e-04 1.237437e-04 1.417722e-02) 
arc 453 454 (-1.237437e-04 1.237437e-04 1.417722e-02) 
arc 454 455 (-1.237437e-04 -1.237437e-04 1.417722e-02) 
arc 455 452 (1.237437e-04 -1.237437e-04 1.417722e-02) 
arc 456 457 (1.767767e-04 1.767767e-04 1.443038e-02) 
arc 457 458 (-1.767767e-04 1.767767e-04 1.443038e-02) 
arc 458 459 (-1.767767e-04 -1.767767e-04 1.443038e-02) 
arc 459 456 (1.767767e-04 -1.767767e-04 1.443038e-02) 
arc 460 461 (1.237437e-04 1.237437e-04 1.443038e-02) 
arc 461 462 (-1.237437e-04 1.237437e-04 1.443038e-02) 
arc 462 463 (-1.237437e-04 -1.237437e-04 1.443038e-02) 
arc 463 460 (1.237437e-04 -1.237437e-04 1.443038e-02) 
arc 464 465 (1.767767e-04 1.767767e-04 1.468354e-02) 
arc 465 466 (-1.767767e-04 1.767767e-04 1.468354e-02) 
arc 466 467 (-1.767767e-04 -1.767767e-04 1.468354e-02) 
arc 467 464 (1.767767e-04 -1.767767e-04 1.468354e-02) 
arc 468 469 (1.237437e-04 1.237437e-04 1.468354e-02) 
arc 469 470 (-1.237437e-04 1.237437e-04 1.468354e-02) 
arc 470 471 (-1.237437e-04 -1.237437e-04 1.468354e-02) 
arc 471 468 (1.237437e-04 -1.237437e-04 1.468354e-02) 
arc 472 473 (1.767767e-04 1.767767e-04 1.493671e-02) 
arc 473 474 (-1.767767e-04 1.767767e-04 1.493671e-02) 
arc 474 475 (-1.767767e-04 -1.767767e-04 1.493671e-02) 
arc 475 472 (1.767767e-04 -1.767767e-04 1.493671e-02) 
arc 476 477 (1.237437e-04 1.237437e-04 1.493671e-02) 
arc 477 478 (-1.237437e-04 1.237437e-04 1.493671e-02) 
arc 478 479 (-1.237437e-04 -1.237437e-04 1.493671e-02) 
arc 479 476 (1.237437e-04 -1.237437e-04 1.493671e-02) 
arc 480 481 (1.767767e-04 1.767767e-04 1.518987e-02) 
arc 481 482 (-1.767767e-04 1.767767e-04 1.518987e-02) 
arc 482 483 (-1.767767e-04 -1.767767e-04 1.518987e-02) 
arc 483 480 (1.767767e-04 -1.767767e-04 1.518987e-02) 
arc 484 485 (1.237437e-04 1.237437e-04 1.518987e-02) 
arc 485 486 (-1.237437e-04 1.237437e-04 1.518987e-02) 
arc 486 487 (-1.237437e-04 -1.237437e-04 1.518987e-02) 
arc 487 484 (1.237437e-04 -1.237437e-04 1.518987e-02) 
arc 488 489 (1.767767e-04 1.767767e-04 1.544304e-02) 
arc 489 490 (-1.767767e-04 1.767767e-04 1.544304e-02) 
arc 490 491 (-1.767767e-04 -1.767767e-04 1.544304e-02) 
arc 491 488 (1.767767e-04 -1.767767e-04 1.544304e-02) 
arc 492 493 (1.237437e-04 1.237437e-04 1.544304e-02) 
arc 493 494 (-1.237437e-04 1.237437e-04 1.544304e-02) 
arc 494 495 (-1.237437e-04 -1.237437e-04 1.544304e-02) 
arc 495 492 (1.237437e-04 -1.237437e-04 1.544304e-02) 
arc 496 497 (1.767767e-04 1.767767e-04 1.569620e-02) 
arc 497 498 (-1.767767e-04 1.767767e-04 1.569620e-02) 
arc 498 499 (-1.767767e-04 -1.767767e-04 1.569620e-02) 
arc 499 496 (1.767767e-04 -1.767767e-04 1.569620e-02) 
arc 500 501 (1.237437e-04 1.237437e-04 1.569620e-02) 
arc 501 502 (-1.237437e-04 1.237437e-04 1.569620e-02) 
arc 502 503 (-1.237437e-04 -1.237437e-04 1.569620e-02) 
arc 503 500 (1.237437e-04 -1.237437e-04 1.569620e-02) 
arc 504 505 (1.767767e-04 1.767767e-04 1.594937e-02) 
arc 505 506 (-1.767767e-04 1.767767e-04 1.594937e-02) 
arc 506 507 (-1.767767e-04 -1.767767e-04 1.594937e-02) 
arc 507 504 (1.767767e-04 -1.767767e-04 1.594937e-02) 
arc 508 509 (1.237437e-04 1.237437e-04 1.594937e-02) 
arc 509 510 (-1.237437e-04 1.237437e-04 1.594937e-02) 
arc 510 511 (-1.237437e-04 -1.237437e-04 1.594937e-02) 
arc 511 508 (1.237437e-04 -1.237437e-04 1.594937e-02) 
arc 512 513 (1.767767e-04 1.767767e-04 1.620253e-02) 
arc 513 514 (-1.767767e-04 1.767767e-04 1.620253e-02) 
arc 514 515 (-1.767767e-04 -1.767767e-04 1.620253e-02) 
arc 515 512 (1.767767e-04 -1.767767e-04 1.620253e-02) 
arc 516 517 (1.237437e-04 1.237437e-04 1.620253e-02) 
arc 517 518 (-1.237437e-04 1.237437e-04 1.620253e-02) 
arc 518 519 (-1.237437e-04 -1.237437e-04 1.620253e-02) 
arc 519 516 (1.237437e-04 -1.237437e-04 1.620253e-02) 
arc 520 521 (1.767767e-04 1.767767e-04 1.645570e-02) 
arc 521 522 (-1.767767e-04 1.767767e-04 1.645570e-02) 
arc 522 523 (-1.767767e-04 -1.767767e-04 1.645570e-02) 
arc 523 520 (1.767767e-04 -1.767767e-04 1.645570e-02) 
arc 524 525 (1.237437e-04 1.237437e-04 1.645570e-02) 
arc 525 526 (-1.237437e-04 1.237437e-04 1.645570e-02) 
arc 526 527 (-1.237437e-04 -1.237437e-04 1.645570e-02) 
arc 527 524 (1.237437e-04 -1.237437e-04 1.645570e-02) 
arc 528 529 (1.767767e-04 1.767767e-04 1.670886e-02) 
arc 529 530 (-1.767767e-04 1.767767e-04 1.670886e-02) 
arc 530 531 (-1.767767e-04 -1.767767e-04 1.670886e-02) 
arc 531 528 (1.767767e-04 -1.767767e-04 1.670886e-02) 
arc 532 533 (1.237437e-04 1.237437e-04 1.670886e-02) 
arc 533 534 (-1.237437e-04 1.237437e-04 1.670886e-02) 
arc 534 535 (-1.237437e-04 -1.237437e-04 1.670886e-02) 
arc 535 532 (1.237437e-04 -1.237437e-04 1.670886e-02) 
arc 536 537 (1.767767e-04 1.767767e-04 1.696203e-02) 
arc 537 538 (-1.767767e-04 1.767767e-04 1.696203e-02) 
arc 538 539 (-1.767767e-04 -1.767767e-04 1.696203e-02) 
arc 539 536 (1.767767e-04 -1.767767e-04 1.696203e-02) 
arc 540 541 (1.237437e-04 1.237437e-04 1.696203e-02) 
arc 541 542 (-1.237437e-04 1.237437e-04 1.696203e-02) 
arc 542 543 (-1.237437e-04 -1.237437e-04 1.696203e-02) 
arc 543 540 (1.237437e-04 -1.237437e-04 1.696203e-02) 
arc 544 545 (1.767767e-04 1.767767e-04 1.721519e-02) 
arc 545 546 (-1.767767e-04 1.767767e-04 1.721519e-02) 
arc 546 547 (-1.767767e-04 -1.767767e-04 1.721519e-02) 
arc 547 544 (1.767767e-04 -1.767767e-04 1.721519e-02) 
arc 548 549 (1.237437e-04 1.237437e-04 1.721519e-02) 
arc 549 550 (-1.237437e-04 1.237437e-04 1.721519e-02) 
arc 550 551 (-1.237437e-04 -1.237437e-04 1.721519e-02) 
arc 551 548 (1.237437e-04 -1.237437e-04 1.721519e-02) 
arc 552 553 (1.767767e-04 1.767767e-04 1.746835e-02) 
arc 553 554 (-1.767767e-04 1.767767e-04 1.746835e-02) 
arc 554 555 (-1.767767e-04 -1.767767e-04 1.746835e-02) 
arc 555 552 (1.767767e-04 -1.767767e-04 1.746835e-02) 
arc 556 557 (1.237437e-04 1.237437e-04 1.746835e-02) 
arc 557 558 (-1.237437e-04 1.237437e-04 1.746835e-02) 
arc 558 559 (-1.237437e-04 -1.237437e-04 1.746835e-02) 
arc 559 556 (1.237437e-04 -1.237437e-04 1.746835e-02) 
arc 560 561 (1.767767e-04 1.767767e-04 1.772152e-02) 
arc 561 562 (-1.767767e-04 1.767767e-04 1.772152e-02) 
arc 562 563 (-1.767767e-04 -1.767767e-04 1.772152e-02) 
arc 563 560 (1.767767e-04 -1.767767e-04 1.772152e-02) 
arc 564 565 (1.237437e-04 1.237437e-04 1.772152e-02) 
arc 565 566 (-1.237437e-04 1.237437e-04 1.772152e-02) 
arc 566 567 (-1.237437e-04 -1.237437e-04 1.772152e-02) 
arc 567 564 (1.237437e-04 -1.237437e-04 1.772152e-02) 
arc 568 569 (1.767767e-04 1.767767e-04 1.797468e-02) 
arc 569 570 (-1.767767e-04 1.767767e-04 1.797468e-02) 
arc 570 571 (-1.767767e-04 -1.767767e-04 1.797468e-02) 
arc 571 568 (1.767767e-04 -1.767767e-04 1.797468e-02) 
arc 572 573 (1.237437e-04 1.237437e-04 1.797468e-02) 
arc 573 574 (-1.237437e-04 1.237437e-04 1.797468e-02) 
arc 574 575 (-1.237437e-04 -1.237437e-04 1.797468e-02) 
arc 575 572 (1.237437e-04 -1.237437e-04 1.797468e-02) 
arc 576 577 (1.767767e-04 1.767767e-04 1.822785e-02) 
arc 577 578 (-1.767767e-04 1.767767e-04 1.822785e-02) 
arc 578 579 (-1.767767e-04 -1.767767e-04 1.822785e-02) 
arc 579 576 (1.767767e-04 -1.767767e-04 1.822785e-02) 
arc 580 581 (1.237437e-04 1.237437e-04 1.822785e-02) 
arc 581 582 (-1.237437e-04 1.237437e-04 1.822785e-02) 
arc 582 583 (-1.237437e-04 -1.237437e-04 1.822785e-02) 
arc 583 580 (1.237437e-04 -1.237437e-04 1.822785e-02) 
arc 584 585 (1.767767e-04 1.767767e-04 1.848101e-02) 
arc 585 586 (-1.767767e-04 1.767767e-04 1.848101e-02) 
arc 586 587 (-1.767767e-04 -1.767767e-04 1.848101e-02) 
arc 587 584 (1.767767e-04 -1.767767e-04 1.848101e-02) 
arc 588 589 (1.237437e-04 1.237437e-04 1.848101e-02) 
arc 589 590 (-1.237437e-04 1.237437e-04 1.848101e-02) 
arc 590 591 (-1.237437e-04 -1.237437e-04 1.848101e-02) 
arc 591 588 (1.237437e-04 -1.237437e-04 1.848101e-02) 
arc 592 593 (1.767767e-04 1.767767e-04 1.873418e-02) 
arc 593 594 (-1.767767e-04 1.767767e-04 1.873418e-02) 
arc 594 595 (-1.767767e-04 -1.767767e-04 1.873418e-02) 
arc 595 592 (1.767767e-04 -1.767767e-04 1.873418e-02) 
arc 596 597 (1.237437e-04 1.237437e-04 1.873418e-02) 
arc 597 598 (-1.237437e-04 1.237437e-04 1.873418e-02) 
arc 598 599 (-1.237437e-04 -1.237437e-04 1.873418e-02) 
arc 599 596 (1.237437e-04 -1.237437e-04 1.873418e-02) 
arc 600 601 (1.767767e-04 1.767767e-04 1.898734e-02) 
arc 601 602 (-1.767767e-04 1.767767e-04 1.898734e-02) 
arc 602 603 (-1.767767e-04 -1.767767e-04 1.898734e-02) 
arc 603 600 (1.767767e-04 -1.767767e-04 1.898734e-02) 
arc 604 605 (1.237437e-04 1.237437e-04 1.898734e-02) 
arc 605 606 (-1.237437e-04 1.237437e-04 1.898734e-02) 
arc 606 607 (-1.237437e-04 -1.237437e-04 1.898734e-02) 
arc 607 604 (1.237437e-04 -1.237437e-04 1.898734e-02) 
arc 608 609 (1.767767e-04 1.767767e-04 1.924051e-02) 
arc 609 610 (-1.767767e-04 1.767767e-04 1.924051e-02) 
arc 610 611 (-1.767767e-04 -1.767767e-04 1.924051e-02) 
arc 611 608 (1.767767e-04 -1.767767e-04 1.924051e-02) 
arc 612 613 (1.237437e-04 1.237437e-04 1.924051e-02) 
arc 613 614 (-1.237437e-04 1.237437e-04 1.924051e-02) 
arc 614 615 (-1.237437e-04 -1.237437e-04 1.924051e-02) 
arc 615 612 (1.237437e-04 -1.237437e-04 1.924051e-02) 
arc 616 617 (1.767767e-04 1.767767e-04 1.949367e-02) 
arc 617 618 (-1.767767e-04 1.767767e-04 1.949367e-02) 
arc 618 619 (-1.767767e-04 -1.767767e-04 1.949367e-02) 
arc 619 616 (1.767767e-04 -1.767767e-04 1.949367e-02) 
arc 620 621 (1.237437e-04 1.237437e-04 1.949367e-02) 
arc 621 622 (-1.237437e-04 1.237437e-04 1.949367e-02) 
arc 622 623 (-1.237437e-04 -1.237437e-04 1.949367e-02) 
arc 623 620 (1.237437e-04 -1.237437e-04 1.949367e-02) 
arc 624 625 (1.767767e-04 1.767767e-04 1.974684e-02) 
arc 625 626 (-1.767767e-04 1.767767e-04 1.974684e-02) 
arc 626 627 (-1.767767e-04 -1.767767e-04 1.974684e-02) 
arc 627 624 (1.767767e-04 -1.767767e-04 1.974684e-02) 
arc 628 629 (1.237437e-04 1.237437e-04 1.974684e-02) 
arc 629 630 (-1.237437e-04 1.237437e-04 1.974684e-02) 
arc 630 631 (-1.237437e-04 -1.237437e-04 1.974684e-02) 
arc 631 628 (1.237437e-04 -1.237437e-04 1.974684e-02) 
arc 632 633 (1.767767e-04 1.767767e-04 2.000000e-02) 
arc 633 634 (-1.767767e-04 1.767767e-04 2.000000e-02) 
arc 634 635 (-1.767767e-04 -1.767767e-04 2.000000e-02) 
arc 635 632 (1.767767e-04 -1.767767e-04 2.000000e-02) 
arc 636 637 (1.237437e-04 1.237437e-04 2.000000e-02) 
arc 637 638 (-1.237437e-04 1.237437e-04 2.000000e-02) 
arc 638 639 (-1.237437e-04 -1.237437e-04 2.000000e-02) 
arc 639 636 (1.237437e-04 -1.237437e-04 2.000000e-02) 
);

boundary
(
inlet
{
type patch;
faces
(
    (0 1 5 4)
    (1 2 6 5)
    (2 3 7 6)
    (3 0 4 7)
    (4 5 6 7)
);
}
outlet
{
type patch;
faces
(
    (632 633 637 636)
    (633 634 638 637)
    (634 635 639 638)
    (635 632 636 639)
    (636 637 638 639)
);
}
surface
{
type wall;
faces
(
    (0 1 9 8)
    (1 2 10 9)
    (2 3 11 10)
    (3 0 8 11)
    (8 9 17 16)
    (9 10 18 17)
    (10 11 19 18)
    (11 8 16 19)
    (16 17 25 24)
    (17 18 26 25)
    (18 19 27 26)
    (19 16 24 27)
    (24 25 33 32)
    (25 26 34 33)
    (26 27 35 34)
    (27 24 32 35)
    (32 33 41 40)
    (33 34 42 41)
    (34 35 43 42)
    (35 32 40 43)
    (40 41 49 48)
    (41 42 50 49)
    (42 43 51 50)
    (43 40 48 51)
    (48 49 57 56)
    (49 50 58 57)
    (50 51 59 58)
    (51 48 56 59)
    (56 57 65 64)
    (57 58 66 65)
    (58 59 67 66)
    (59 56 64 67)
    (64 65 73 72)
    (65 66 74 73)
    (66 67 75 74)
    (67 64 72 75)
    (72 73 81 80)
    (73 74 82 81)
    (74 75 83 82)
    (75 72 80 83)
    (80 81 89 88)
    (81 82 90 89)
    (82 83 91 90)
    (83 80 88 91)
    (88 89 97 96)
    (89 90 98 97)
    (90 91 99 98)
    (91 88 96 99)
    (96 97 105 104)
    (97 98 106 105)
    (98 99 107 106)
    (99 96 104 107)
    (104 105 113 112)
    (105 106 114 113)
    (106 107 115 114)
    (107 104 112 115)
    (112 113 121 120)
    (113 114 122 121)
    (114 115 123 122)
    (115 112 120 123)
    (120 121 129 128)
    (121 122 130 129)
    (122 123 131 130)
    (123 120 128 131)
    (128 129 137 136)
    (129 130 138 137)
    (130 131 139 138)
    (131 128 136 139)
    (136 137 145 144)
    (137 138 146 145)
    (138 139 147 146)
    (139 136 144 147)
    (144 145 153 152)
    (145 146 154 153)
    (146 147 155 154)
    (147 144 152 155)
    (152 153 161 160)
    (153 154 162 161)
    (154 155 163 162)
    (155 152 160 163)
    (160 161 169 168)
    (161 162 170 169)
    (162 163 171 170)
    (163 160 168 171)
    (168 169 177 176)
    (169 170 178 177)
    (170 171 179 178)
    (171 168 176 179)
    (176 177 185 184)
    (177 178 186 185)
    (178 179 187 186)
    (179 176 184 187)
    (184 185 193 192)
    (185 186 194 193)
    (186 187 195 194)
    (187 184 192 195)
    (192 193 201 200)
    (193 194 202 201)
    (194 195 203 202)
    (195 192 200 203)
    (200 201 209 208)
    (201 202 210 209)
    (202 203 211 210)
    (203 200 208 211)
    (208 209 217 216)
    (209 210 218 217)
    (210 211 219 218)
    (211 208 216 219)
    (216 217 225 224)
    (217 218 226 225)
    (218 219 227 226)
    (219 216 224 227)
    (224 225 233 232)
    (225 226 234 233)
    (226 227 235 234)
    (227 224 232 235)
    (232 233 241 240)
    (233 234 242 241)
    (234 235 243 242)
    (235 232 240 243)
    (240 241 249 248)
    (241 242 250 249)
    (242 243 251 250)
    (243 240 248 251)
    (248 249 257 256)
    (249 250 258 257)
    (250 251 259 258)
    (251 248 256 259)
    (256 257 265 264)
    (257 258 266 265)
    (258 259 267 266)
    (259 256 264 267)
    (264 265 273 272)
    (265 266 274 273)
    (266 267 275 274)
    (267 264 272 275)
    (272 273 281 280)
    (273 274 282 281)
    (274 275 283 282)
    (275 272 280 283)
    (280 281 289 288)
    (281 282 290 289)
    (282 283 291 290)
    (283 280 288 291)
    (288 289 297 296)
    (289 290 298 297)
    (290 291 299 298)
    (291 288 296 299)
    (296 297 305 304)
    (297 298 306 305)
    (298 299 307 306)
    (299 296 304 307)
    (304 305 313 312)
    (305 306 314 313)
    (306 307 315 314)
    (307 304 312 315)
    (312 313 321 320)
    (313 314 322 321)
    (314 315 323 322)
    (315 312 320 323)
    (320 321 329 328)
    (321 322 330 329)
    (322 323 331 330)
    (323 320 328 331)
    (328 329 337 336)
    (329 330 338 337)
    (330 331 339 338)
    (331 328 336 339)
    (336 337 345 344)
    (337 338 346 345)
    (338 339 347 346)
    (339 336 344 347)
    (344 345 353 352)
    (345 346 354 353)
    (346 347 355 354)
    (347 344 352 355)
    (352 353 361 360)
    (353 354 362 361)
    (354 355 363 362)
    (355 352 360 363)
    (360 361 369 368)
    (361 362 370 369)
    (362 363 371 370)
    (363 360 368 371)
    (368 369 377 376)
    (369 370 378 377)
    (370 371 379 378)
    (371 368 376 379)
    (376 377 385 384)
    (377 378 386 385)
    (378 379 387 386)
    (379 376 384 387)
    (384 385 393 392)
    (385 386 394 393)
    (386 387 395 394)
    (387 384 392 395)
    (392 393 401 400)
    (393 394 402 401)
    (394 395 403 402)
    (395 392 400 403)
    (400 401 409 408)
    (401 402 410 409)
    (402 403 411 410)
    (403 400 408 411)
    (408 409 417 416)
    (409 410 418 417)
    (410 411 419 418)
    (411 408 416 419)
    (416 417 425 424)
    (417 418 426 425)
    (418 419 427 426)
    (419 416 424 427)
    (424 425 433 432)
    (425 426 434 433)
    (426 427 435 434)
    (427 424 432 435)
    (432 433 441 440)
    (433 434 442 441)
    (434 435 443 442)
    (435 432 440 443)
    (440 441 449 448)
    (441 442 450 449)
    (442 443 451 450)
    (443 440 448 451)
    (448 449 457 456)
    (449 450 458 457)
    (450 451 459 458)
    (451 448 456 459)
    (456 457 465 464)
    (457 458 466 465)
    (458 459 467 466)
    (459 456 464 467)
    (464 465 473 472)
    (465 466 474 473)
    (466 467 475 474)
    (467 464 472 475)
    (472 473 481 480)
    (473 474 482 481)
    (474 475 483 482)
    (475 472 480 483)
    (480 481 489 488)
    (481 482 490 489)
    (482 483 491 490)
    (483 480 488 491)
    (488 489 497 496)
    (489 490 498 497)
    (490 491 499 498)
    (491 488 496 499)
    (496 497 505 504)
    (497 498 506 505)
    (498 499 507 506)
    (499 496 504 507)
    (504 505 513 512)
    (505 506 514 513)
    (506 507 515 514)
    (507 504 512 515)
    (512 513 521 520)
    (513 514 522 521)
    (514 515 523 522)
    (515 512 520 523)
    (520 521 529 528)
    (521 522 530 529)
    (522 523 531 530)
    (523 520 528 531)
    (528 529 537 536)
    (529 530 538 537)
    (530 531 539 538)
    (531 528 536 539)
    (536 537 545 544)
    (537 538 546 545)
    (538 539 547 546)
    (539 536 544 547)
    (544 545 553 552)
    (545 546 554 553)
    (546 547 555 554)
    (547 544 552 555)
    (552 553 561 560)
    (553 554 562 561)
    (554 555 563 562)
    (555 552 560 563)
    (560 561 569 568)
    (561 562 570 569)
    (562 563 571 570)
    (563 560 568 571)
    (568 569 577 576)
    (569 570 578 577)
    (570 571 579 578)
    (571 568 576 579)
    (576 577 585 584)
    (577 578 586 585)
    (578 579 587 586)
    (579 576 584 587)
    (584 585 593 592)
    (585 586 594 593)
    (586 587 595 594)
    (587 584 592 595)
    (592 593 601 600)
    (593 594 602 601)
    (594 595 603 602)
    (595 592 600 603)
    (600 601 609 608)
    (601 602 610 609)
    (602 603 611 610)
    (603 600 608 611)
    (608 609 617 616)
    (609 610 618 617)
    (610 611 619 618)
    (611 608 616 619)
    (616 617 625 624)
    (617 618 626 625)
    (618 619 627 626)
    (619 616 624 627)
    (624 625 633 632)
    (625 626 634 633)
    (626 627 635 634)
    (627 624 632 635)
);
}
);

mergePatchPairs
(
);

